id	sd_product_id	status	description_i18n_status	brand	name	first_missing_segment
3113	10763457	inactive	pending	ジレット	【ジレット】ジレット プログライド エアー5＋1 ホルダー＋替刃6個付き【男性用カミソリ】	tb7e467fce
3114	10763711	inactive	pending	大島椿	【大島椿】大島椿エクセレントトリートメント【ヘアトリートメント】	tfe1585562
3115	10763710	inactive	pending	大島椿	【大島椿】大島椿エクセレントシャンプー【シャンプー】	t0c7786047
3116	10763702	inactive	pending	銀座ステファニー	【銀座ステファニー】リーチ ポップフロス ミント【フロス・歯間ブラシ】	tdef0411d0
3117	10763700	inactive	pending	銀座ステファニー	【銀座ステファニー】リーチふくらむ立体フロス【フロス・歯間ブラシ】	t8be8eb814
3118	10763698	inactive	pending	興和	【興和新薬】バンテリンコーワサポーター腰椎コルセットブラック3L【サポーター】	t4c58cae77
3119	10763697	inactive	pending	興和	【興和新薬】バンテリンコーワリカバリー アームスリーブ コスモブラックS−M【サポーター】	te38b14c71
3120	10763696	inactive	pending	興和	【興和新薬】バンテリンコーワリカバリー アームスリーブ コスモブラックM−L【サポーター】	te38b14c71
3121	10763695	inactive	pending	興和	【興和新薬】バンテリンコーワリカバリー アームスリーブ アッシュグレーS−M【サポーター】	te38b14c71
3122	10763694	inactive	pending	興和	【興和新薬】バンテリンコーワリカバリー アームスリーブ アッシュグレーM−L【サポーター】	te38b14c71
3123	10763678	inactive	pending	牛乳石鹸共進社	【牛乳石鹸共進社】カウブランド 無添加 泡の洗顔料 ポンプ付【洗顔・クレンジング】	tcea524537
3124	10763674	inactive	pending	明色化粧品	【明色化粧品】美顔薬用洗顔フォーム【洗顔・クレンジング】	t45b821280
3125	10763673	inactive	pending	明色化粧品	【明色化粧品】ケアナボーテ洗顔前の毛穴づまり落とし【洗顔・クレンジング】	tee7c2576d
3126	10763645	inactive	pending	牛乳石鹸共進社	【牛乳石鹸共進社】カウブランド 青箱【石鹸】	tf9c0af182
3127	10763643	inactive	pending	牛乳石鹸共進社	【牛乳石鹸共進社】カウブランド 青箱【石鹸】	tf9c0af182
3128	10763641	inactive	pending	牛乳石鹸共進社	【牛乳石鹸共進社】カウブランド 無添加 泡の洗顔料 詰替え【洗顔・クレンジング】	t0aae053d4
3129	10763640	inactive	pending	牛乳石鹸共進社	【販売終了】【牛乳石鹸共進社】バウンシアボディソープ プレミアムモイスト つめかえ用【ボディソープ】	t964181170
3130	10763638	inactive	pending	明色化粧品	【明色化粧品】ケアナボーテ毛穴肌ひきしめ化粧水【化粧水・ローション】	t5d3b60dc7
3131	10763637	inactive	pending	明色化粧品	【明色化粧品】ケアナボ−テVC10 濃美容液【化粧品】	t289ddeda6
3132	10763625	inactive	pending	ダリヤ	【ダリヤ】サロンドプロ 無香料ヘアカラー 早染め乳液（白髪用） 3A＜明るいアッシュブラウン＞	tcf55a0551
3133	10763622	inactive	pending	ダリヤ	【ダリヤ】サロンドプロ 無香料ヘアカラー 早染めクリーム（白髪用）3A＜明るいアッシュブラウン＞	t96bc6f52a
3134	10763621	inactive	pending	ダリヤ	【ダリヤ】サロンドプロ 泡のヘアカラー・エクストラリッチ（白髪用）3A＜明るいアッシュブラウン＞	ta4a675fae
3135	10763592	inactive	pending	ホーユー	【ホーユー】シエロ カラートリートメント リタッチ用 ナチュラルブラウン【ヘアカラー・白髪用】	te3dc64ebb
3136	10763591	inactive	pending	ホーユー	【ホーユー】シエロ カラートリートメント リタッチ用 ダークブラウン【ヘアカラー・白髪用】	te3dc64ebb
3137	10763590	inactive	pending	ホーユー	【ホーユー】シエロ カラートリートメント 全体用 ナチュラルブラウン【ヘアカラー・白髪用】	te3dc64ebb
3138	10763589	inactive	pending	ホーユー	【ホーユー】シエロ カラートリートメント 全体用 ダークブラウン【ヘアカラー・白髪用】	te3dc64ebb
3139	10763587	inactive	pending	ホーユー	【ホーユー】ビゲン グレイスタイル グレイケアトリートメント つやめきラベンダー	t63c23406c
3140	10763582	inactive	pending	ホーユー	【ホーユー】ビゲン グレイスタイル グレイケアトリートメント つやめきシルバー【ヘアカラー・白髪用】	t63c23406c
3141	10763581	inactive	pending	ヘンケルジャパン	【ヘンケルジャパン】サイオス ヘアカラー クリーム 6N ディープブラウン【ヘアカラー・白髪用】	t342f0c1e6
3142	10763580	inactive	pending	ヘンケルジャパン	【ヘンケルジャパン】サイオス カラージェニック ミルキーヘアカラー MI03 メタルインディゴ	t7c6415996
3143	10763578	inactive	pending	ヘンケルジャパン	【ヘンケルジャパン】got2b トーニングカラーシャンプー【ヘアカラー・黒髪用】	t03c752d72
3144	10763573	inactive	pending	ヘンケルジャパン	【ヘンケルジャパン】got2b ボンディング・カラーマスク プラチナシルバー【ヘアカラー・黒髪用】	t8c16f1f0b
3145	10763571	inactive	pending	ヘンケルジャパン	【ヘンケルジャパン】got2b ボンディング・カラーマスク エキゾチックルージュ	t2494203b0
3146	10763566	inactive	pending	デンタルプロ	【デンタルプロ】デンタルプロやさしいテープフロス18入什器セット【フロス・歯間ブラシ】	t096fcc537
3147	10763551	inactive	pending	デンタルプロ	【デンタルプロ】デンタルプロやさしいテープフロス【フロス・歯間ブラシ】	tf595281c6
3148	10763536	inactive	pending	サラヤ	【サラヤ】うがい薬 コロロ【マウスウォッシュ】	t297a54ca1
3149	10763535	inactive	pending	サラヤ	【サラヤ】うがい薬コロロ【マウスウォッシュ】	t1d9922976
3150	10763534	inactive	pending	サラヤ	【サラヤ】アラウベビー 泡全身ソープ 詰替【ボディソープ】	t713d8f590
3151	10763533	inactive	pending	サラヤ	【サラヤ】アラウベビー 泡全身ソープ 詰替【ボディソープ】	t38f7b5827
3152	10763532	inactive	pending	サラヤ	【サラヤ】アラウベビー 泡全身ソープ【ボディソープ】	t124391720
3153	10763529	inactive	pending	サラヤ	【サラヤ】アラウベビー 泡全身ソープ しっとり 詰替【ボディソープ】	t0c0c445df
3154	10763528	inactive	pending	サラヤ	【サラヤ】アラウベビー 泡全身ソープ しっとり 詰替【ボディソープ】	t1b08e55bd
3155	10763527	inactive	pending	サラヤ	【サラヤ】アラウベビー 泡全身ソープ しっとり【ボディソープ】	t982d2c689
3156	10763518	inactive	pending	コーセーコスメポート	【コーセーコスメポート】クリアターン 毛穴小町 ブラックピールオフパック【化粧品】	tec6366da9
3157	10763517	inactive	pending	コーセーコスメポート	【コーセーコスメポート】クリアターン 毛穴小町 イエローピールオフパック【化粧品】	t8c13940d4
3158	10763512	inactive	pending	Haleonジャパン株式会社	シュミテクト コンプリートワンEXプレミアム ナチュラルミント〈1450ppm〉	t28bf7a3e0
3159	10765827	inactive	pending	コスメステーション	【コスメステーション】恵肌小町あぶらとり紙 炭【あぶらとり紙】	t3bb3f161b
3160	10765826	inactive	pending	コスメステーション	【コスメステーション】恵肌小町あぶらとり紙 シルク【あぶらとり紙】	t3bb3f161b
3161	10765825	inactive	pending	コスメステーション	【コスメステーション】恵肌小町あぶらとり紙 金【あぶらとり紙】	t3bb3f161b
3162	10765823	inactive	pending	コスメステーション	【コスメステーション】MASSE薬用泡ハンドソープ詰替【ハンドソープ】	tf3024c9c2
3163	10771969	inactive	pending	ハリマ共和物産	【花王】ハンドスキッシュEXつけかえ用業務用【ハンドソープ】	tb6a54e996
3164	10771964	inactive	pending	ハリマ共和物産	【花王】ハンドスキッシュEX本体ロングノズル業務用【ハンドソープ】	tb6a54e996
3165	10771963	inactive	pending	ハリマ共和物産	【花王】ハンドスキッシュEX本体デザインボトル業務用【ハンドソープ】	tce81381d4
3166	10771962	inactive	pending	ハリマ共和物産	【花王】ハンドスキッシュEXスプレー業務用【ハンドソープ】	t3568d540e
3167	10771961	inactive	pending	ハリマ共和物産	【花王】ハンドスキッシュEX本体ショートノズル業務用【ハンドソープ】	tb6a54e996
3168	10771960	inactive	pending	ハリマ共和物産	【花王】ハンドスキッシュEX業務用【ハンドソープ】	tb6a54e996
3169	10771959	inactive	pending	ハリマ共和物産	【花王】ハンドスキッシュアルコール消毒剤業務用【ハンドソープ】	t5a36282f8
3170	10771958	inactive	pending	ハリマ共和物産	【花王】ハンドスキッシュアルコール消毒剤業務用【ハンドソープ】	tae44415ca
3171	10771904	inactive	pending	ハリマ共和物産	【花王】クリーン＆クリーンF1薬用ハンドウォッシュ業務用【ハンドソープ】	t559aa8690
3172	10771903	inactive	pending	ハリマ共和物産	【花王】クリーン＆クリーンF1薬用ハンドウォッシュ業務用【ハンドソープ】	t559aa8690
3173	10771896	inactive	pending	ハリマ共和物産	【花王】フィエスタ洗顔・手洗いフォーム業務用【ハンドソープ】	t285a9fbc2
3174	10771895	inactive	pending	ハリマ共和物産	【花王】フィエスタ洗顔・手洗いフォーム業務用【ハンドソープ】	t285a9fbc2
3175	10771893	inactive	pending	ハリマ共和物産	【花王】クリーン＆クリーンX7薬用ハンドウォッシュ業務用【ハンドソープ】	t867d11ec3
3176	10771892	inactive	pending	ハリマ共和物産	【花王】クリーン＆クリーンX7薬用ハンドウォッシュ業務用【ハンドソープ】	t867d11ec3
3177	10771849	inactive	pending	ハリマ共和物産	【花王】KAO薬用ハンドソープ業務用【ハンドソープ】	t61f74de97
3178	10771848	inactive	pending	ハリマ共和物産	【花王】KAO薬用ハンドソープ業務用【ハンドソープ】	t61f74de97
3179	10771999	inactive	pending	ハリマ共和物産	【花王】リズミィシャンプー業務用【シャンプー】	tff05d2edb
3180	10771987	inactive	pending	ハリマ共和物産	【花王】リズミィリンスインシャンプー業務用【シャンプー】	ted529a4fa
3181	10771986	inactive	pending	ハリマ共和物産	【花王】リズミィリンス業務用【コンディショナー・リンス】	taf4d2f730
3182	10771945	inactive	pending	ハリマ共和物産	【花王】フィエスタピュアシャインボディウォッシュ業務用【ボディソープ】	tc18de2760
3183	10771944	inactive	pending	ハリマ共和物産	【花王】フィエスタピュアシャインリンスインシャンプー業務用【シャンプー】	tfdb969bde
3184	10771927	inactive	pending	ハリマ共和物産	【花王】フィエスタフェイスローション業務用【化粧水・ローション】	t36e207ad9
3185	10771925	inactive	pending	ハリマ共和物産	【花王】ラビューティうるおいボディソープ業務用【ボディソープ】	t8e154b2f5
3186	10771923	inactive	pending	ハリマ共和物産	【花王】フィエスタヘアスタイリングウォーター業務用【スタイリング】	te4b321725
3187	10771917	inactive	pending	ハリマ共和物産	【花王】CUEキューリンスインシャンプー業務用【シャンプー】	ta07fd95ca
3188	10771898	inactive	pending	ハリマ共和物産	【花王】フィエスタピュアシャインシャンプー業務用【シャンプー】	t11fc1fc85
3189	10771897	inactive	pending	ハリマ共和物産	【花王】フィエスタピュアシャインコンディショナー業務用【コンディショナー・リンス】	t509e7db8a
3190	10771889	inactive	pending	ハリマ共和物産	【花王】CUEキューボディウォッシュ業務用【ボディソープ】	t8edb5dca3
3191	10771885	inactive	pending	ハリマ共和物産	【花王】フィエスタクレンジングウォッシュ業務用【メイク落とし・クレンジング】	t00cfd6702
3192	10771868	inactive	pending	ハリマ共和物産	【花王】CUEキューシャンプー業務用【シャンプー】	t6073021fb
3193	10771841	inactive	pending	ハリマ共和物産	【花王】ラビューティうるおいヘアコンディショナー業務用【コンディショナー・リンス】	tcd4defb99
3194	10771840	inactive	pending	ハリマ共和物産	【花王】リズミィボディウォッシュ業務用【ボディソープ】	t8f18ea907
3195	10771838	inactive	pending	ハリマ共和物産	【花王】フィエスタミルキーローション業務用【化粧品】	tdfa40d687
3196	10771837	inactive	pending	ハリマ共和物産	【花王】フィエスタボディウォッシュ業務用【ボディソープ】	t99d0720cb
3197	10771834	inactive	pending	ハリマ共和物産	【花王】ラビューティうるおいシャンプー業務用【シャンプー】	t49126e68e
3198	10771821	inactive	pending	ハリマ共和物産	【花王】花王石鹸業務用【石鹸】	t9df4f47af
3199	10771802	inactive	pending	ハリマ共和物産	【花王】CUEキューコンディショナー業務用【コンディショナー・リンス】	t540ef9a4e
3200	10771763	inactive	pending	ハリマ共和物産	【花王】フィエスタリンスインシャンプー業務用【シャンプー】	t9457e7d61
3201	10771762	inactive	pending	ハリマ共和物産	【花王】フィエスタモイストリンス業務用【コンディショナー・リンス】	t4800f5213
3202	10771761	inactive	pending	ハリマ共和物産	【花王】フィエスタモイストシャンプー業務用【シャンプー】	t862b65442
3203	10771759	inactive	pending	ハリマ共和物産	【花王】フィエスタヘアトニック業務用【育毛剤・養毛剤】	ta573fea05
3204	10771757	inactive	pending	ビオレ	【花王】ビオレU業務用【ボディソープ】	t7f602f8ad
3205	10796426	inactive	pending	銀座ステファニー	【銀座ステファニー】リーチプレミアムキッズホルダー付きはえかわり期用【歯ブラシ】	tefacdcfb4
3206	10796438	inactive	pending	熊野油脂	【熊野油脂】ディブ マヌカハニー 化粧水【化粧水・ローション】	t34260a17f
3207	10796437	inactive	pending	熊野油脂	【熊野油脂】ディブ 炭＆泥 洗顔ジェル【洗顔・クレンジング】	td8ca899cb
3208	10796436	inactive	pending	熊野油脂	【熊野油脂】ディブ 3種のハチミツ ノンシリコン トリートメント 本体【コンディショナー・リンス】	t664c6f7a7
3209	10796435	inactive	pending	熊野油脂	【熊野油脂】ディブ 3種のハチミツ ノンシリコン トリートメント 詰替え【コンディショナー・リンス】	t664c6f7a7
3210	10796434	inactive	pending	熊野油脂	【熊野油脂】ディブ 3種のハチミツ ノンシリコンシャンプー 本体【シャンプー】	t979ebeafa
3211	10796433	inactive	pending	熊野油脂	【熊野油脂】ディブ 3種のハチミツ ノンシリコンシャンプー 詰替え【シャンプー】	t979ebeafa
3212	10796432	inactive	pending	熊野油脂	【熊野油脂】サロンリンク エクストラ コンディショナー 気分ときめく華やかな金木犀の香り	t5f3fe0adb
3213	10796431	inactive	pending	熊野油脂	【熊野油脂】サロンリンク エクストラシャンプー 気分ときめく華やかな金木犀の香り【シャンプー】	t207518eab
3214	10796429	inactive	pending	熊野油脂	【熊野油脂】ディブ マヌカハニー ボディミルク【ボディクリーム・ローション】	t9b7fca3c1
3215	10796428	inactive	pending	熊野油脂	【熊野油脂】ディブ マヌカハニー ジェル ボディウォッシュ 本体【ボディソープ】	tcd2b9c054
3216	10796427	inactive	pending	熊野油脂	【熊野油脂】ディブ マヌカハニー ジェル ボディウォッシュ 詰替え【ボディソープ】	tcd2b9c054
3217	10796415	inactive	pending	ライオン	hadakara ボディソープ 泡で出てくる薬用ピュアマイルドタイプやさしいソープの香り つめかえ用	t04628baa8
3218	10796414	inactive	pending	ライオン	【ライオン】NONIO（ノニオ） プラスホワイトニング デンタルリンス つめかえ用	t5e617737f
3219	10796411	inactive	pending	ユニリーバ	【ユニリーバ】クリア ブルーエナジー 4x スカルプシャンプー つめかえ用【シャンプー】	te427f763a
3220	10796410	inactive	pending	ユニリーバ	【ユニリーバ】クリア ブルーエナジー 4x スカルプコンディショナー つめかえ用	t69b72da79
3221	10796409	inactive	pending	ユニリーバ	【ユニリーバ】クリア ブルーエナジー 4x スカルプコンディショナー ポンプ	t47f5ec256
3222	10796408	inactive	pending	ユニリーバ	【ユニリーバ】クリア ブルーエナジー 4x スカルプシャンプー ポンプ【シャンプー】	tc72bbcec0
3223	10796376	inactive	pending	サンスター	【サンスター】ガム・プラス デンタルペースト ハーブミント 120G【歯磨き】	tbdae9f03a
3224	10796375	inactive	pending	サンスター	【サンスター】ガム・プラスデンタルリンス スッキリ爽やかタイプ900ML【マウスウォッシュ】	t0d6b61274
3225	10796374	inactive	pending	サンスター	【サンスター】ガム・プラスデンタルリンス スッキリ爽やかタイプ450mL【マウスウォッシュ】	t0d6b61274
3226	10796373	inactive	pending	サンスター	【サンスター】ガム・プラス デンタルリンス 低刺激ノンアルコールタイプ 900ML	t34d75b127
3227	10796372	inactive	pending	サンスター	【サンスター】ガム・プラスデンタルペーストリフレッシュミント120G【歯磨き】	t48f303b01
3228	10796371	inactive	pending	サンスター	【サンスター】ガム・プラスデンタルリンス低刺激ノンアルコールタイプ450ML【マウスウォッシュ】	t65be8c835
3230	10806947	inactive	pending	ライオン	【ライオン】Ban（バン）さっぱり感PREMIUMシート パウダーinタイプ クリーンソープの香り	tdeafa3488
3231	10806941	inactive	pending	ライオン	Ban（バン）さっぱり感PREMIUMシート ノンパウダータイプ フレッシュフローラルの香り	taee85b163
3232	10806940	inactive	pending	ライオン	【ライオン】Ban（バン）さっぱり感PREMIUMシート クールタイプ ひんやりフローラルの香り	t4f4a4625f
3233	10806939	inactive	pending	ライオン	【ライオン】Ban（バン）さっぱり感PREMIUMシート クールタイプ ひんやりシトラスの香り	tcdf61f6b1
3234	10806938	inactive	pending	ライオン	【ライオン】Ban（バン）さっぱり感PREMIUMシート クールタイプ ナチュラルソープの香り	tb8ba3472f
3235	10806937	inactive	pending	ライオン	【ライオン】Ban（バン）さっぱり感PREMIUMシート パウダーinタイプ ウォーターリリ—の香り	t7dcbd8938
3236	10815504	inactive	pending	バンダイ	【バンダイ】こどもハブラシ ウルトラヒーロー【歯ブラシ】	td552a99ec
3237	10825975	inactive	pending	ジレット	【ジレット】オーラルB 歯間ワイパー付ブラシ 替えブラシ【歯ブラシ】	t1dcdbe922
3238	10825974	inactive	pending	ジレット	【ジレット】オーラルB すみずみクリーン PRO やわらか【歯ブラシ】	t42c9c9c8c
3239	10825973	inactive	pending	ジレット	【ジレット】オーラルB すみずみクリーン PRO マルチアクション【歯ブラシ】	tb90e6ea80
3240	10825972	inactive	pending	ジレット	【ジレット】オーラルB すみずみクリーン PRO フロス【歯ブラシ】	t0343bff97
3241	10825971	inactive	pending	ジレット	【ジレット】オーラルB すみずみクリーン やわらか【歯ブラシ】	t794781062
3242	10825970	inactive	pending	ジレット	【ジレット】オーラルB すみずみクリーン マルチアクション【歯ブラシ】	t45290ad01
3243	10825969	inactive	pending	ジレット	【ジレット】オーラルB すみずみクリーン フロス【歯ブラシ】	td7502035f
3244	10825927	inactive	pending	貝印	【貝印】GA0110 プレミアムディスポ エコレ【男性用カミソリ】	t74cdac2f2
3245	10825926	inactive	pending	貝印	【貝印】GA0109 紙カミソリ【男性用カミソリ】	t812293820
3246	10826028	inactive	pending	ハリマ共和物産	NISHIKIN BRILLIANT SUHADA クレンジングバーム 天然由来成分100％	t0354cd5cf
3247	10825914	inactive	pending	小林製薬	【小林製薬】糸ようじ スルッと入るタイプ Y字型【フロス・歯間ブラシ】	t93f9a1756
3248	10856058	inactive	pending	ユニ・チャーム	【販売終了】【ユニ・チャーム】シルコットうるうるコットンビタミンCPLUS【コットン】	t1712abc11
3249	10856016	inactive	pending	P＆G	【P＆G】パンテーン マカロンヘアマスク うるつやリッチ【ヘアトリートメント】	ta32479581
3250	10889303	inactive	pending	サンスター	【サンスター】オーラツーミーポータブル【歯ブラシ】	tf1435202f
3251	10889301	inactive	pending	銀座ステファニー	【銀座ステファニー】リーチプレミアムキッズホルダー付きはえかわり期用【歯ブラシ】	tefacdcfb4
3252	10889300	inactive	pending	レキットベンキーザー	【販売終了】【レキットベンキーザー】ミューズノータッチ付替ボトルピーチローズ【ハンドソープ】	tf7a1fc0e3
3253	10889302	inactive	pending	サンスター	【サンスター】オーラツーミー ステインクリアペースト ナチュラルミント 20G【歯磨き】	tb52e104bb
3254	10955705	inactive	pending	ロケット石鹸	【ロケット石鹸】ピーチケアボディウォッシュ詰替用【ボディソープ】	tea8dd5bca
3255	10955704	inactive	pending	ロケット石鹸	【ロケット石鹸】オリエンタルムスクボディソープ詰替用【ボディソープ】	t57ccba7a2
3256	9115821	inactive	pending	ロート製薬	【ロート製薬】肌ラボ 白潤 プレミアム薬用 浸透美白クリーム【化粧品】	t04b9bc92e
3257	11094848	inactive	pending	ファイントゥデイ	【ファイントゥデイ】エージーデオ24 プレミアムデオドラントロールオン（無香性）	tbf5c782f6
3258	11094847	inactive	pending	ファイントゥデイ	【ファイントゥデイ】エージーデオ24 デオドラントロールオンDX 無香性【制汗剤・デオドラント】	t5fb52e90e
3259	11094846	inactive	pending	ファイントゥデイ	【ファイントゥデイ】エージーデオ24 デオドラントロールオンDX（フローラルブーケ）	t5fb52e90e
3260	11094845	inactive	pending	ファイントゥデイ	【ファイントゥデイ】エージーデオ24 デオドラントロールオンDX（フレッシュサボン）	t5fb52e90e
3261	11112261	inactive	pending	バンダイ	【バンダイ】こどもハブラシ ちいかわ【歯ブラシ】	td22a5310f
3262	11112279	inactive	pending	ユニリーバ	【ユニリーバ】ダヴ ビューティクリームバー【石鹸】	t712cba646
3263	11112223	inactive	pending	コーセーコスメポート	サロンスタイル ビオリス ボタニカル シャンプー スムース＆スリーク 詰替え 大容量	t311581b10
3264	11112222	inactive	pending	コーセーコスメポート	サロンスタイル ビオリス ボタニカル シャンプー ディープモイスト 詰替え 大容量	tf02ec37f9
3265	11112221	inactive	pending	コーセーコスメポート	サロンスタイル ビオリス ボタニカル ヘアコンディショナー スムース＆スリーク 詰替 え大容量	td2a3e10a8
3266	11112220	inactive	pending	コーセーコスメポート	サロンスタイル ビオリス ボタニカル ヘアコンディショナー ディープモイスト 詰替え 大容量	t14c8407dd
3267	11125334	inactive	pending	ミニマム	【ミニマム】はらぺこあおむしベビーハピカDBB−5WHA1【歯ブラシ】	t31445cd06
3268	11125314	inactive	pending	マルマン	【マルマン】プロソニックMAX本体 ブルー【歯ブラシ】	tf78ac4324
3269	11125293	inactive	pending	フェザー安全剃刃	【フェザー安全剃刃】ピアニィVL（Vライン用）【女性用カミソリ】	t10315e472
3270	11125171	inactive	pending	クラシエ	【クラシエ】エピラット 脱毛エステ ハニーワックス脱毛【除毛・脱毛剤】	te5dbe57b8
3271	11125169	inactive	pending	クラシエ	【クラシエ】エピラット 脱色クリーム スピーディー【除毛・脱毛剤】	tf916db3b5
3272	11125168	inactive	pending	クラシエ	【クラシエ】エピラット 脱色クリーム 敏感肌用【除毛・脱毛剤】	t2550ef6c8
3273	11125167	inactive	pending	クラシエ	【クラシエ】エピラット 除毛クリーム スピーディー【除毛・脱毛剤】	t007c2bcb3
3274	11125166	inactive	pending	クラシエ	【クラシエ】エピラット 除毛クリーム 敏感肌用【除毛・脱毛剤】	t1c8d6f099
3275	11125125	inactive	pending	アヌシ	【アヌシ】NB−480 ニコイチブラシ【ブラシ】	tedcfc8ea1
3276	11125344	inactive	pending	柳屋本店	【柳屋本店】ネイチャーモードWワックスナチュラルN【スタイリング】	tb97333019
3277	11125342	inactive	pending	柳屋本店	【柳屋本店】ネイチャーモードCワックス グロス N【スタイリング】	t2508784e7
3278	11125339	inactive	pending	明色化粧品	【明色化粧品】薬用リンクルホワイトローション【化粧水・ローション】	tb675b6552
3279	11125338	inactive	pending	明色化粧品	【明色化粧品】薬用リンクルホワイトミルク【化粧品】	t9f4421a32
3280	11125337	inactive	pending	明色化粧品	【明色化粧品】薬用リンクルホワイトクリーム【化粧品】	tc619cc8e8
3281	11125335	inactive	pending	明色化粧品	【販売終了】【明色化粧品】美顔薬用美白美容液ジェル【化粧品】	t9f5bb1c60
3282	11125330	inactive	pending	マンダム	【マンダム】ルシードエル ＃メルティヘアバーム ライト【スタイリング】	t1ecfe7221
3283	11125329	inactive	pending	マンダム	【マンダム】ルシードエル ＃メルティヘアバーム【スタイリング】	tbf9e12a94
3284	11125326	inactive	pending	マンダム	【マンダム】ギャツビー モンスターリフトグリース【スタイリング】	t6b6d9f9cb
3285	11125325	inactive	pending	マンダム	【マンダム】ギャツビー メタラバー ワックス ハード【スタイリング】	t7d5d3b533
3286	11125324	inactive	pending	マンダム	【マンダム】ギャツビー メタラバー バーム スマート【スタイリング】	tf1c7ea93b
3287	11125323	inactive	pending	マンダム	【マンダム】ギャツビー メタラバー バブル パーマスタイルクリエイター【スタイリング】	tb2ed6d67d
3288	11125322	inactive	pending	マンダム	【マンダム】ギャツビー メタラバー ジェル プレイフル【スタイリング】	teab57ea79
3289	11125321	inactive	pending	マンダム	【マンダム】ギャツビー メタラバー グロス ハード【スタイリング】	t07bf35969
3290	11125320	inactive	pending	マンダム	【マンダム】ギャツビー メタラバー クレイ フレックス【スタイリング】	tfa00ebb91
3291	11125316	inactive	pending	マンダム	【マンダム】ギャツビー マイクロスパークリング泡洗顔 ディープブラック【洗顔】	t34a91ccfd
3292	11125313	inactive	pending	マルマン	【マルマン】プロソニックMAX替えブラシ【歯ブラシ】	t90259367c
3293	11125292	inactive	pending	ファイントゥデイ	【ファイントゥデイ】SENKA 専科 パーフェクトホイップ【洗顔・クレンジング】	t949b6ae78
3294	11125291	inactive	pending	ファイントゥデイ	【ファイントゥデイ】SENKA パーフェクトホイップ アクネケア【洗顔・クレンジング】	t53f1eb54d
3295	11125290	inactive	pending	ファイントゥデイ	【ファイントゥデイ】SENKA パーフェクトホイップ ホワイトクレイ【洗顔・クレンジング】	t39cb7fc17
3296	11125289	inactive	pending	ファイントゥデイ	【ファイントゥデイ】SENKA 専科 パーフェクトホイップ スピーディー 詰替え	t84e8bd8c3
3297	11125288	inactive	pending	ファイントゥデイ	【ファイントゥデイ】SENKA パーフェクトホイップ スピーディー【洗顔・クレンジング】	t6b70a21b8
3298	11125287	inactive	pending	ファイントゥデイ	【ファイントゥデイ】SENKA 専科 パーフェクトホイップ コラーゲンin【洗顔・クレンジング】	t56ca32822
3299	11125286	inactive	pending	ファイントゥデイ	【ファイントゥデイ】シーブリーズ フェイス＆ボディシート 無香料【制汗剤・デオドラント】	t47c7e85ce
3300	11125285	inactive	pending	ファイントゥデイ	【ファイントゥデイ】シーブリーズ フェイス＆ボディシート せっけん【制汗剤・デオドラント】	t47c7e85ce
3301	11125284	inactive	pending	ファイントゥデイ	【ファイントゥデイ】シーブリーズ フェイス＆ボディシート ヴァーベナクール【制汗剤・デオドラント】	t47c7e85ce
3302	11125283	inactive	pending	ファイントゥデイ	【ファイントゥデイ】シーブリーズ フェイス＆ボディシート N フレッシュサボン	t47c7e85ce
3303	11125282	inactive	pending	ファイントゥデイ	【ファイントゥデイ】シーブリーズ フェイス＆ボディシート クリアボタニカル【制汗剤・デオドラント】	t47c7e85ce
3304	11125281	inactive	pending	ファイントゥデイ	【ファイントゥデイ】シーブリーズ フェイス＆ボディアイスシート N フローズンミント	t90078fdf4
3305	11125280	inactive	pending	ファイントゥデイ	【ファイントゥデイ】シーブリーズ フェイス＆ボディアイスシート N シトラスシャーベット	t90078fdf4
3306	11125265	inactive	pending	P＆G	【P＆G】パンテーン ディープダメージリペアー ヘアマスク【ヘアトリートメント】	tf6264fdb0
3307	11125264	inactive	pending	P＆G	【P＆G】パンテーン ディープダメージリペアー ヘアオイル【ヘアトリートメント】	tf6264fdb0
3308	11125239	inactive	pending	ダリヤ	【ダリヤ】パルティ ミルクブリーチ ＜ナチュラルトーン＞【ヘアカラー・黒髪用】	tf958164ad
3309	11125238	inactive	pending	ダリヤ	【ダリヤ】パルティ ミルクブリーチ ＜ハイトーン＞【ヘアカラー・黒髪用】	tf958164ad
3311	11125204	inactive	pending	コスメテックスローランド	【コスメテックスローランド】潤素肌 和ハッカクールボディソープ【ボディソープ】	tf6609331d
3312	11125192	inactive	pending	コーセーコスメポート	【コーセーコスメポート】デオカラット 薬用 ボディウォッシュ 本体【ボディソープ】	tc821b703f
3313	11125191	inactive	pending	コーセーコスメポート	【コーセーコスメポート】デオカラット 薬用 ボディウォッシュ 詰替え【ボディソープ】	tc821b703f
3314	11125190	inactive	pending	コーセーコスメポート	【コーセーコスメポート】タイガレイド 薬用 CICA ウォーターミスト【ボディクリーム・ローション】	t84dc3546e
3315	11125189	inactive	pending	コーセーコスメポート	【コーセーコスメポート】タイガレイド 薬用 CICA ウォーターミスト【ボディクリーム・ローション】	t84dc3546e
3316	11125188	inactive	pending	コーセーコスメポート	【コーセーコスメポート】セラミエイド 薬用 フェイス＆ボディウォッシュ 本体【ボディソープ】	t6eec6414b
3317	11125187	inactive	pending	コーセーコスメポート	【コーセーコスメポート】セラミエイド 薬用 フェイス＆ボディウォッシュ 詰替え【ボディソープ】	t6eec6414b
3318	11125185	inactive	pending	コーセーコスメポート	【コーセーコスメポート】クリアターン 毛穴小町 テカリ源治マスク【シートマスク】	tffceb38e4
3319	11125182	inactive	pending	コーセーコスメポート	【コーセーコスメポート】グレイスワン リンクルケア ホワイト モイストエッセンス【化粧品】	te7ed2a70a
3320	11125181	inactive	pending	コーセーコスメポート	【コーセーコスメポート】クリアターン 毛穴小町 テカリ源治 もちもちブラック洗顔	t4fefbcad2
3321	11125180	inactive	pending	コーセーコスメポート	クリアターン 薬用シワ改善 美容液マスク 【シートマスク】	t60b58f5b3
3322	11125163	inactive	pending	牛乳石鹸共進社	【販売終了】【牛乳石鹸共進社】バウンシア ボディソープ エアリーブーケの香り 詰替え【ボディソープ】	t756020e3e
3323	11125160	inactive	pending	加美乃素本舗	【加美乃素本舗】アクセルレーター アイラッシュセラム【メイク】	t154801e42
3324	11125159	inactive	pending	加美乃素本舗	【加美乃素本舗】ヘアアクセルレーターEX シトラススカッシュの香り【育毛剤・養毛剤】	te5fcbf80f
3325	11125154	inactive	pending	近江兄弟社	【近江兄弟社】メンタームザサン トーンアップ UV エッセンス ローズ【UV・日焼け止め】	ta4831f6ed
3326	11125153	inactive	pending	近江兄弟社	【近江兄弟社】メンタームザサン トーンアップ UV エッセンス ラベンダー【UV・日焼け止め】	td9ff65129
3327	11125138	inactive	pending	エビス	【エビス】EP−0132 ゼロプレミアムケアズ リラックス【歯磨き】	t45f28e348
3328	11125137	inactive	pending	エビス	【エビス】EP−0131 ゼロプレミアムケアズ リフレッシュ【歯磨き】	t861738d4f
3329	11125126	inactive	pending	ウテナ	【ウテナ】マッシーニ クイックヘアカバースプレー ソフトセット ブラック【スタイリング】	t2fee50cec
3330	11125075	inactive	pending	常盤薬品	【常盤薬品】サナ リンクルターン 薬用リペア コンセントレートバーム【化粧品】【納期未定】	tbcc03c7d9
3331	11125074	inactive	pending	常盤薬品	【常盤薬品】サナ なめらか本舗 マイクロ純白ミスト化粧水【化粧水・ローション】【納期未定】	t2b9b1d9a5
3332	11125073	inactive	pending	常盤薬品	【常盤薬品】サナ なめらか本舗 マイクロミスト化粧水【化粧水・ローション】【納期未定】	tc49db4efd
3333	11139821	inactive	pending	貝印	【貝印】KAI LEAF2 GA0123【男性用カミソリ】	ta357cc01c
3334	11139820	inactive	pending	貝印	【貝印】GA0122 KAI leaf2【男性用カミソリ】	ta357cc01c
3335	11139819	inactive	pending	貝印	【貝印】GA0115 AUGER アイブローシェイピングレザー【男性用カミソリ】	t2fb122666
3336	11139818	inactive	pending	貝印	【貝印】GA0003 KAI leaf2【男性用カミソリ】	ta357cc01c
3337	11139785	inactive	pending	レキットベンキーザー	【レキットベンキーザー】ミューズノータッチ付替ボトルボタニカル【ハンドソープ】	tb7923f130
3338	11139784	inactive	pending	レキットベンキーザー	【レキットベンキーザー】泡ミューズ ボタニカル メガサイズ 詰替【ハンドソープ】	tb7923f130
3339	11139783	inactive	pending	レキットベンキーザー	【レキットベンキーザー】泡ミューズ ボタニカル 本体【ハンドソープ】	tc40cb1181
3340	11139759	inactive	pending	フマキラー	【フマキラー】ウイルシャット手指用つけかえ用【消毒用アルコール】	tfdb6a27d8
3341	11139758	inactive	pending	フマキラー	【フマキラー】ウイルシャット手指用【消毒用アルコール】	t542b20a14
3342	11139737	inactive	pending	サラヤ	【サラヤ】プライムフォーム フレッシュシトラス 本体【ハンドソープ】	t09a8f6738
3343	11139736	inactive	pending	サラヤ	【サラヤ】プライムフォーム フレッシュシトラス 詰替【ハンドソープ】	t6b0de4bfc
3344	11139735	inactive	pending	サラヤ	【サラヤ】プライムフォーム スイートフローラル 詰替【ハンドソープ】	t6b0de4bfc
3345	11139734	inactive	pending	サラヤ	【サラヤ】プライムフォーム フレッシュシトラス 本体【ハンドソープ】	t799f74a2f
3346	11139733	inactive	pending	サラヤ	【サラヤ】プライムフォーム スイートフローラル 本体【ハンドソープ】	t799f74a2f
3347	11139731	inactive	pending	サラヤ	【サラヤ】シャボネット ササッとすすぎ 詰替【ハンドソープ】	t74fbefad7
3348	11139730	inactive	pending	サラヤ	【サラヤ】シャボネット ササッとすすぎ 本体【ハンドソープ】	t77c7ded43
3349	11139729	inactive	pending	サラヤ	【サラヤ】シャボネットササッとすすぎ 詰替【ハンドソープ】	t7f07e56a9
3350	11139728	inactive	pending	サラヤ	【サラヤ】プライムフォーム スイートフローラル 本体【ハンドソープ】	t09a8f6738
3351	11139713	inactive	pending	コットンラボ	【コットンラボ】2wayコットン 80枚 2個パック【コットン】	tdf5226145
3352	11139712	inactive	pending	コットンラボ	【コットンラボ】コットン・ラボ 2wayコットン【コットン】	tc05ca8e53
3353	11139664	inactive	pending	サラヤ	【販売終了】【サラヤ】ハンドラボ 薬用泡ハンドソープ 詰替用【ハンドソープ】	te1e72dcaa
3354	11139832	inactive	pending	興和	【興和新薬】バンテリンコーワリカバリーカーフスリーブ コスモブラックM【サポーター】	tf7d178e0a
3355	11139831	inactive	pending	興和	【興和新薬】バンテリンコーワリカバリーカーフスリーブ コスモブラックL【サポーター】	tf7d178e0a
3356	11139827	inactive	pending	明色化粧品	【明色化粧品】モイストラボ ルースパウダー〈テカリ防止〉【メイク】	tf310686c9
3357	11139826	inactive	pending	明色化粧品	【明色化粧品】ケアナボーテ毛穴丸洗いスクラブ洗顔【洗顔・クレンジング】	t6a968b8c5
3358	11139817	inactive	pending	ダリヤ	【ダリヤ】サロンドプロ メンズカラーシャンプー スカルプケア ＜ナチュラルブラック＞【化粧品】	tfcfdb416e
3359	11139816	inactive	pending	ダリヤ	【ダリヤ】サロンドプロ メンズカラーシャンプー スカルプケア ＜ダークブラウン＞【化粧品】	tfcfdb416e
3360	11139778	inactive	pending	ユニリーバ	【ユニリーバ】ダヴ ビューティモイスチャー クリーミー泡洗顔料 つめかえ用【洗顔・クレンジング】	ta7db470c7
3361	11139777	inactive	pending	ユニリーバ	【ユニリーバ】ダヴ ニキビケア クリーミー泡洗顔料 つめかえ用【洗顔・クレンジング】	t3ffe22963
3362	11139776	inactive	pending	ユニリーバ	【ユニリーバ】ダヴ ニキビケア クリーミー泡洗顔料【洗顔・クレンジング】	t3ffe22963
3363	11139775	inactive	pending	ユニリーバ	【販売終了】【ユニリーバ】ダヴ ディープピュア クリーミー泡洗顔料 つめかえ用【洗顔・クレンジング】	t02e6836ba
3364	11139771	inactive	pending	ユニリーバ	【ユニリーバ】ダヴ クリアリニュー クリーミー泡洗顔料 つめかえ用【洗顔・クレンジング】	tb7052eb8a
3365	11139770	inactive	pending	ユニリーバ	【ユニリーバ】ダヴ クリアリニュー クリーミー泡洗顔料【洗顔・クレンジング】	t29fd46aeb
3366	11139769	inactive	pending	ユニリーバ	【ユニリーバ】ダヴ ビューティモイスチャー クリーミー泡洗顔料【洗顔・クレンジング】	t29fd46aeb
3367	11139768	inactive	pending	ユニリーバ	【ユニリーバ】ダヴ トラベルセット【ヘアトリートメント】	tab73993b9
3368	11139760	inactive	pending	ホーユー	【ホーユー】ビューティラボ ホイップヘアカラー シルキーグレージュ【ヘアカラー・黒髪用】	t993c10371
3369	11139756	inactive	pending	ジェクス	【ジェクス】チュチュ 薬用ぺろケア【ベビー用品】	t12bdf4079
3370	11139672	inactive	pending	熊野油脂	【熊野油脂】サロンリンク エクストラ トリートメント 気分ときめく華やかな金木犀の香り	t0ff5c3698
3371	11139671	inactive	pending	熊野油脂	【熊野油脂】cyclear ビタミンC 酵素 洗顔【洗顔・クレンジング】	t39f431493
3372	11139670	inactive	pending	熊野油脂	【熊野油脂】cyclear ビタミンC 化粧水【化粧水・ローション】	t6e94b3263
3373	11139669	inactive	pending	熊野油脂	【熊野油脂】cyclear ビタミンC 酵素 泡洗顔【洗顔・クレンジング】	t466b83500
3374	11139829	inactive	pending	柳屋本店	【柳屋本店】YANAGIYA MDスプレー SUH【スタイリング】	tf50b20667
3375	11139815	inactive	pending	ダリヤ	【ダリヤ】クレオディーテ クリアリーカラー （白髪用） ＜ナチュラルベージュ＞【ヘアカラー・白髪用】	t81c8b82c8
3376	11139766	inactive	pending	ホーユー	【ホーユー】ビゲンカラースプレー4【ヘアカラー・白髪用】	tc2011829e
3377	11139765	inactive	pending	ホーユー	【ホーユー】ビューティーン メイクアップカラー マゼンタピンク【ヘアカラー・黒髪用】	t547954624
3378	11139764	inactive	pending	ホーユー	【ホーユー】ビューティーン メイクアップカラー ブルーブラック【ヘアカラー・黒髪用】	t547954624
3379	11139763	inactive	pending	ホーユー	【ホーユー】ビューティーン メイクアップカラー ビビッドオレンジ【ヘアカラー・黒髪用】	t547954624
3380	11139761	inactive	pending	ホーユー	【ホーユー】ビューティラボ ホイップヘアカラー ローズピンク【ヘアカラー・黒髪用】	t993c10371
3381	11139706	inactive	pending	コーセーコスメポート	【コーセーコスメポート】ジュレーム リラックス ミッドナイトリペア ヘアマスク【シャンプー】	td82635b00
3382	11139705	inactive	pending	コーセーコスメポート	【コーセーコスメポート】ジュレーム リラックストリートメント ストレート＆リッチ【シャンプー】	td82635b00
3383	11139704	inactive	pending	コーセーコスメポート	【コーセーコスメポート】ジュレーム リラックストリートメント ストレート＆グロス【シャンプー】	td82635b00
3384	11139703	inactive	pending	コーセーコスメポート	【コーセーコスメポート】ジュレーム リラックストライアルセット ストレート＆リッチ【シャンプー】	td82635b00
3385	11139702	inactive	pending	コーセーコスメポート	【コーセーコスメポート】ジュレーム リラックストライアルセット ストレート＆グロス【シャンプー】	td82635b00
3386	11139701	inactive	pending	コーセーコスメポート	【コーセーコスメポート】ジュレーム リラックスシャンプー ストレート＆リッチ【シャンプー】	td82635b00
3387	11139700	inactive	pending	コーセーコスメポート	【コーセーコスメポート】ジュレーム リラックスシャンプー ストレート＆グロス【シャンプー】	td82635b00
3388	11139699	inactive	pending	コーセーコスメポート	【コーセーコスメポート】ジュレーム リラックス オーバーナイトケア ミルク【シャンプー】	td82635b00
3389	11139698	inactive	pending	コーセーコスメポート	【コーセーコスメポート】ジュレーム リラックストリートメント ストレート＆リッチ 詰替え	td82635b00
3390	11139697	inactive	pending	コーセーコスメポート	【コーセーコスメポート】ジュレーム リラックストリートメント ストレート＆グロス 詰替え	td82635b00
3391	11139696	inactive	pending	コーセーコスメポート	【コーセーコスメポート】ジュレーム リラックスシャンプー ストレート＆リッチ 詰替え【シャンプー】	td82635b00
3392	11139695	inactive	pending	コーセーコスメポート	【コーセーコスメポート】ジュレーム リラックスシャンプー ストレート＆グロス 詰替え【シャンプー】	td82635b00
3393	11139675	inactive	pending	コーセーコスメポート	【コーセーコスメポート】サンカット プロディフェンス ライトアップUV スティック	t6a43a685d
3394	11139674	inactive	pending	熊野油脂	【熊野油脂】四季折々 薬用 柿渋 泡ボディソープ 本体【ボディソープ】	t070b738d8
3395	11139673	inactive	pending	熊野油脂	【熊野油脂】四季折々 薬用 柿渋 泡ボディソープ 詰替え【ボディソープ】	t070b738d8
3396	11139668	inactive	pending	熊野油脂	【熊野油脂】cyclear ビタミンC 酵素 ボディソープ 本体【ボディソープ】	ta2d6dce43
3397	11139667	inactive	pending	熊野油脂	【熊野油脂】cyclear ビタミンC 酵素 ボディソープ 詰替え【ボディソープ】	ta2d6dce43
3398	11182931	inactive	pending	シック(Schick)	【シック(Schick)】クアトロ5チタニウム ホルダー（刃付き＋替刃1コ）【男性用カミソリ】	t3937ff0db
3399	11183062	inactive	pending	黒ばら本舗	【黒ばら本舗】ツバキオイル 薬用シャンプー【シャンプー】	t3c4fa733e
3400	11183061	inactive	pending	黒ばら本舗	【黒ばら本舗】ツバキオイル 薬用コンディショナー【コンディショナー・リンス】	t3c4fa733e
3401	11183058	inactive	pending	ファイントゥデイ	【ファイントゥデイ】ウーノ アクネケア パーフェクションジェル【化粧品】	ta0bdc665d
3402	11183049	inactive	pending	バスクリン	【バスクリン】まるでSPA帰りボディソープ ボトル【ボディソープ】	ta0dbd652a
3403	11183048	inactive	pending	バスクリン	【バスクリン】まるでSPA帰りボディソープ つめかえ用【ボディソープ】	ta0dbd652a
3404	11182933	inactive	pending	シック(Schick)	【シック(Schick)】薬用シェーブガード シェービングフォーム【シェービング】	t41f9c2d14
3405	11182932	inactive	pending	シック(Schick)	【シック(Schick)】薬用 シェーブガード シェービングフォーム トラベル【シェービング】	t7581ad4fd
3406	11182913	inactive	pending	コーセーコスメポート	【コーセーコスメポート】ソフティモ クリアプロ クッションクレンジングオイル	tae061c800
3407	11182911	inactive	pending	クラシエ	【クラシエ】ナイーブ 泡で出てくるボディソープ（うるおいタイプ） ポンプ【ボディソープ】	t10b330ab8
3408	11182910	inactive	pending	クラシエ	【クラシエ】ナイーブ 泡で出てくるボディソープ うるおいタイプ 詰替用【ボディソープ】	t10b330ab8
3409	11182909	inactive	pending	クラシエ	【クラシエ】ナイーブ 泡で出てくるボディソープ（ディープクリア） ポンプ【ボディソープ】	t807f9fec3
3410	11182908	inactive	pending	クラシエ	【クラシエ】ナイーブ 泡で出てくるボディソープ（ディープクリア） 詰替用【ボディソープ】	t807f9fec3
3411	11182907	inactive	pending	クラシエ	【クラシエ】ナイーブ ボディソープ（桃の葉エキス配合）詰替用2回分【ボディソープ】	t366259378
3412	11182906	inactive	pending	クラシエ	【クラシエ】ナイーブ ボディソープ（アロエエキス配合）詰替用2回分【ボディソープ】	t7d514a9ce
3413	11182851	inactive	pending	P＆G	【P＆G】パンテーン マカロンヘアマスク うるさらリッチ お試し1個【ヘアトリートメント】	tf4583c0b8
3414	11182850	inactive	pending	P＆G	【P＆G】パンテーン マカロンヘアマスク うるさらリッチ【ヘアトリートメント】	t5874d7b43
3415	11205376	inactive	pending	銀座ステファニー	【銀座ステファニー】リーチ 1450歯ブラシ やわらかめ【歯ブラシ】	t245c7f4fb
3416	11205375	inactive	pending	銀座ステファニー	【銀座ステファニー】リーチ 1450歯ブラシ ふつう【歯ブラシ】	t813f40569
3417	11205358	inactive	pending	ライオン	【ライオン】電動アシストブラシ 本体【歯ブラシ】	t0a9fe5637
3418	11205357	inactive	pending	ライオン	【ライオン】LION 電動アシストブラシ 付替 システマハグキプラス やわらかめ【歯ブラシ】	t3d0c6c6a4
3419	11205356	inactive	pending	ライオン	【ライオン】LION 電動アシストブラシ 付替 NONIO＋ホワイトニング ふつう【歯ブラシ】	t3356a6c31
3420	11205355	inactive	pending	ライオン	【ライオン】LION 電動アシストブラシ 付替 システマ やわらかめ【歯ブラシ】	tc9db62ff3
3421	11205354	inactive	pending	ライオン	【ライオン】電動アシストブラシ 付替え ふつう【歯ブラシ】	ta0a432d64
3422	11205353	inactive	pending	ライオン	【ライオン】LION 電動アシストブラシ 付替 システマ極上プレミアム ふつう【歯ブラシ】	t42c2f9b08
3423	11205352	inactive	pending	ライオン	【ライオン】LION 電動アシストブラシ 付替 クリニカアドバンテージ コンパクト ふつう	t078701350
3424	11205351	inactive	pending	ライオン	【ライオン】LION 電動アシストブラシ 付替 クリニカアドバンテージ 超コンパクト ふつう	t078701350
3425	11205293	inactive	pending	ジレット	【ジレット】ジレットラボ 角質除去バー搭載 ホルダー【男性用カミソリ】	te947d7983
3426	11205292	inactive	pending	ジレット	【ジレット】ジレットラボ 角質除去バー搭載 替刃【男性用カミソリ】	t47512e583
3427	11205291	inactive	pending	ジレット	【ジレット】ジレットラボ 角質除去バー搭載 替刃【男性用カミソリ】	t47512e583
3428	11205290	inactive	pending	ジレット	【ジレット】ジレットラボ 角質除去バー搭載 ホルダー＋替刃3個付き【男性用カミソリ】	te78b25320
3429	11205374	inactive	pending	銀座ステファニー	【銀座ステファニー】リーチ 1450 ゴム歯間ブラシ【フロス・歯間ブラシ】	tf8ac36008
3430	11205337	inactive	pending	銀座ステファニー	【銀座ステファニー】リーチ デンタルフロス 高濃度フッ素1450シリーズ【フロス・歯間ブラシ】	t1117dcdd8
3431	11205336	inactive	pending	銀座ステファニー	【銀座ステファニー】リーチ 1450歯磨き ホワイトニング【歯磨き】	t9d43e0c1d
3432	11205335	inactive	pending	銀座ステファニー	【銀座ステファニー】リーチ 1450歯磨き 口臭ケア【歯磨き】	ta1e567cfe
3436	11205280	inactive	pending	ウエラジャパン	【HFCプレステージジャパン】ウエラトーン2＋1クリームタイプ9GM【ヘアカラー・白髪用】	tb909b4e38
3437	11205279	inactive	pending	ウエラジャパン	【HFCプレステージジャパン】ウエラトーン2＋1クリームタイプ9CB【ヘアカラー・白髪用】	tb909b4e38
3438	11221441	inactive	pending	大島椿	【大島椿】大島椿 椿油100％【スタイリング】	tfb2bf4bc7
3439	11221440	inactive	pending	大島椿	【大島椿】大島椿 椿油100％【スタイリング】	tfb2bf4bc7
3440	11221408	inactive	pending	ユニリーバ	【ユニリーバ】ダヴ 吸着毛穴ケア 洗顔ジェル【洗顔・クレンジング】	t6424351a2
3441	11221406	inactive	pending	コーセーコスメポート	【コーセーコスメポート】クリアターン ごめんね素肌 キニシナイパッチ【化粧品】	t153a414d8
3442	11221405	inactive	pending	コーセーコスメポート	【コーセーコスメポート】クリアターン ごめんね素肌 キニナル フェイスマスク【シートマスク】	t7e2562b53
3444	11205347	inactive	pending	銀座ステファニー	【銀座ステファニー】オン・ザ・ボディ フットソープ レモンミント【ボディソープ】	t56fa4a411
3445	11205346	inactive	pending	銀座ステファニー	【銀座ステファニー】オン・ザボディ フットソープ グレープフルーツミントの香り【ボディソープ】	t56fa4a411
3446	11183041	inactive	pending	サンギ	【サンギ】アパガードプレミオエクストラミント【歯磨き】	t8d9daf5f2
3447	11183040	inactive	pending	サンギ	【サンギ】アパガード プレミオ エクストラミント【歯磨き】	tcf0a6f92e
3448	11183039	inactive	pending	サンギ	【サンギ】アパガード プレミオ【歯磨き】	t89584ba20
3449	11183038	inactive	pending	サンギ	【サンギ】アパガード プレミオ【歯磨き】	td94aa7bcb
3450	11183037	inactive	pending	サンギ	【サンギ】アパガード セレナ【歯磨き】	tc488af8c6
3451	11183036	inactive	pending	サンギ	【サンギ】アパガードMプラス【歯磨き】	t33ed8416f
3452	11183035	inactive	pending	サンギ	【サンギ】アパガード Mプラス【歯磨き】	t1670f7d00
3453	11182947	inactive	pending	ヘンケルジャパン	【販売終了】【ヘンケルジャパン】サイオス イルーセント ミルキーヘアカラー SG03 ソフトグレージ	t986e4eece
3454	11182946	inactive	pending	ヘンケルジャパン	【ヘンケルジャパン】サイオス イルーセント ミルキーヘアカラー SC02 サンライズコーラル	tf1c507aae
3455	11182945	inactive	pending	ヘンケルジャパン	【販売終了】【ヘンケルジャパン】サイオス イルーセント ミルキーヘアカラー OV02 オーキッドラベ	taa70f6366
3456	11182944	inactive	pending	ヘンケルジャパン	【ヘンケルジャパン】サイオス イルーセント ミルキーヘアカラー OB03 オーシャンブルー	tf1c507aae
3457	11182943	inactive	pending	ヘンケルジャパン	【ヘンケルジャパン】サイオス イルーセント ミルキーヘアカラー NG02 ヌードグレージュ	tf1c507aae
3458	11182940	inactive	pending	ヘンケルジャパン	【ヘンケルジャパン】サイオス イルーセント ミルキーヘアカラー BP02 ブロッサムピンク	tf1c507aae
3459	11182938	inactive	pending	ヘンケルジャパン	【ヘンケルジャパン】got2b ボンディング・メタリックス ヘアカラー ラベンダークォーツ	t2f88ce1d4
3460	11182937	inactive	pending	ヘンケルジャパン	【ヘンケルジャパン】got2b ボンディング・メタリックス ヘアカラー ピオニーピンク	t74b504e83
3461	11182930	inactive	pending	コスメテックスローランド	トゥルースト バイエスフリー 酸熱トリートメント成分配合 トリートメント レフィル（詰替）	t3fb066d67
3462	11182929	inactive	pending	コスメテックスローランド	【コスメテックスローランド】サボンドロン デイリーエステ洗顔 泥ビタミン配合【洗顔・クレンジング】	t3432c7644
3463	11182927	inactive	pending	コスメテックスローランド	【コスメテックスローランド】トゥルースト バイエスフリー 酸熱トリートメント成分配合 ヘアマスク	t00f178330
3464	11182926	inactive	pending	コスメテックスローランド	【コスメテックスローランド】トゥルースト バイエスフリー 酸熱トリートメント成分配合 ヘアオイル	t036cd05a5
3465	11182925	inactive	pending	コスメテックスローランド	【コスメテックスローランド】トゥルースト バイエスフリー 酸熱トリートメント成分配合 トリートメント	t3fb066d67
3466	11182924	inactive	pending	コスメテックスローランド	【コスメテックスローランド】トゥルースト バイエスフリー 酸熱トリートメント成分配合 シャンプー	t590a75313
3467	11182923	inactive	pending	コスメテックスローランド	トゥルースト バイエスフリー 酸熱トリートメント成分配合 シャンプー レフィル（詰替）	t590a75313
3468	11182922	inactive	pending	コスメテックスローランド	トゥルースト バイエスフリー 酸熱トリートメント成分配合 シャンプー＆トリートメント トライアル	t1564d0e75
3469	11182921	inactive	pending	コスメテックスローランド	【コスメテックスローランド】柑橘王子 メラノサーチVitaC洗顔【洗顔・クレンジング】	te96c6591f
3470	11182919	inactive	pending	サンギ	【サンギ】アパガードセレナ【歯磨き】	t1670f7d00
3471	11182918	inactive	pending	サンギ	【サンギ】アパガードスモーキン【歯磨き】	t33ed8416f
3472	11182917	inactive	pending	サンギ	【サンギ】アパガード スモーキン【歯磨き】	t1670f7d00
3473	11182915	inactive	pending	コスメテックスローランド	【コスメテックスローランド】エアリー＆イージー プリズムヘアジュレ【スタイリング】	tb3a49eca8
3474	11182839	inactive	pending	ユニリーバ	【ユニリーバ】アックス フレグランス ボディソープ ブラック つめかえ用【ボディソープ】	tdb20d1ac2
3475	11182838	inactive	pending	ユニリーバ	【ユニリーバ】アックス フレグランス ボディソープ ブラック ポンプ【ボディソープ】	tdb20d1ac2
3476	11182835	inactive	pending	ユニリーバ	【ユニリーバ】アックス フレグランス ボディソープ エッセンス つめかえ用【ボディソープ】	ta95b23e7a
3477	11182834	inactive	pending	ユニリーバ	【ユニリーバ】アックス フレグランス ボディソープ エッセンス ポンプ【ボディソープ】	ta95b23e7a
3479	11182821	inactive	pending	ヘンケルジャパン	【ヘンケルジャパン】サイオス オレオクリームヘアカラー 0P ピュアピンク【ヘアカラー・白髪用】	t47f616b7b
3480	10889323	inactive	pending	三和通商	【販売終了】【三和通商】クレンジングジェルバーム【メイク落とし・クレンジング】	t0c926948b
3481	10796489	inactive	pending	ライオン	【ライオン】Lighteeハミガキ PREMIUM【歯磨き】	t49ba0ee63
3482	10796417	inactive	pending	ライオン	【ライオン】Lighteeハミガキ PREMIUM【歯磨き】	t49ba0ee63
3483	10763634	inactive	pending	黒龍堂	【黒龍堂】ハイスキン モイストジェル【ボディクリーム・ローション】	t7573e8154
3484	9770907	inactive	pending	興和	【興和新薬】新コルゲンコーワうがいぐすり「ワンプッシュ」【うがい薬】	t67d61c439
3485	9770098	inactive	pending	サンギ	【サンギ】アパガードソフト【歯磨き】	t992aaf3fa
3486	9115872	inactive	pending	クラシエ	【販売終了】いち髪 THE PREMIUM エクストラダメージケアトリートメント（シルキースムース）	t79992a70b
3487	9115838	inactive	pending	クラシエ	【販売終了】いち髪 THE PREMIUM エクストラダメージケアシャンプー（シルキースムース）ポン	t854141259
3488	9115759	inactive	pending	クラシエ	【クラシエ】エピラットオム 薬用除毛クリーム スピーディー【ボディソープ】	t8ebd6389b
3489	11291310	inactive	pending	小林製薬	【小林製薬】ゼローラ マイルドミント 90G【歯磨き】	t835c8bbd3
3490	11291288	inactive	pending	カネヨ石鹸	【販売終了】【カネヨ石鹸】無添加泡のせっけんボディーソープ【ボディソープ】	t2c83e15b3
3491	11291266	inactive	pending	P＆G	【P＆G】パンテーンミラクルズ 無添加＆ジェントケア トライアルサシェ【シャンプー】	t1eaa402ea
3492	11291265	inactive	pending	P＆G	【P＆G】パンテーンミラクルズ シルキーリペア ヘアオイル【ヘアトリートメント】	t1eaa402ea
3493	11291264	inactive	pending	P＆G	【P＆G】パンテーンミラクルズ 無添加＆ジェントケア トリートメント ポンプ	t1eaa402ea
3494	11291263	inactive	pending	P＆G	【P＆G】パンテーンミラクルズ 無添加＆ジェントケア トリートメント 詰替	t1eaa402ea
3495	11291262	inactive	pending	P＆G	【P＆G】パンテーンミラクルズ 無添加＆ジェントケア シャンプー ポンプ【シャンプー】	t1eaa402ea
3496	11291261	inactive	pending	P＆G	【P＆G】パンテーンミラクルズ 無添加＆ジェントケア シャンプー 詰替【シャンプー】	t1eaa402ea
3497	11574564	inactive	pending	ミニマム	【ミニマム】マイメロディハピカ DBK−5PMM【歯ブラシ】	t7ede1be10
3498	11574563	inactive	pending	ミニマム	【ミニマム】クロミハピカ DBK−5WKU【歯ブラシ】	t60a3bfbb0
3499	11574530	inactive	pending	アヌシ	【アヌシ】お風呂で使うココブラシ COー482【ブラシ】	t62ffee757
3500	11574574	inactive	pending	牛乳石鹸共進社	【牛乳石鹸共進社】カウブランド 赤箱 ちょっと大きめ【石鹸】	tbc9646745
3501	11574572	inactive	pending	牛乳石鹸共進社	【牛乳石鹸共進社】カウブランド 自然派石けん 米ぬか【石鹸】	tcbcdd0c2c
3502	11574571	inactive	pending	牛乳石鹸共進社	【牛乳石鹸共進社】カウブランド 自然派石けん オリーブ【石鹸】	tc12308908
3503	11574536	inactive	pending	SHIKIEN	【SHIKIEN】舌みがきスムーザーW−1PREMIUM for Kid【舌クリーナー】	tf11d958f0
3504	11582419	inactive	pending	ビタットジャパン	【ビタットジャパン】オクチミント【マウスウォッシュ】	tc281cc5db
3505	11582418	inactive	pending	ビタットジャパン	【ビタットジャパン】オクチレモン 携帯用【マウスウォッシュ】	te88de9d52
3506	11606229	inactive	pending	アヌシ	【アヌシ】トリートメント専用バスコーム【ブラシ】	t57fa82319
3507	11607390	inactive	pending	アヌシ	【アヌシ】オトモブラシ OTー500【ブラシ】	td8ecd2453
3508	11607391	inactive	pending	コーセーコスメポート	【コーセーコスメポート】コエンリッチ ザ プレミアム ライトアップ モイストガード ハンドクリーム	t24c4fa06f
3509	11596141	inactive	pending	ビタットジャパン	【ビタットジャパン】オクチホワイトニング 5本【歯磨き】	tda90fb203
3510	11647478	inactive	pending	コーセーコスメポート	【コーセーコスメポート】タイガレイド CICA リペアスティックバーム【化粧品】	tba06e2d84
3511	11647475	inactive	pending	コーセーコスメポート	【コーセーコスメポート】セラミエイド 薬用 スキンミルク【ボディクリーム・ローション】	t15a62618d
3512	11678681	inactive	pending	エビス	【エビス】B−8089S プログリップハブラシTYPE2 やわらかめ【歯ブラシ】	tb40740a0c
3513	11678680	inactive	pending	エビス	【エビス】B−8089M プログリップハブラシTYPE2 ふつう【歯ブラシ】	tb40740a0c
3514	11678679	inactive	pending	エビス	【エビス】B−8067S プログリップハブラシTYPE3 やわらかめ【歯ブラシ】	t83be50ebd
3515	11678670	inactive	pending	アヌシ	【アヌシ】バンブーミニクッション【ブラシ】	t0c5c1df1d
3516	11678742	inactive	pending	-	【JNTLコンシューマーヘルス】ジョンソンボディケア バイブラント ラディアンス アロマミルク	t81c4b2caf
3517	11678740	inactive	pending	ハリマ共和物産	【JNTLコンシューマーヘルス】薬用リステリントータルケア歯周マイルド【マウスウォッシュ】	t357c8b383
3518	11678739	inactive	pending	ハリマ共和物産	【JNTLコンシューマーヘルス】薬用リステリントータルケア歯周マイルド【マウスウォッシュ】	t54f126af0
3519	11678734	inactive	pending	コーセーコスメポート	【コーセーコスメポート】サロンスタイル ビオリス ボタニカル モイスト リペア ヘアオイル【美容液】	t138731c7d
3520	11678733	inactive	pending	コーセーコスメポート	【コーセーコスメポート】サロンスタイル ビオリス ボタニカル スムース リペア ヘアオイル【美容液】	tdefc01ca7
3521	11678732	inactive	pending	コーセーコスメポート	【コーセーコスメポート】サロンスタイル ビオリス ボタニカル コンセントレート ヘアミルク【美容液】	t5c92ac8c8
3522	11678731	inactive	pending	コーセーコスメポート	サロンスタイル ビオリス ボタニカル リフレッシュ＆モイスト ヘアウォーター 詰替え	t33a2194c2
3523	11678730	inactive	pending	コーセーコスメポート	【コーセーコスメポート】サロンスタイル ビオリス ボタニカル リフレッシュ＆モイスト ヘアウォーター	t82528422b
3524	11678729	inactive	pending	コーセーコスメポート	【コーセーコスメポート】サロンスタイル ビオリス ボタニカル メルティバーム【スタイリング】	tb82225b90
3525	11678728	inactive	pending	コーセーコスメポート	【コーセーコスメポート】サロンスタイル ビオリス ボタニカル 前髪ロック ヘアスティック	t24b1f2e04
3526	11678726	inactive	pending	コーセーコスメポート	【コーセーコスメポート】ビタプル ディープリペア セラム【化粧品】	t663bd681a
3527	11678725	inactive	pending	コーセーコスメポート	【コーセーコスメポート】ビタプル リペア エッセンスローション【化粧水・ローション】	td5f10b539
3528	11678720	inactive	pending	コーセーコスメポート	【コーセーコスメポート】ビタプル リペアアクアリージェルクリーム【化粧品】	tc437bd443
3529	11678719	inactive	pending	コーセーコスメポート	【コーセーコスメポート】ビタプル リペアアクアリージェルクリーム つけかえ【化粧品】	t74b1336c8
3530	11678718	inactive	pending	コーセーコスメポート	ソフティモ ナチュサボンセレクト ホワイト ボディウォッシュ リッチモイスト 金木犀の香り	te79508570
3531	11678713	inactive	pending	クラシエ	【クラシエ】ナイーブ 泡で出てくるボディソープ オイルイン ポンプ本体【ボディソープ】	t31a246633
3532	11678712	inactive	pending	クラシエ	【クラシエ】ナイーブ 泡で出てくるボディソープ（オイルイン） 詰替用【ボディソープ】	t31a246633
3533	11678708	inactive	pending	加美乃素本舗	【加美乃素本舗】髪の母 ヘアエッセンス【育毛剤・養毛剤】	tdd15bde3b
3534	11678707	inactive	pending	加美乃素本舗	【加美乃素本舗】レディース加美乃素CL【育毛剤・養毛剤】	tf118fb538
3535	11678678	inactive	pending	エビス	【エビス】B−D4590 ふんわりタッチな舌ブラシ【舌クリーナー】	te83c83b90
3536	11678793	inactive	pending	マンダム	【マンダム】マンダム ロングキープジェル ウルトラハード【スタイリング】	t5f4170b1a
3537	11678792	inactive	pending	マンダム	【マンダム】ルシード ワンプッシュケアカラー ライトブラック【ヘアカラー】	ta78029ae9
3538	11678791	inactive	pending	マンダム	【マンダム】ルシード 薬用 トータルケア オイルコントロール化粧水【化粧水・ローション】	t9ced6ab35
3539	11678786	inactive	pending	マンダム	【マンダム】ルシード EXオイルクリア泡洗顔【洗顔】	tf631671e3
3540	11678785	inactive	pending	マンダム	【マンダム】ルシード EXオイルクリア 泡洗顔 詰替え【洗顔】	tf631671e3
3541	11678784	inactive	pending	マンダム	【マンダム】ルシード デザインヘアカラー モダンブラウン【ヘアカラー】	t2c3f57851
3542	11678783	inactive	pending	マンダム	【マンダム】ルシード デザインヘアカラー マットアッシュ【ヘアカラー】	t45c07d1c2
3543	11678781	inactive	pending	マンダム	【マンダム】ルシード デザインヘアカラー クールアッシュ【ヘアカラー】	t62097731b
3544	11678780	inactive	pending	マンダム	【マンダム】ギャツビー メタラバー スプレー エクストラ【スタイリング】	ta4e01c050
3545	11678779	inactive	pending	マンダム	【マンダム】ギャツビー メタラバー オイル アクアティックモイスト【スタイリング】	tae80cb951
3546	11678778	inactive	pending	マンダム	【マンダム】ギャツビー EXパーフェクトマスク【化粧水・ローション】	te82a4d08e
3547	11678777	inactive	pending	マンダム	【マンダム】ギャツビー EXディープクリアバーム【洗顔】	t5187aabca
3548	11678771	inactive	pending	P＆G	【P＆G】h＆s for men ボリュームアップコンディショナー超特大サイズ	t3445be925
3549	11709846	inactive	pending	フェザー安全剃刃	【フェザー安全剃刃】MR3ネオ替刃【男性用カミソリ】	tbe207aea7
3550	11709845	inactive	pending	フェザー安全剃刃	【フェザー安全剃刃】MR3ネオ替刃【男性用カミソリ】	tbe207aea7
3551	11709844	inactive	pending	フェザー安全剃刃	【フェザー安全剃刃】F2ネオ替刃【男性用カミソリ】	t489050d17
3552	11709843	inactive	pending	フェザー安全剃刃	【フェザー安全剃刃】両刃ホルダー【男性用カミソリ】	t920eb9594
3553	11709842	inactive	pending	フェザー安全剃刃	【フェザー安全剃刃】サムライエッジホルダー【男性用カミソリ】	t0517dde3b
3554	11709841	inactive	pending	フェザー安全剃刃	【フェザー安全剃刃】MRネオクロムホルダー【男性用カミソリ】	t6465f67b6
3555	11709840	inactive	pending	フェザー安全剃刃	【フェザー安全剃刃】F2ネオホルダー【男性用カミソリ】	t4d556f4ca
3556	11709813	inactive	pending	松本金型	【松本金型】お肌に優しい角質落としピンク【ボディタオル・スポンジ】	t33bc83606
3557	11709812	inactive	pending	松本金型	【松本金型】お肌に優しい角質落とし台紙セット【ボディタオル・スポンジ】	t59d7e9ddc
3558	11709803	inactive	pending	フェザー安全剃刃	【フェザー安全剃刃】ハイ・ステンレス両刃【男性用カミソリ】	t8f4016120
3559	11709802	inactive	pending	フェザー安全剃刃	【フェザー安全剃刃】ハイ・ステンレス両刃【男性用カミソリ】	t8f4016120
3560	11709801	inactive	pending	フェザー安全剃刃	【フェザー安全剃刃】サムライエッジ替刃【男性用カミソリ】	t0b3d985dc
3561	11709800	inactive	pending	フェザー安全剃刃	【フェザー安全剃刃】サムライエッジ替刃【男性用カミソリ】	t0b3d985dc
3562	11709799	inactive	pending	フェザー安全剃刃	【フェザー安全剃刃】青函両刃【男性用カミソリ】	t32b731f46
3563	11709798	inactive	pending	フェザー安全剃刃	【フェザー安全剃刃】青函片刃【男性用カミソリ】	t8adc847e6
3564	11709763	inactive	pending	デンタルプロ	【デンタルプロ】デンタルプロブラックダイヤ超極細毛ワイドかため【歯ブラシ】	t467a52d99
3565	11709721	inactive	pending	サラヤ	【サラヤ】ウォシュボン ハーバル 薬用 ハンドソープ 詰替え【ハンドソープ】	t7b6cc324e
3566	11709720	inactive	pending	サラヤ	【サラヤ】ウォシュボン ハーバル薬用ハンドソープ【ハンドソープ】	t7b1cf1a94
3567	11709681	inactive	pending	貝印	【貝印】AUGERホルダー 替刃4個付【男性用カミソリ】	t7fea24a25
3568	11709762	inactive	pending	デンタルプロ	【デンタルプロ】デンタルプロソフトラバーピック【フロス・歯間ブラシ】	t4b8a0c381
3569	11709761	inactive	pending	デンタルプロ	【デンタルプロ】デンタルプロおやこでなかよしフロス【フロス・歯間ブラシ】	t5b7edf60d
3570	11737214	inactive	pending	ライオン	【ライオン】クリニカ PROハブラシ ラバーヘッド 超コンパクト やわらかめ【歯ブラシ】	t02d003a30
3571	11737146	inactive	pending	王子ネピア	【王子ネピア】ネピア 鼻セレブ 洗顔専用【コットン】	t57d0220c1
3572	11737174	inactive	pending	明色化粧品	【明色化粧品】プラセホワイター プラセンタ配合美容液【化粧品】	tb0376dc30
3573	11737169	inactive	pending	コーセーコスメポート	【コーセーコスメポート】ソフティモ クリアプロ クレンジングバーム CICA ブラックホット	t3f4b0b21c
3574	11737168	inactive	pending	コーセーコスメポート	【コーセーコスメポート】ソフティモ クリアプロ クレンジングバーム CICA ブラック	tf66d6eaf0
3575	11737167	inactive	pending	コーセーコスメポート	【コーセーコスメポート】ソフティモ クリアプロ クレンジングバーム CICA リッチモイスト	t430c447ba
3576	11737166	inactive	pending	コーセーコスメポート	【コーセーコスメポート】ソフティモ クリアプロ クレンジングバーム CICA ディープクリア	t23793ad57
3577	11737165	inactive	pending	コーセーコスメポート	【コーセーコスメポート】ソフティモ クリアプロ 酵素クレンジングオイル 詰替え	tda2fc3503
3578	11737164	inactive	pending	コーセーコスメポート	【コーセーコスメポート】ソフティモ クリアプロ クッションクレンジングオイル 詰替え	t63a56e0ea
3579	11737150	inactive	pending	クラシエ	【クラシエ】ディアボーテ ゆがみディープリペアマスク【ヘアトリートメント】	tf75cc6ad5
3580	11737149	inactive	pending	クラシエ	【クラシエ】ディアボーテ オイルインコンディショナー（スムース＆リペア） 詰替用	tc1928eb36
3581	11737148	inactive	pending	クラシエ	【クラシエ】ディアボーテ オイルインコンディショナー リッチ＆リペア 詰替え	t771ba4f73
3582	11737147	inactive	pending	牛乳石鹸共進社	【牛乳石鹸共進社】カウブランド 無添加 ボディソープ ポンプ付【ボディソープ】	t25678bb95
3583	11737110	inactive	pending	クラシエ	【クラシエ】肌美精 アイバッグ スムースセラム【化粧品】	t73b6a3a34
3584	11737078	inactive	pending	コーセーコスメポート	【コーセーコスメポート】ソフティモ クリアプロ クレンジングバーム CICA ホワイト	t86d462786
3585	11737077	inactive	pending	クラシエ	【クラシエ】ディアボーテ オイルインコンディショナー（グロス＆リペア） 詰替用	ta90bcf7bc
3586	11737076	inactive	pending	クラシエ	【クラシエ】ディアボーテ オイルインシャンプー（スムース＆リペア） 詰替用【シャンプー】	tc1928eb36
3587	11737075	inactive	pending	クラシエ	【クラシエ】ディアボーテ オイルインシャンプー リッチ＆リペア 詰替え【シャンプー】	td698cf253
3588	11737074	inactive	pending	クラシエ	【クラシエ】ディアボーテ オイルインシャンプー グロス＆リペア 詰替え【シャンプー】	ta90bcf7bc
3589	11737073	inactive	pending	牛乳石鹸共進社	【牛乳石鹸共進社】カウブランド 無添加泡のボディソープ ポンプ付【ボディソープ】	tb33e2360e
3590	11737072	inactive	pending	牛乳石鹸共進社	【牛乳石鹸共進社】カウブランド 無添加泡のボディソープ つめかえ用【ボディソープ】	tb33e2360e
3591	11737071	inactive	pending	牛乳石鹸共進社	【牛乳石鹸共進社】カウブランド 無添加 ボディソープ 詰替え【ボディソープ】	tbe95669e8
3592	11741143	inactive	pending	ユニリーバ	【販売終了】【ユニリーバ】ダヴ ビューティーモイスチャー 泡ボディウォッシュ つややか ポンプ【ボデ	t6f1564321
3593	11741142	inactive	pending	ユニリーバ	【ユニリーバ】ダヴ ビューティーモイスチャー 泡ボディウォッシュ つややか つめかえ用	t636fb58d8
3594	11741141	inactive	pending	ユニリーバ	【ユニリーバ】ダヴ ビューティーモイスチャー 泡ボディウォッシュ つややか つめかえ用	t636fb58d8
3595	11741140	inactive	pending	ユニリーバ	【ユニリーバ】ダヴ ビューティーモイスチャー 泡ボディウォッシュ しっとり ポンプ【ボディソープ】	t24a8e75c1
3596	11741139	inactive	pending	ユニリーバ	【ユニリーバ】ダヴ ビューティーモイスチャー 泡ボディウォッシュ しっとり つめかえ用	t24a8e75c1
3597	11741138	inactive	pending	ユニリーバ	【ユニリーバ】ダヴ ビューティーモイスチャー 泡ボディウォッシュ しっとり つめかえ用	t24a8e75c1
3598	11741105	inactive	pending	コーセーコスメポート	ソフティモ ナチュサボンセレクト ホワイト ボディウォッシュ リッチモイスト 金木犀の香り 詰替え	t1e34723d3
3599	11678711	inactive	pending	熊野油脂	【熊野油脂】cyclear ビタミンC 酵素 泡洗顔 詰替え【洗顔・クレンジング】	t2df8112fb
3600	11678710	inactive	pending	熊野油脂	【熊野油脂】cyclear ビタミンC 酵素 クレンジングオイル【メイク落とし・クレンジング】	td8705a1b5
3601	11751945	inactive	pending	ライオン	【ライオン】クリニカ PROハブラシ ラバーヘッド 超コンパクト ふつう【歯ブラシ】	t02d003a30
3602	11751944	inactive	pending	ライオン	【ライオン】クリニカ PROハブラシ ラバーヘッド コンパクト やわらかめ【歯ブラシ】	t02d003a30
3603	11751943	inactive	pending	ライオン	【ライオン】クリニカ PROハブラシ ラバーヘッド コンパクト ふつう【歯ブラシ】	t02d003a30
3604	11751906	inactive	pending	銀座ステファニー	【銀座ステファニー】リーチクライデン 歯ブラシ やわらかめ【歯ブラシ】	ta51724a47
3605	11751905	inactive	pending	銀座ステファニー	【銀座ステファニー】リーチクライデン 歯ブラシ ふつう【歯ブラシ】	t9d2defe5c
3606	11751904	inactive	pending	銀座ステファニー	【銀座ステファニー】リーチ1450高弾力極細毛 やわらかめ【歯ブラシ】	t99130374a
3607	11751903	inactive	pending	銀座ステファニー	【銀座ステファニー】リーチ1450高弾力極細毛 ふつう【歯ブラシ】	t99130374a
3608	11751963	inactive	pending	ロート製薬	【ロート製薬】メディクイックH 頭皮のメディカルシャンプー しっとり 詰替え【シャンプー】	t31af3f36f
3609	11751958	inactive	pending	ユニリーバ	【ユニリーバ】ダヴ ボディウォッシュ センシティブマイルド つめかえ用【ボディソープ】	t122941afd
3610	11751957	inactive	pending	ユニリーバ	【ユニリーバ】ダヴ ボディウォッシュ センシティブマイルド ポンプ【ボディソープ】	t122941afd
3611	11751956	inactive	pending	ユニリーバ	【ユニリーバ】ダヴ ボディウォッシュ センシティブマイルド つめかえ用【ボディソープ】	t122941afd
3612	11751949	inactive	pending	小林製薬	【小林製薬】メンズケシミン プレミアム 化粧水【化粧水・ローション】	tac7c43e95
3613	11751948	inactive	pending	小林製薬	【小林製薬】ケシミン リンクルケアプラス 化粧水【化粧水・ローション】	tac7c43e95
3614	11751942	inactive	pending	ユニリーバ	【ユニリーバ】ダヴ ボディウォッシュ ライスファーメント＆キンモクセイ【ボディソープ】	tacd033967
3615	11751941	inactive	pending	ユニリーバ	【ユニリーバ】ダヴ ボディウォッシュ ライスファーメント＆キンモクセイ つめかえ用【ボディソープ】	tf5d01ef67
3616	11751940	inactive	pending	ユニリーバ	【ユニリーバ】ダヴ ボディウォッシュ ライスファーメント＆キンモクセイ つめかえ用【ボディソープ】	tf5d01ef67
3617	11751937	inactive	pending	ユニリーバ	【販売終了】【ユニリーバ】ダヴ ボディウォッシュ ホホバオイル＆サンダルウッド つめかえ用【ボディソ	tf7091e801
3618	11751936	inactive	pending	ユニリーバ	【ユニリーバ】ダヴ ボディウォッシュ ホホバオイル＆サンダルウッド つめかえ用【ボディソープ】	tc372075ea
3619	11751935	inactive	pending	ユニリーバ	【ユニリーバ】ダヴ ボディウォッシュ ホホバオイル＆サンダルウッド ポンプ【ボディソープ】	tc372075ea
3620	11751934	inactive	pending	ユニリーバ	【ユニリーバ】ダヴ ボディウォッシュ ピーチ＆スイートピー ポンプ【ボディソープ】	te0969cadf
3621	11751933	inactive	pending	ユニリーバ	【ユニリーバ】ダヴ ボディウォッシュ ピーチ＆スイートピー つめかえ用【ボディソープ】	t569509ad4
3622	11751932	inactive	pending	ユニリーバ	【ユニリーバ】ダヴ ボディウォッシュ ピーチ＆スイートピー つめかえ用【ボディソープ】	t569509ad4
3623	11751931	inactive	pending	ユニリーバ	【ユニリーバ】ダヴ ボディウォッシュ シアバター＆バニラ ポンプ【ボディソープ】	t2fa4ce023
3624	11751930	inactive	pending	ユニリーバ	【ユニリーバ】ダヴ ボディウォッシュ シアバター＆バニラ つめかえ用【ボディソープ】	t2fa4ce023
3625	11751929	inactive	pending	ユニリーバ	【ユニリーバ】ダヴ ボディウォッシュ シアバター＆バニラ つめかえ用【ボディソープ】	t2fa4ce023
3626	11751926	inactive	pending	ユニリーバ	【ユニリーバ】ダヴ ボディウォッシュ プレミアム モイスチャーケア ポンプ【ボディソープ】	tc6dd90017
3627	11751925	inactive	pending	ユニリーバ	【ユニリーバ】ダヴ ボディウォッシュ プレミアム モイスチャーケア つめかえ用【ボディソープ】	tc6dd90017
3628	11751924	inactive	pending	ユニリーバ	【ユニリーバ】ダヴ ボディウォッシュ プレミアム モイスチャーケア つめかえ用【ボディソープ】	tc6dd90017
3629	11751913	inactive	pending	小林製薬	【小林製薬】ケシミン リンクルケアプラス ジェルクリーム【化粧品】	te658838ed
3630	11751911	inactive	pending	クラシエ	【クラシエ】プロスタイル モーニングリセットウォーター キンモクセイの香り 詰替用【スタイリング】	t7a946ee00
3631	11751910	inactive	pending	クラシエ	【クラシエ】プロスタイル モーニングリセットウォーター キンモクセイの香り【スタイリング】	t7a946ee00
3632	11751908	inactive	pending	クラシエ	【クラシエ】プロスタイル ニュアンスメイクオイル【スタイリング】	t2b96c36c0
3633	11751907	inactive	pending	クラシエ	【クラシエ】プロスタイル ニュアンスメイクオイルバーム アレンジ【スタイリング】	t82217cf2e
3634	11794159	inactive	pending	小林製薬	【小林製薬】生葉 歯間に入るブラシ マイルド毛 レギュラー やわらかめ【歯ブラシ】	t46cd66e7e
3635	11794111	inactive	pending	ジレット	【ジレット】オーラルB パーフェクトクリーン ベーシックブラシ 替えブラシ【歯ブラシ】	tee3287370
3636	11794110	inactive	pending	ジレット	【ジレット】オーラルB ホワイトニングブラシ 替えブラシ【歯ブラシ】	t03eae68d3
3637	11794109	inactive	pending	ジレット	【ジレット】オーラルB プラックコントロール ブルー【歯ブラシ】	tc41fb67cc
3638	11794115	inactive	pending	P&G	【P&G】パンテーン モイストスムースリペア コンディショナー つめかえ超特大1．7KG	t88dc2a454
3639	11794114	inactive	pending	P&G	【P&G】パンテーン エアリーふんわりリペア コンディショナー つめかえ超特大1．7KG	ta43cf2989
3640	11794113	inactive	pending	P＆G	【P＆G】パンテーン モイストスムースリペア シャンプー つめかえ超特大1．7L【シャンプー】	ta43cf2989
3641	11794112	inactive	pending	P＆G	【P＆G】パンテーン エアリーふんわりリペア シャンプー つめかえ超特大1．7L【シャンプー】	ta43cf2989
3642	11794086	inactive	pending	小林製薬	【小林製薬】糸ようじ スルッと入るタイプ Y字型 大容量【フロス・歯間ブラシ】	t3e1e537d3
3643	11807940	inactive	pending	P＆G	【P＆G】パンテーンミラクルズ ヒートプロテクション ヘアオイル【ヘアトリートメント】	t58409b70c
3644	11807938	inactive	pending	P＆G	【P＆G】パンテーンミラクルズ ボンドリペアシリーズ カラーシャイン＆リペア ヘアマスク	t58409b70c
3645	11807937	inactive	pending	P＆G	【P＆G】パンテーンミラクルズ ボンドリペアシリーズ カラーシャイン＆リペア トリートメント 詰替	t58409b70c
3646	11807936	inactive	pending	P＆G	パンテーンミラクルズ ボンドリペアシリーズ カラーシャイン＆リペア トリートメント ポンプ	t58409b70c
3647	11807931	inactive	pending	P＆G	【P＆G】パンテーンミラクルズ ボンドリペアシリーズ カラーシャイン＆リペア トライアルサシェ	t58409b70c
3648	11807930	inactive	pending	P＆G	パンテーンミラクルズ ボンドリペアシリーズ カラーシャイン＆リペアシャンプー 詰替 350G	t58409b70c
3649	11807929	inactive	pending	P＆G	【P＆G】パンテーンミラクルズ ボンドリペアシリーズ カラーシャイン＆リペア シャンプー ポンプ	t58409b70c
3650	11850440	inactive	pending	コットンラボ	【コットンラボ】コットン・ラボ うふっとスウヨタオルしっかり【コットン】	tb5cd2dd76
3651	11850439	inactive	pending	コットンラボ	【コットンラボ】コットン・ラボ うふっとスウヨタオルなめらか【コットン】	t12f9c4001
3652	11850438	inactive	pending	コットンラボ	【コットンラボ】コットン・ラボ うふっとスウヨタオルふんわり【コットン】	t3296ced99
3653	11850435	inactive	pending	コットンラボ	【販売終了】【コットンラボ】うふっと スウヨタオルふんわり大判ロールタイプ【コットン】	t591438fbc
3654	11850434	inactive	pending	コットンラボ	【コットンラボ】コットン・ラボ うふっとスウヨタオルごっそり【コットン】	t7b5ce7da4
3655	12000702	inactive	pending	熊野油脂	【熊野油脂】ファーマアクト 薬用 泡ハンドソープ 詰替え 大容量【ハンドソープ】	t63246745a
3656	12000708	inactive	pending	コーセーコスメポート	【コーセーコスメポート】サンカット ライトアップUV エッセンス【UV・日焼け止め】	td11eaafa6
3657	12000707	inactive	pending	コーセーコスメポート	【コーセーコスメポート】サンカット トーンアップUV エッセンス レモンイエロー【UV・日焼け止め】	tcce7797b6
3658	12000706	inactive	pending	コーセーコスメポート	【コーセーコスメポート】サンカット トーンアップUV エッセンス ラベンダー【UV・日焼け止め】	t6695ebe59
3659	12000705	inactive	pending	コーセーコスメポート	【コーセーコスメポート】サンカット トーンアップUV エッセンス ローズピンク【UV・日焼け止め】	tbc6c2b9e5
3660	12000704	inactive	pending	コーセーコスメポート	【コーセーコスメポート】サンカット トーンアップUV エッセンス ミントグリーン【UV・日焼け止め】	t9e20852dc
3661	12049061	inactive	pending	地の塩社	【地の塩社】石けんシャンプー【シャンプー】	t52825b943
3662	12049060	inactive	pending	地の塩社	【地の塩社】石けんシャンプー専用リンス【コンディショナー・リンス】	t2fe16e538
3663	12049025	inactive	pending	牛乳石鹸共進社	【牛乳石鹸共進社】カウブランド 青箱 バスサイズ【石鹸】	t325dd4651
3664	12064447	inactive	pending	ホーユー	【ホーユー】ビューティーン メイクアップカラー ディープバイオレット【ヘアカラー・黒髪用】	tbfe5700aa
3665	12064446	inactive	pending	ホーユー	【ホーユー】ビューティーン メイクアップカラー シャンパンブロンド【ヘアカラー・黒髪用】	tbfe5700aa
3666	12064445	inactive	pending	ホーユー	【ホーユー】ビューティーン メイクアップカラー アイスシルバー【ヘアカラー・黒髪用】	tbfe5700aa
3667	12064444	inactive	pending	ホーユー	【ホーユー】ビューティーン メイクアップカラー プラントグリーン【ヘアカラー・黒髪用】	tbfe5700aa
3668	12064443	inactive	pending	ホーユー	【ホーユー】ビューティーン カラークリーム フューシャピンク【ヘアカラー・黒髪用】	ta7c3a7b95
3669	12064406	inactive	pending	コーセーコスメポート	【コーセーコスメポート】デオカラット 薬用 デオドラント ボディシート【制汗剤・デオドラント】	t7145623ca
3670	12064405	inactive	pending	コーセーコスメポート	【コーセーコスメポート】デオカラット 薬用 デオドラント スプレー【制汗剤・デオドラント】	t2537e4bc3
3671	12064404	inactive	pending	コーセーコスメポート	【コーセーコスメポート】デオカラット 薬用 デオドラント スティック【制汗剤・デオドラント】	t138298f05
3672	12064403	inactive	pending	コーセーコスメポート	【コーセーコスメポート】サンカット ライトアップUV スプレー【UV・日焼け止め】	t7d7f485b4
3673	12064402	inactive	pending	コーセーコスメポート	【コーセーコスメポート】サンカット プロテクト UV スプレー【UV・日焼け止め】	t1d8871a50
3674	12064401	inactive	pending	コーセーコスメポート	【コーセーコスメポート】サンカット プロテクトUV スプレー【UV・日焼け止め】	tfae6d7b42
3675	12064400	inactive	pending	コーセーコスメポート	【コーセーコスメポート】サンカット パーフェクト UV ミルク【UV・日焼け止め】	tb77c765a2
3676	12064399	inactive	pending	コーセーコスメポート	【コーセーコスメポート】サンカット パーフェクトUV スプレー【UV・日焼け止め】	td322650e3
3677	12064398	inactive	pending	コーセーコスメポート	【コーセーコスメポート】サンカット パーフェクトUV スプレー【UV・日焼け止め】	t3efc81eeb
3678	12064397	inactive	pending	コーセーコスメポート	【コーセーコスメポート】サンカット パーフェクト UV ジェル【UV・日焼け止め】	tf14677166
3679	12064396	inactive	pending	コーセーコスメポート	【コーセーコスメポート】サンカット パーフェクトUV ジェル【UV・日焼け止め】	tb24287db8
3680	12064395	inactive	pending	コーセーコスメポート	【コーセーコスメポート】サンカット パーフェクト UV エッセンス【UV・日焼け止め】	t67ae545ca
3681	12064394	inactive	pending	コーセーコスメポート	【コーセーコスメポート】サンカット パーフェクトUV エッセンス【UV・日焼け止め】	t1a944a8ea
3682	12078520	inactive	pending	三宝商事	【三宝商事】テンスター セシル脱毛用ブライズワックス【除毛・脱毛剤】	t1ca570a25
3683	12078503	inactive	pending	岩谷産業	【岩谷産業】アララ 薬用泡のハンドソープつめかえパック【ハンドソープ】	t699842a5e
3684	12078502	inactive	pending	岩谷産業	【岩谷産業】アララ 薬用泡のハンドソープ【ハンドソープ】	t699842a5e
3685	12078514	inactive	pending	クラシエホームプロダクツ販売	【クラシエ】マー＆ミー ボディソープ【ボディソープ】	t5bc2cf41f
3686	12078513	inactive	pending	クラシエホームプロダクツ販売	【クラシエ】マー＆ミー 泡で出てくるボディソープ 詰替用【ボディソープ】	t53a84629c
3687	12078512	inactive	pending	クラシエホームプロダクツ販売	【クラシエ】マー＆ミー ボディソープ 詰替用【ボディソープ】	t5bc2cf41f
3688	12078511	inactive	pending	クラシエホームプロダクツ販売	【クラシエ】マー＆ミー 泡で出てくるボディソープ【ボディソープ】	t53a84629c
3689	12090163	inactive	pending	サンスター	【サンスター】オーラツー プレミアム ハブラシ なめらかフィット［コンパクト・やわらかめ］	t3908d287a
3690	12090162	inactive	pending	サンスター	【サンスター】オーラツー プレミアム ハブラシ なめらかフィット［コンパクト・ふつう］【歯ブラシ】	t467fd45f8
3691	12090145	inactive	pending	サンスター	【サンスター】オーラツー プレミアム ハブラシ なめらかフィット［超コンパクト・やわらかめ］	t253f165c3
3692	12090144	inactive	pending	サンスター	【サンスター】オーラツー プレミアム ハブラシ なめらかフィット［超コンパクト・ふつう］【歯ブラシ】	tf2a88e134
3693	12090169	inactive	pending	サンスター	【販売終了】【サンスター】Ora2 オーラツー プレミアム ステインクリア ペースト プレミアムミン	t027c91d04
3694	12090164	inactive	pending	サンスター	【販売終了】【サンスター】オーラツー プレミアム クレンジングペースト［プレミアムミント］17G【歯	t0116acd14
3695	12090161	inactive	pending	サンスター	【サンスター】オーラツー プレミアム チェックミラー【マウスウォッシュ】	t66c9399a7
3696	12090160	inactive	pending	サンスター	オーラツー プレミアム マウスウォッシュ ダブルクレンジング［リフレッシュクリアミント］	tec824fb68
3697	12090159	inactive	pending	サンスター	オーラツー プレミアム マウスウォッシュ ダブルクレンジング［リフレッシュクリアミント］	tec824fb68
3698	12090158	inactive	pending	サンスター	【サンスター】オーラツー プレミアム クレンジングペースト［アロマティックミント］17G【歯磨き】	t6669c88a6
3699	12090146	inactive	pending	サンスター	【販売終了】【サンスター】オーラツー プレミアム ステインクリア ペースト［シャイニーシトラスミント	t0be492994
3700	12090143	inactive	pending	サンスター	【販売終了】【サンスター】Ora2 オーラツー プレミアム ステインクリア ペースト アロマティック	t979c2b11e
3701	12090142	inactive	pending	サンスター	オーラツー プレミアム マウスウォッシュ ダブルクレンジング［フレッシュフローラルミント］	t96b4e3d7c
3702	12116708	inactive	pending	コーセーコスメポート	【コーセーコスメポート】ソフティモ スピーディ クレンジングリキッド【メイク落とし・クレンジング】	t7a857de7e
3703	12116707	inactive	pending	コーセーコスメポート	【コーセーコスメポート】ソフティモ スピーディ クレンジングオイル 詰替え	t6d2d6d3be
3704	12116706	inactive	pending	コーセーコスメポート	【コーセーコスメポート】ソフティモ スピーディ クレンジングオイル【メイク落とし・クレンジング】	tca75144ab
3705	12116705	inactive	pending	コーセーコスメポート	【コーセーコスメポート】ソフティモ スピーディ クレンジングリキッド 詰替え	t3f61f5a21
3706	12116689	inactive	pending	コーセーコスメポート	【コーセーコスメポート】ソフティモ ホワイト クレンジング オイル【メイク落とし・クレンジング】	tbf5244df4
3707	12116688	inactive	pending	コーセーコスメポート	【コーセーコスメポート】ソフティモ スピーディ クレンジングオイル【メイク落とし・クレンジング】	tdc2985dfa
3708	12116687	inactive	pending	コーセーコスメポート	【コーセーコスメポート】クリアターン ビタミンBOMB フェイスマスク【化粧品】	t961e0a386
3709	12116686	inactive	pending	コーセーコスメポート	【コーセーコスメポート】ソフティモ ホワイト クレンジングオイル 詰替え	t94c54448e
3710	12116685	inactive	pending	コーセーコスメポート	【コーセーコスメポート】ソフティモ ホワイト クレンジングオイル【メイク落とし・クレンジング】	t76a0214bc
3711	12116684	inactive	pending	コーセーコスメポート	【コーセーコスメポート】ソフティモ ディープ クレンジングオイル 詰替え	t3962f0d3f
3712	12116683	inactive	pending	コーセーコスメポート	【コーセーコスメポート】ソフティモ ディープ クレンジングオイル【メイク落とし・クレンジング】	tefb4776af
3713	12116682	inactive	pending	コーセーコスメポート	【コーセーコスメポート】モイスチュアマイルド ホワイト リンクルケア パーフェクトエッセンス	tc0e447638
3714	12116681	inactive	pending	コーセーコスメポート	【コーセーコスメポート】グレイスワン リンクルケア ホワイト モイストジェルクリーム UV【化粧品】	t1a9d945f4
3715	12163591	inactive	pending	貝印	【貝印】GA0136 miness うで・あし用カミソリ【女性用カミソリ】	t868c1295b
3716	12163590	inactive	pending	貝印	【貝印】GA0134 miness VIOデリケートゾーン用カミソリ【女性用カミソリ】	t38b7d660b
3717	12163589	inactive	pending	貝印	【貝印】GA0133 miness わき用カミソリ【女性用カミソリ】	t5ef3ec910
3718	12163588	inactive	pending	貝印	【貝印】GA0132 miness 背中用カミソリ【女性用カミソリ】	t868c1295b
3719	12163587	inactive	pending	貝印	【貝印】GA0131 miness 替刃【女性用カミソリ】	t868c1295b
3720	12163586	inactive	pending	貝印	【貝印】GA0130 miness ボディ用カミソリ 替刃2個付【女性用カミソリ】	t48f27fb80
3721	12163556	inactive	pending	マンダム	【マンダム】ギャツビー あぶらとりフィルム【フェイシャルペーパー・あぶらとり紙】	tda05c9db2
3722	12163554	inactive	pending	マンダム	【マンダム】ギャツビー パウダーつき あぶらとり紙【フェイシャルペーパー・あぶらとり紙】	td11385d9d
3723	12163551	inactive	pending	マルマン	【マルマン】プロソニックキッズ替えブラシ【歯ブラシ】	t0fae23781
3724	12163550	inactive	pending	マルマン	【マルマン】プロソニックキッズPK【歯ブラシ】	t3dc1358e0
3725	12163549	inactive	pending	マルマン	【マルマン】プロソニックキッズGR【歯ブラシ】	t3dc1358e0
3726	12163546	inactive	pending	松本金型	【松本金型】いびきころりん【トラベル 旅行】	t26bf3aa5e
3727	12163475	inactive	pending	岩谷産業	【岩谷産業】アララ 薬用泡のハンドソープつめかえパック【ハンドソープ】	t699842a5e
3728	12163459	inactive	pending	カミ商事	【カミ商事】エルモア フェイシャルタオル【コットン】	t55d599127
3729	12163457	inactive	pending	エビス	【エビス】B−3640M LET’S プログリップハブラシ ふつう【歯ブラシ】	te1f5e6302
3730	12163421	inactive	pending	アヌシ	【アヌシ】SP−700 prot根元リングコーム【ブラシ】	t73143b4eb
3731	12163391	inactive	pending	サラヤ	【サラヤ】ウォシュボン ハーバル薬用ハンドソープ 詰替用【ハンドソープ】	t752189ec4
3732	12163365	inactive	pending	銀座ステファニー	【銀座ステファニー】ユーシモール歯ブラシ【歯ブラシ】	tb2f584346
3733	12163364	inactive	pending	アヌシ	【アヌシ】SP−541 protコンパクト折込ブラシ【ブラシ】	tabcb391f9
3734	12163363	inactive	pending	アヌシ	【アヌシ】SP−402 prot折込セットコーム【ブラシ】	tf664ff88c
3735	12163631	inactive	pending	ロート製薬	【ロート製薬】スキンアクア スーパーモイスチャーバリア UVエッセンス【UV・日焼け止め】	t95ff03d3b
3736	12163568	inactive	pending	柳屋本店	【柳屋本店】柳屋 あんず油 髪の浸透Eミルク【美容液】	t4ae9876ff
3737	12163567	inactive	pending	柳屋本店	【柳屋本店】柳屋 あんず油 髪と手肌のSミルク N【美容液】	t564b160d4
3738	12163555	inactive	pending	マンダム	【マンダム】ギャツビー VIO用トリマー【ボディソープ】	tf296c1337
3739	12163548	inactive	pending	松本金型	【松本金型】新感覚舌ブラシ「したつつみNEO」アカネ【マウスウォッシュ】	tc3baa37fa
3740	12163547	inactive	pending	松本金型	【松本金型】新感覚舌ブラシ「したつつみNEO」アオミドリ【マウスウォッシュ】	tc3baa37fa
3741	12163545	inactive	pending	ホーユー	【ホーユー】シエロ カラートリートメント リタッチヨウ アッシュブラック【ヘアカラー・白髪用】	tfbbec094f
3742	12163544	inactive	pending	ホーユー	【ホーユー】シエロ カラートリートメント ゼンタイヨウ アッシュブラック【ヘアカラー・白髪用】	tfbbec094f
3743	12163480	inactive	pending	ロート製薬	【ロート製薬】スキンアクア スーパーモイスチャーバリア UVジェル【UV・日焼け止め】	t95ff03d3b
3744	12163419	inactive	pending	アース製薬	【アース製薬】自動で出てくるモンダミン プレミアムケア860mLセット【マウスウォッシュ	tb99cd4789
3745	12163409	inactive	pending	ダリヤ	【ダリヤ】サロンドプロ カラートリートメント ＜ベージュブラウン＞【ヘアカラー・白髪用】	t531763404
3746	12163408	inactive	pending	ダリヤ	【ダリヤ】サロンドプロ カラーシャンプー ＜ナチュラルブラウン＞【スタイリング】	t45e975e6c
3747	12163407	inactive	pending	ダリヤ	【ダリヤ】サロンドプロ カラーシャンプー ＜ダークブラウン＞【スタイリング】	t45e975e6c
3748	12163406	inactive	pending	ダリヤ	【ダリヤ】サロンドプロ カラーシャンプー ＜アッシュブラウン＞【スタイリング】	t45e975e6c
3749	12163404	inactive	pending	ダリヤ	【ダリヤ】クレオディーテ シークレットハイライト【ヘアカラー・白髪用】	tb8431c742
3750	12163403	inactive	pending	ダリヤ	【ダリヤ】クレオディーテ クリアリーカラー ＜チャイティーベージュ＞【ヘアカラー・白髪用】	t81c8b82c8
3751	12163392	inactive	pending	サラヤ	【サラヤ】クルクリン薬用ハミガキ【歯磨き】	t717f32836
3752	12163385	inactive	pending	興和新薬	【興和新薬】バンテリンコーワサポーター ひざ専用 小さめサイズ パールベージュ【サポーター】	t2feac1f1e
3753	12163384	inactive	pending	興和新薬	【興和新薬】バンテリンコーワサポーター ひざ専用 ふつうサイズ パールベージュ【サポーター】	t2feac1f1e
3754	12163383	inactive	pending	興和新薬	【興和新薬】バンテリンコーワサポーター ひざ専用 大きめサイズ パールベージュ【サポーター】	t2feac1f1e
3755	12163382	inactive	pending	興和新薬	【興和新薬】バンテリンコーワサポーター ひざ専用 ゆったり大きめサイズ パールベージュ【サポーター】	t2feac1f1e
3756	12163381	inactive	pending	興和新薬	【興和新薬】バンテリンコーワサポーター 親ゆび専用小さめサイズ パールベージュ【サポーター】	t919ff4b3d
3757	12163380	inactive	pending	興和新薬	【興和新薬】バンテリンコーワサポーター 親ゆび専用小さめ〜ふつうサイズ パールベージュ【サポーター】	t919ff4b3d
3758	12163379	inactive	pending	興和新薬	【興和新薬】バンテリンコーワサポーター 親ゆび専用ふつう〜大きめサイズ パールベージュ【サポーター】	t919ff4b3d
3759	12163375	inactive	pending	クラシエホームプロダクツ販売	【クラシエ】ナイーブ リフレッシュ ボディソープ（海泥配合） 詰替用【ボディソープ】	tbcd09afe5
3760	12163374	inactive	pending	クラシエホームプロダクツ販売	【クラシエ】ナイーブ ボディソープ（桃の葉エキス配合）詰替用【ボディソープ】	tb79222452
3761	12163373	inactive	pending	クラシエホームプロダクツ販売	【クラシエ】ナイーブ ボディソープ（アロエエキス配合）詰替用【ボディソープ】	t13ff7fc51
3762	12163565	inactive	pending	マンダム	【マンダム】マンダム ハッピーデオ ボディシート 極冷 ウォータリーシトラス【制汗剤・デオドラント】	tafa87d1ea
3763	12163564	inactive	pending	マンダム	【マンダム】マンダム ハッピーデオ ボディシート 極冷 シャープミント【制汗剤・デオドラント】	t19eeaa7e0
3764	12163562	inactive	pending	マンダム	【マンダム】マンダム ハッピーデオ ボディシート うるサラ 花せっけん【制汗剤・デオドラント】	t9317a1406
3765	12163561	inactive	pending	マンダム	【マンダム】マンダム ハッピーデオ ボディシート うるサラ ホワイトティー【制汗剤・デオドラント】	t9e41a5454
3766	12163560	inactive	pending	マンダム	【マンダム】ルシード 薬用 スカルプデオシャンプー ハーバルシトラス 詰替え【シャンプー】	t1abdf7e3f
3767	12163559	inactive	pending	マンダム	【マンダム】ルシード 薬用 スカルプデオシャンプー ハーバルシトラス【シャンプー】	t1abdf7e3f
3768	12163558	inactive	pending	マンダム	【マンダム】ルシード 薬用 デオドラント ボディウォッシュ ノンメントール ハーバルシトラス 詰替え	td43b91976
3769	12163557	inactive	pending	マンダム	【マンダム】ルシード 薬用 デオドラント ボディウォッシュ ノンメントール ハーバルシトラス	td43b91976
3770	12163531	inactive	pending	フマキラー	【フマキラー】素足の気持ちさらパチシトラスフローラルの香り【制汗剤・デオドラント】	tb3955084c
3771	12163438	inactive	pending	マンダム	【マンダム】ギャツビー アイスデオドラントスプレー フリーズピーチ【制汗剤・デオドラント】	tbe0234b30
3772	12163437	inactive	pending	マンダム	【マンダム】ギャツビー EXプレミアムタイプ デオドラントロールオン 無香料【制汗剤・デオドラント】	t18dff90c5
3773	12193187	inactive	pending	ロート製薬	【ロート製薬】メラノCC ディープデイケア UV乳液【化粧品】	t6f0905d3f
3774	12196034	inactive	pending	岩谷産業	【岩谷産業】アララ 薬用泡のハンドソープ業務用【ハンドソープ】	t699842a5e
3775	12196094	inactive	pending	明色化粧品	【明色化粧品】うるおい泡美人 馬油石鹸【洗顔・クレンジング】	t7a1dbe59b
3776	12196093	inactive	pending	明色化粧品	【明色化粧品】モイストラボ パウダレスフィット ファンデーション＜ナチュラルオークル＞【メイク】	tf8b5fa8b1
3777	12196092	inactive	pending	明色化粧品	【明色化粧品】モイストラボ パウダレスフィット ファンデーション＜ライトオークル＞【メイク】	tf8b5fa8b1
3778	12196091	inactive	pending	ホーユー	【ホーユー】ビューティラボ ホイップヘアカラー アプリコットピンク【ヘアカラー・黒髪用】	t71831708c
3779	12196090	inactive	pending	ホーユー	【ホーユー】ビューティラボ ホイップヘアカラー モノトーングレイ【ヘアカラー・黒髪用】	t71831708c
3780	12196089	inactive	pending	ホーユー	【ホーユー】ビューティラボ ホイップヘアカラー ラグーンアッシュ【ヘアカラー・黒髪用】	t71831708c
3781	12196077	inactive	pending	エビス	【エビス】B−D4671 デイリーキャップ付L字歯間ブラシ・SSS【フロス・歯間ブラシ】	t001e26205
3782	12196076	inactive	pending	エビス	【エビス】B−D4672 デイリーキャップ付L字歯間ブラシ・SS【フロス・歯間ブラシ】	t466f49193
3783	12196075	inactive	pending	エビス	【エビス】B−D4673 デイリーキャップ付L字歯間ブラシ・S【フロス・歯間ブラシ】	t75b113b09
3784	12196074	inactive	pending	エビス	【エビス】B−D4674 デイリーキャップ付L字歯間ブラシ・M【フロス・歯間ブラシ】	t4b136d981
3785	12196073	inactive	pending	エビス	【エビス】B−D4675 デイリーキャップ付L字歯間ブラシ・L【フロス・歯間ブラシ】	t1b039b1eb
3786	12196057	inactive	pending	ロート製薬	【ロート製薬】デオコ スカルプケア シャンプー【シャンプー】	t2b9ee5491
3787	12195998	inactive	pending	バスクリン	【バスクリン】モルティ 薬用育毛地肌セラム【育毛剤・養毛剤】	t4d8326693
3788	12195997	inactive	pending	バスクリン	【バスクリン】モルティ 薬用育毛剤【育毛剤・養毛剤】	t3a9ffe2ce
3789	12195993	inactive	pending	バスクリン	【バスクリン】インセント 薬用育毛トニック ボリュームケア【育毛剤・養毛剤】	t0dd99e476
3790	12195985	inactive	pending	サンスター	【サンスター】ガム・歯間ブラシL字型 10P ［サイズSSSS（0）］【フロス・歯間ブラシ】	t298af2a31
3791	12195984	inactive	pending	サンスター	【サンスター】ガム・歯間ブラシL字型 10P ［サイズSSS（1）］【フロス・歯間ブラシ】	t850e92897
3792	12195983	inactive	pending	サンスター	【サンスター】ガム・歯間ブラシL字型 10P ［サイズSS（2）］【フロス・歯間ブラシ】	tfabae416d
3793	12195982	inactive	pending	サンスター	【サンスター】ガム・歯間ブラシL字型 10P ［サイズS（3）］【フロス・歯間ブラシ】	t1e5351549
3794	12195981	inactive	pending	サンスター	【サンスター】ガム・歯間ブラシL字型 10P ［サイズM（4）］【フロス・歯間ブラシ】	t859b97efc
3795	12195980	inactive	pending	サンスター	【サンスター】ガム・歯間ブラシL字型 10P ［サイズL（5）］【フロス・歯間ブラシ】	tb1bf12760
3796	12195979	inactive	pending	クラシエホームプロダクツ販売	【クラシエ】肌美精 CHOI薬用泡洗顔 ニキビケア【洗顔・クレンジング】	t0f99eab55
3797	12195978	inactive	pending	クラシエホームプロダクツ販売	【クラシエ】肌美精 CHOI薬用泡洗顔 肌・毛穴ケア【洗顔・クレンジング】	tc0c7b6dc0
3798	12195977	inactive	pending	クラシエ	【クラシエ】肌美精 CHOI 薬用マスク 肌・毛穴ケア【シートマスク】	t845ceb85d
3799	12195976	inactive	pending	クラシエホームプロダクツ販売	【クラシエ】肌美精 CHOI薬用フェイスウォッシュ 肌・毛穴ケア【洗顔・クレンジング】	tc7e5d0656
3800	12195975	inactive	pending	牛乳石鹸共進社	【牛乳石鹸共進社】泡で出てくるミルキィボディソープ やさしいせっけんの香り つめかえ用	t0c6c49c1f
3801	12195974	inactive	pending	牛乳石鹸共進社	【牛乳石鹸共進社】泡で出てくるミルキィボディソープ やさしいせっけんの香り ポンプ付【ボディソープ】	t15e1e6da3
3802	12195973	inactive	pending	牛乳石鹸共進社	【牛乳石鹸共進社】ミルキィボディソープ フローラルせっけんの香り ポンプ付【ボディソープ】	t83d258533
3803	12195972	inactive	pending	牛乳石鹸共進社	【牛乳石鹸共進社】ミルキィボディソープ フローラルせっけんの香り つめかえ用【ボディソープ】	t45e2b04e2
3804	12195971	inactive	pending	牛乳石鹸共進社	【牛乳石鹸共進社】ミルキィ ボディソープ せっけんの香り つめかえ用【ボディソープ】	t72fef469b
3805	12195970	inactive	pending	牛乳石鹸共進社	【牛乳石鹸共進社】ミルキィボディソープ やさしいせっけんの香り ポンプ付【ボディソープ】	t03bc28012
3806	12195969	inactive	pending	牛乳石鹸共進社	【牛乳石鹸共進社】ミルキィボディソープ やさしいせっけんの香り レギュラー【ボディソープ】	t1631790ad
3807	12195968	inactive	pending	牛乳石鹸共進社	【牛乳石鹸共進社】ミルキィボディソープ シトラスせっけんの香り つめかえ用【ボディソープ】	t307c604f2
3808	12195967	inactive	pending	牛乳石鹸共進社	【牛乳石鹸共進社】ミルキィボディソープ シトラスせっけんの香り ポンプ付【ボディソープ】	tdc1cc6f85
3809	12201278	inactive	pending	アヌシ	【アヌシ】SP−1200 protサラつやブラシ【ブラシ】	t606bc3a29
3810	12201304	inactive	pending	ユニリーバ	【ユニリーバ】ダヴ クリーミースクラブ チェリー＆アプリコットミルク【ボディソープ】	t36475aa20
3811	12201303	inactive	pending	ユニリーバ	【ユニリーバ】ダヴ クリーミースクラブ サクラ＆ムスク【ボディソープ】	td3fb5644b
3812	12201300	inactive	pending	ホーユー	【ホーユー】メンズビゲン TAKUMI 7 ナチュラルブラック【ヘアカラー】	tb32165709
3813	12201299	inactive	pending	ホーユー	【ホーユー】メンズビゲン TAKUMI 6A アッシュブラウン【ヘアカラー】	tb32165709
3814	12201298	inactive	pending	ホーユー	【ホーユー】メンズビゲン TAKUMI 6 ダークブラウン【ヘアカラー】	tb32165709
3815	12201276	inactive	pending	小林製薬	【小林製薬】ケシミン 浸透化粧水 みずみずしいしっとり 詰替え【化粧水・ローション】	t113da5621
3816	12201275	inactive	pending	小林製薬	【小林製薬】ケシミン 浸透化粧水 みずみずしいしっとり【化粧水・ローション】	t113da5621
3817	12201274	inactive	pending	コーセーコスメポート	【コーセーコスメポート】ビタプル リペア クリアウォッシングフォーム【洗顔・クレンジング】	t91eac8abb
3818	12201273	inactive	pending	コーセーコスメポート	【コーセーコスメポート】ビタプル ディープリペア クリアパウダーウォッシュ【洗顔・クレンジング】	t0b92056ef
3819	12201272	inactive	pending	コーセーコスメポート	【コーセーコスメポート】ソフティモ 毛穴小町 酵素クレンジングオイル【メイク落とし・クレンジング】	tf4b2dec39
3820	12201271	inactive	pending	コーセーコスメポート	【コーセーコスメポート】ウルミナプラス 生つや肌 おしろい乳液 オイルブロック【化粧品】	tcfcb4125c
3821	12201270	inactive	pending	コーセーコスメポート	【コーセーコスメポート】サロンスタイルビオリス ボタニカル 前髪お直し パウダー【スタイリング】	t42ddde7c3
3822	12225309	inactive	pending	ジレット	【販売終了】【ジレット】ジレット プロシールド5＋1 替刃【男性用カミソリ】	t7e12c5ada
3823	12225308	inactive	pending	ジレット	【販売終了】【ジレット】ジレット プログライド5＋1 電動タイプ 替刃【男性用カミソリ】	tad3896560
3824	12225307	inactive	pending	ジレット	【販売終了】【ジレット】ジレット プログライド エアー5＋1 電動タイプ クール 替刃【男性用カミソ	tcdfda3ecb
3825	12225306	inactive	pending	ジレット	【ジレット】ヴィーナス つるすべ肌 ホルダー＋替刃2個付き【女性用カミソリ】	tbd2eaa28d
3826	12225305	inactive	pending	ジレット	【ジレット】ヴィーナス うるおい肌 ホワイトティーの香り 替刃【女性用カミソリ】	tf717882f6
3827	12225304	inactive	pending	ジレット	【ジレット】ヴィーナス うるおい肌 ホワイトティーの香り ホルダー＋替刃2個付き【女性用カミソリ】	t4299fda37
3828	12225303	inactive	pending	ジレット	【ジレット】ヴィーナス 敏感肌むけ 替刃【女性用カミソリ】	t4f19d97d7
3829	12225302	inactive	pending	ジレット	【ジレット】ヴィーナス 敏感肌むけ ホルダー＋替刃2個付き【女性用カミソリ】	t7202b8873
3830	12225301	inactive	pending	ジレット	【ジレット】ヴィーナス つるすべ肌 替刃【女性用カミソリ】	t96367763d
3831	12225300	inactive	pending	ジレット	【ジレット】ヴィーナス 艶すべ肌 ホルダー＋替刃2個付き【女性用カミソリ】	t3e58c6a91
3832	12225299	inactive	pending	ジレット	【ジレット】ヴィーナス 艶すべ肌 替刃【女性用カミソリ】	t5163b4a7f
3833	12225296	inactive	pending	ジレット	【ジレット】ヴィーナス うるもち肌 イチゴ畑の香り 替刃【女性用カミソリ】	tc9400a480
3834	12225295	inactive	pending	ジレット	【ジレット】ヴィーナス うるもち肌 イチゴ畑の香り ホルダー＋替刃2個付き【女性用カミソリ】	t2b5fb4063
3835	12225254	inactive	pending	デンタルプロ	【デンタルプロ】デンタルプロブラックダイヤプラス歯周ケア【歯ブラシ】	t9cfa18c85
3836	12225253	inactive	pending	デンタルプロ	【デンタルプロ】デンタルプロブラックダイヤプラス歯間ケアふつう【歯ブラシ】	td0816dc9a
3837	12225240	inactive	pending	ライオン	【ライオン】OCH−TUNE（オクチューン）ハブラシ SLOW【歯ブラシ】	tf2aafd372
3838	12225239	inactive	pending	ライオン	【ライオン】OCH−TUNE（オクチューン）ハブラシ FAST【歯ブラシ】	t9a6aac87a
3839	12225270	inactive	pending	トイレタリージャパン	【トイレタリージャパン】デンタル333 みんなで使えるハブラシ ふつう【歯ブラシ】	tc9a10aa89
3840	12225269	inactive	pending	トイレタリージャパン	【トイレタリージャパン】デンタル333みんなで使えるハブラシNキッズ【歯ブラシ】	t58f7711c1
3841	12225244	inactive	pending	ライオン	【ライオン】OCH−TUNE（オクチューン）マウスウォッシュ SLOW シルキーマイルドミント	t1f21c16b1
3842	12225243	inactive	pending	ライオン	【ライオン】OCH−TUNE（オクチューン）マウスウォッシュ FAST クールドライミント	te68faaaa5
3843	12225242	inactive	pending	ライオン	【ライオン】OCH−TUNE（オクチューン）ハミガキ SLOW ハーバルリラックスミント	taa670221e
3844	12225241	inactive	pending	ライオン	【ライオン】OCH−TUNE（オクチューン）ハミガキ FAST ブルーリフレッシュミント【歯磨き】	t4ef5489bd
3845	12225179	inactive	pending	クラシエホームプロダクツ販売	【クラシエ】いち髪 つやつやストレート和草ミスト【スタイリング】	t4b77d1870
3846	12270878	inactive	pending	ライオン	【ライオン】キレイキレイ 薬用泡ハンドソープ 専用オートディスペンサー【ハンドソープ】	tb09245142
3847	12301583	inactive	pending	クラシエホームプロダクツ販売	【クラシエ】エピラット 脱毛テープ【除毛・脱毛剤】	t1111de933
3848	12301579	inactive	pending	グリーンベル	【グリーンベル】SE−034さかむけ切りブラツク【耳掃除・ツメきり】	t47e17150c
3849	12301578	inactive	pending	グリーンベル	【グリーンベル】SE−033さかむけ切りホワイト【耳掃除・ツメきり】	t831d2203b
3850	12301585	inactive	pending	サンスター	【サンスター】サンスター 薬用 塩ハミガキ すっきりハーブタイプ【歯磨き】	t4d39ec444
3851	12301584	inactive	pending	サンスター	【サンスター】サンスター 薬用 塩ハミガキ【歯磨き】	ted99b3259
3852	12301538	inactive	pending	P＆G	【P＆G】パンテーン モイストスムースリペア 美容液ヘアミルク【ヘアトリートメント】	t1a99df7b0
3853	12301537	inactive	pending	P＆G	【P＆G】パンテーン エクストラダメージリペア 美容液ヘアミルク【ヘアトリートメント】	t6f0b87ef4
3854	12301536	inactive	pending	P＆G	【販売終了】【P＆G】パンテーン エアリーふんわりリペア 美容液ヘアミルク【ヘアトリートメント】	t83255d3d2
3855	12320027	inactive	pending	ライオン	【ライオン】システマ ハブラシ 極上プレミアム レギュラー ふつう【歯ブラシ】	t14dc6641c
3856	12320028	inactive	pending	ライオン	【ライオン】システマ ハブラシ 極上プレミアム 超コンパクト やわらかめ【歯ブラシ】	t001a7ad7f
3859	12588770	inactive	pending	貝印	【貝印】お客様歯ブラシ（パール）【歯ブラシ】	tc5a71ac58
3860	12588768	inactive	pending	スケーター	【スケーター】歯ブラシケース ミッキーマウス【歯ブラシ】	t2735750c0
3861	12588765	inactive	pending	スケーター	【スケーター】歯ブラシケース ハローキティ ラインデザイン【歯ブラシ】	td4a5eada6
3862	12588764	inactive	pending	スケーター	【スケーター】歯ブラシケース ハンギョドン ラインデザイン【歯ブラシ】	teaa8014d5
3863	12588763	inactive	pending	スケーター	【スケーター】歯ブラシケース シナモロール ラインデザイン【歯ブラシ】	t504db2534
3864	12588744	inactive	pending	バンダイ	【バンダイ】こどもハブラシ PIKMIN【歯ブラシ】	t43f2ee113
3865	12588742	inactive	pending	スケーター	【スケーター】歯ブラシ 園児用 ポケットモンスター【歯ブラシ】	t349054e5d
3866	12588741	inactive	pending	スケーター	【スケーター】歯ブラシ 乳児用 はらぺこあおむし【歯ブラシ】	ta9a58c269
3867	12588739	inactive	pending	スケーター	【スケーター】歯ブラシ 園児用 トミカ【歯ブラシ】	tfe252b2fb
3868	12588737	inactive	pending	スケーター	【スケーター】歯ブラシ 乳児用 おさるのジョージ【歯ブラシ】	t4d2639e6b
3869	12588735	inactive	pending	スケーター	【スケーター】歯ブラシ 園児用 すみっコぐらし もぐらのおうち【歯ブラシ】	t70efda020
3870	12588734	inactive	pending	スケーター	【スケーター】歯ブラシ 小学生用 すみっコぐらし 星空さんぽ【歯ブラシ】	t43ccf3473
3871	12588728	inactive	pending	スケーター	【スケーター】歯ブラシ コンパクトヘッド チップ＆デール【歯ブラシ】	t4dbaa2bb4
3872	12588725	inactive	pending	スケーター	【スケーター】歯ブラシ コンパクトヘッド マイメロディ ラインデザイン【歯ブラシ】	t0c2519785
3873	12588724	inactive	pending	スケーター	【スケーター】歯ブラシ コンパクトヘッド ハローキティ ラインデザイン【歯ブラシ】	tca356502b
3874	12588723	inactive	pending	スケーター	【スケーター】歯ブラシ コンパクトヘッド ハンギョドン ラインデザイン【歯ブラシ】	t96156f3bf
3875	12588722	inactive	pending	スケーター	【スケーター】歯ブラシ コンパクトヘッド シナモロール ラインデザイン【歯ブラシ】	t1ec64b943
3876	12588721	inactive	pending	スケーター	【スケーター】クリア歯ブラシ 園児用 おさるのジョージ【歯ブラシ】	tf92a07094
3877	12588720	inactive	pending	スケーター	【スケーター】クリア歯ブラシ 園児用 アナと雪の女王2【歯ブラシ】	t008e61980
3878	12588718	inactive	pending	スケーター	【スケーター】クリア歯ブラシ 園児用 パンどろぼう【歯ブラシ】	t44bcbcb35
3879	12588674	inactive	pending	グリーンベル	【グリーンベル】EC−66スイートアイラツシユコーム【メイク】	tfb69dd5de
3880	12588733	inactive	pending	広栄社	【広栄社】クリアデントハグキブラシ【デンタル用品】	tafbee25c3
3881	12588705	inactive	pending	ロート製薬	【ロート製薬】メンソレータム フラッシュティントリップ ブラウン【リップクリーム】	te7f1af956
3882	12588704	inactive	pending	コーセーコスメポート	【コーセーコスメポート】コエンリッチ トーンアップ ハンドクリーム【ハンドクリーム】	t925af13d2
3883	12588703	inactive	pending	コーセーコスメポート	【コーセーコスメポート】コエンリッチ 薬用 ホワイトニング ハンドクリーム【ハンドクリーム】	t3c4421544
3884	12588702	inactive	pending	コーセーコスメポート	【コーセーコスメポート】コエンリッチ 薬用 ホワイトニング ハンドクリーム ディープモイスチュア	t71e1bee4a
3885	12588701	inactive	pending	コーセーコスメポート	【コーセーコスメポート】コエンリッチ 薬用 ホワイトニング ハンドクリーム ディープモイスチュア	tc1df0744e
3886	12588700	inactive	pending	コーセーコスメポート	【コーセーコスメポート】コエンリッチ 薬用 ホワイトニング ハンドクリーム モイストジェル	t3e1b9a9a1
3887	12588699	inactive	pending	コーセーコスメポート	【コーセーコスメポート】コエンリッチ 薬用 エクストラガード ハンドクリーム【ハンドクリーム】	te044b3358
3888	12588698	inactive	pending	コーセーコスメポート	【コーセーコスメポート】コエンリッチ ナイトリニュー ハンドクリーム【ハンドクリーム】	tde0775b1f
3889	12588686	inactive	pending	ロート製薬	【ロート製薬】メンソレータム リップフォンデュ ベビーピンク【リップクリーム】	t9d5275d7a
3890	12588685	inactive	pending	ロート製薬	【ロート製薬】メンソレータム リップフォンデュ プラムレッド【リップクリーム】	t58d2f4cfb
3891	12588684	inactive	pending	ロート製薬	【ロート製薬】メンソレータム リップフォンデュ ヌードベージュ【リップクリーム】	td248d1fef
3892	12588677	inactive	pending	ロート製薬	【ロート製薬】メンソレータム リペアワン ナイトケアリップ【リップクリーム】	t1942cf1fc
3893	12588673	inactive	pending	ロート製薬	【ロート製薬】ケアセラ モイストバリア リップクリーム【リップクリーム】	t140e2b973
3894	12588672	inactive	pending	コーセーコスメポート	【コーセーコスメポート】コエンリッチ ザ プレミアム 薬用 リンクルナイト ハンドクリーム	tfc53a3a16
3895	12588671	inactive	pending	コーセーコスメポート	【コーセーコスメポート】コエンリッチ ザ プレミアム 薬用 CICA リペア ハンドクリーム	t224035f08
3896	12588670	inactive	pending	コーセーコスメポート	コエンリッチ ザ プレミアム 薬用 リンクルホワイト ハンドクリーム 金木犀の香り	t2e72cdf88
3897	12615297	inactive	pending	ロート製薬	【ロート製薬】肌ラボ 白潤 薬用 美白ジェル【化粧品】	tc6661f831
3898	12615295	inactive	pending	ロート製薬	【ロート製薬】リフレア デオドラント ジェル【制汗剤・デオドラント】	t54480ddf6
3899	12615294	inactive	pending	ロート製薬	【ロート製薬】リフレア デオドラント リキッド【制汗剤・デオドラント】	t6c850b984
3900	12615293	inactive	pending	ロート製薬	【ロート製薬】リフレア デオドラント リキッド【制汗剤・デオドラント】	t6c850b984
3901	12615291	inactive	pending	ロート製薬	【ロート製薬】リフレア デオドラント クリーム【制汗剤・デオドラント】	t8764a44bc
3902	12615289	inactive	pending	ロート製薬	【ロート製薬】メンソレータム フラッシュティントリップ レッド【リップクリーム】	t303595529
3903	12615288	inactive	pending	ロート製薬	【ロート製薬】メンソレータム フラッシュティントリップ ベージュ【リップクリーム】	t303595529
3904	12615285	inactive	pending	ロート製薬	【ロート製薬】ケアセラAP フェイス＆ボディ乳液 大容量 詰替え【化粧品】	t55039b351
3905	12615284	inactive	pending	ロート製薬	【ロート製薬】ケアセラAP フェイス＆ボディ乳液 大容量【化粧品】	t55039b351
3906	12615282	inactive	pending	ロート製薬	【ロート製薬】カラミン ノーセバム ジェル【化粧品】	t1f8524660
3907	12615280	inactive	pending	ロート製薬	【ロート製薬】メンソレータム リップリペアワン 角質ケアリップ【リップクリーム】	t3f7bec82a
3908	12615279	inactive	pending	ロート製薬	【ロート製薬】メンソレータム 薬用 リップリペアワン 無香料【リップクリーム】	t5a8e263cf
3909	12615278	inactive	pending	ロート製薬	【ロート製薬】メンソレータム 薬用 リップリペアワン ミントメントールの香り【リップクリーム】	t3524a185f
3910	12615277	inactive	pending	ロート製薬	【ロート製薬】スキンアクア スーパーモイスチャー ジェル ポンプ【UV・日焼け止め】	tc700ae5fa
3911	12615275	inactive	pending	ロート製薬	【ロート製薬】メンソレータム フラッシュティントリップ ピンク【リップクリーム】	t303595529
3912	12645439	inactive	pending	ミニマム	【ミニマム】マイメロディハピカ ホワイト DBK−5WMM【歯ブラシ】	t339207dff
3913	12645438	inactive	pending	ミニマム	【ミニマム】ハローキティハピカ ピンク DBK−5PHK【歯ブラシ】	tc733ebc41
3914	12645437	inactive	pending	ミニマム	【ミニマム】シナモロールハピカ ブルー DBK−5BCR【歯ブラシ】	t339207dff
3915	12645436	inactive	pending	ミニマム	【ミニマム】クロミハピカ ピンク DBK−5PKU【歯ブラシ】	td035df562
3916	12645413	inactive	pending	レキットベンキーザー	【レキットベンキーザー】泡ミューズボタニカルホワイト本体【ハンドソープ】	tbd0532631
3917	12645411	inactive	pending	エビス	【エビス】ゼロプレミアムケア・ポータブル【歯ブラシ】	t29fd46aeb
3918	12645407	inactive	pending	レキットベンキーザー	【レキットベンキーザー】泡ミューズボタニカルホワイトメガサイズ詰替【ハンドソープ】	t65bcc410f
3919	12645399	inactive	pending	レキットベンキーザー	【レキットベンキーザー】ミューズノータッチ付替ボトルボタニカルホワイト【ハンドソープ】	t59592cdb1
3920	12645402	inactive	pending	錦尚金	【錦尚金】ミニメイクブラシ5本セット・ケース付き（グリーン）【トラベル 旅行】	tc61ae3acf
3921	12645403	inactive	pending	錦尚金	【錦尚金】ミニメイクブラシ5本セット・ケース付き（イエローベージュ）【トラベル 旅行】	tee3a62dc4
3922	12645416	inactive	pending	エビス	【エビス】ゼロプレミアムケア・ステインイレイサー【デンタル用品】	t29fd46aeb
3923	12645401	inactive	pending	P＆G	【P＆G】オーラルB フロスピック ホワイトニング【フロス・歯間ブラシ】	tda817c39a
3924	12645400	inactive	pending	P＆G	【P＆G】オーラルB フロスピック ディープクリーン【フロス・歯間ブラシ】	tda817c39a
3925	12684607	inactive	pending	クラシエ	【クラシエ】ディアボーテ オイルインシャンプー リッチ＆リペア 詰替え 1．6回分【シャンプー】	t26ad59949
3926	12706902	inactive	pending	ジレット	【ジレット】ジレット マッハシン スキンテック ホルダー＋替刃5個付き【男性用カミソリ】	t435b5d277
3927	12706896	inactive	pending	ジレット	【ジレット】ジレット マッハシン スキンテック ホルダー＋替刃11個付き【男性用カミソリ】	t97a816925
3928	12707155	inactive	pending	コーセーコスメポート	【コーセーコスメポート】サロンスタイル ビオリス ピュアレタッチ ぺたふぅわ シャンプー 詰替え	td5fe8b9b3
3929	12707154	inactive	pending	コーセーコスメポート	サロンスタイル ビオリス ピュアレタッチ ぺたふぅわ ヘアコンディショナー 詰替え	t73cbe2cd6
3930	12707148	inactive	pending	クラシエホームプロダクツ販売	【クラシエ】マー＆ミー シャンプー 詰替用1．8回分【シャンプー】	tbeff46565
3931	12707147	inactive	pending	クラシエホームプロダクツ販売	【クラシエ】マー＆ミー コンディショナー 詰替用1．8回分【コンディショナー・リンス】	t4f7dbaee5
3933	12707068	inactive	pending	コーセーコスメポート	サロンスタイル ビオリス ピュアレタッチ ぺたふぅわ シャンプー＆ヘアコンディショナー トライアル	t5df78ada0
3934	12707067	inactive	pending	コーセーコスメポート	サロンスタイル ビオリス ピュアレタッチ ぱやとぅや シャンプー＆ヘアコンディショナー トライアル	t0676b7c48
3935	12707066	inactive	pending	コーセーコスメポート	サロンスタイル ビオリス ピュアレタッチ うねさぁら シャンプー＆ヘアコンディショナー トライアル	t9594ebf92
3936	12707025	inactive	pending	アース製薬	【アース製薬】ダモン リラックスミント【マウスウォッシュ】	t9d41b7e42
3937	12707024	inactive	pending	アース製薬	【アース製薬】ダモン ブライトレモン【マウスウォッシュ】	t9751e0f87
3938	12707008	inactive	pending	コーセーコスメポート	【コーセーコスメポート】サロンスタイル ビオリス ピュアレタッチ ぱやとぅや シャンプー 詰替え	td277b7d91
3939	12707007	inactive	pending	コーセーコスメポート	サロンスタイル ビオリス ピュアレタッチ ぱやとぅや ヘアコンディショナー 詰替え	td68c77de3
3940	12707006	inactive	pending	コーセーコスメポート	【コーセーコスメポート】サロンスタイル ビオリス ピュアレタッチ うねさぁら シャンプー 詰替え	ta56883188
3941	12707005	inactive	pending	コーセーコスメポート	サロンスタイル ビオリス ピュアレタッチ うねさぁら ヘアコンディショナー 詰替え	tdd8728b55
3942	12706993	inactive	pending	バスクリン	【バスクリン】薬用ソフレ 乾燥肌ケアボディソープ つめかえ用【ボディソープ】	t121034a14
3943	12706984	inactive	pending	ホーユー	【ホーユー】ビューティーン ベースアップブリーチ【ヘアカラー・黒髪用】	tbc1a5a7b1
3944	12706977	inactive	pending	バスクリン	【バスクリン】薬用ソフレ 乾燥肌ケアボディソープ【ボディソープ】	t121034a14
3945	12706952	inactive	pending	コーセーコスメポート	【コーセーコスメポート】サロンスタイル ビオリス ピュアレタッチ ぺたふぅわ シャンプー	t83547fef2
3946	12706951	inactive	pending	コーセーコスメポート	【コーセーコスメポート】サロンスタイル ビオリス ピュアレタッチ ぺたふぅわ ヘアコンディショナー	ta40ed49b9
3947	12706950	inactive	pending	コーセーコスメポート	【コーセーコスメポート】サロンスタイル ビオリス ピュアレタッチ ぱやとぅや シャンプー	td277b7d91
3948	12706949	inactive	pending	コーセーコスメポート	【コーセーコスメポート】サロンスタイル ビオリス ピュアレタッチ ぱやとぅや ヘアコンディショナー	tb016f6f39
3949	12706948	inactive	pending	コーセーコスメポート	【コーセーコスメポート】サロンスタイル ビオリス ピュアレタッチ うねさぁら シャンプー	t6746510ff
3950	12706947	inactive	pending	コーセーコスメポート	【コーセーコスメポート】サロンスタイル ビオリス ピュアレタッチ うねさぁら ヘアコンディショナー	te90b929ce
3951	12706946	inactive	pending	コーセーコスメポート	【コーセーコスメポート】サロンスタイル ビオリス ピュアレタッチ ディープリペア ヘアマスク	t210a64e38
3952	12706945	inactive	pending	ホーユー	【ホーユー】ビューティーン エアリーブリーチ【ヘアカラー・黒髪用】	t4af75d99a
3953	12706929	inactive	pending	コーセーコスメポート	【コーセーコスメポート】クリアターン ごめんね素肌 おやすみリペアクリーム【化粧品】	t3c93a951a
3954	12706928	inactive	pending	コーセーコスメポート	【コーセーコスメポート】サロンスタイル ビオリス ピュアレタッチ グロウヘア オイルインミスト	t61c035b31
3955	12706927	inactive	pending	ホーユー	【ホーユー】ビゲン 泡クリームカラー 5A ダークアッシュ【ヘアカラー・白髪用】	tb791ea927
3956	12706926	inactive	pending	ホーユー	【ホーユー】ビゲン 泡クリームカラー 3B キャメルブラウン【ヘアカラー・白髪用】	tb791ea927
3957	12706925	inactive	pending	ホーユー	【ホーユー】ビゲン 泡クリームカラー 2N ブライトブラウン【ヘアカラー・白髪用】	tb791ea927
3958	12706920	inactive	pending	ホーユー	【ホーユー】ビューティーン プレックスブリーチ【ヘアカラー・黒髪用】	tfb9496e5e
3959	12706908	inactive	pending	コーセーコスメポート	【コーセーコスメポート】クリアターン ごめんね素肌 おめざめスイッチマスク【シートマスク】	t152d56373
3960	12706907	inactive	pending	コーセーコスメポート	【コーセーコスメポート】クリアターン まいにち毛穴小町マスク【シートマスク】	tf30c3ab8d
3961	12706900	inactive	pending	コーセーコスメポート	【コーセーコスメポート】グレイスワン リンクルケア モイストリペア ジェルクリーム EX 詰替え	t80871eb28
3962	12706897	inactive	pending	コーセーコスメポート	【コーセーコスメポート】グレイスワン リンクルケア モイストリペア ジェルクリーム EX【化粧品】	t4f3cbb242
3963	12695699	inactive	pending	クラシエ	【クラシエ】ディアボーテ オイルインコンディショナー リッチ＆リペア 詰替え 1．6回分	t02427c18f
3964	12712264	inactive	pending	デンタルプロ	【デンタルプロ】デンタルプロブラックダイヤプラス奥歯フィットケアふつう【歯ブラシ】	t5b4490c98
3965	12712263	inactive	pending	デンタルプロ	【デンタルプロ】デンタルプロブラックダイヤプラス歯面フィットケアワイドふつう【歯ブラシ】	te43e8b7ed
3966	12712262	inactive	pending	デンタルプロ	【デンタルプロ】デンタルプロやさしいテープフロス50P【フロス・歯間ブラシ】	tee7fa1517
3967	12712242	inactive	pending	ファイントゥデイ	【ファイントゥデイ】TSUBAKI プレミアム ボリューム＆リペア コンディショナー つめかえ用	tc107198ae
3968	12712240	inactive	pending	ファイントゥデイ	【ファイントゥデイ】TSUBAKI プレミアム モイスト＆リペア コンディショナー つめかえ用	t582a2e1e3
3969	12712238	inactive	pending	ファイントゥデイ	TSUBAKI プレミアム ボリューム＆リペア コンディショナー つめかえ用 大容量	t87768498d
3970	12712236	inactive	pending	ファイントゥデイ	TSUBAKI プレミアム モイスト＆リペア コンディショナー つめかえ用 大容量	t62a50355d
3971	12712228	inactive	pending	ファイントゥデイ	【ファイントゥデイ】TSUBAKI プレミアムEX リペアマスク ＜ヘアパック＞ つめかえ用	t93d5db685
3972	12712226	inactive	pending	ファイントゥデイ	【ファイントゥデイ】TSUBAKI プレミアム モイスト＆リペア トリートメント	t1f152d8e9
3973	12712225	inactive	pending	ユニリーバ	【ユニリーバ】ダヴ ビューティモイスチャー クリーミー泡洗顔料 詰替え【洗顔・クレンジング】	te85b90128
3974	12712224	inactive	pending	ファイントゥデイ	TSUBAKI プレミアム ボリューム＆リペア コンディショナー つめかえ用 特大容量	t3df728047
3975	12712222	inactive	pending	ファイントゥデイ	TSUBAKI プレミアム モイスト＆リペア コンディショナー つめかえ用 特大容量	td3ca457a5
3976	12712219	inactive	pending	ジュン・コスメティック	【ジュン・コスメティック】P．P．T．アミノSコンディショナー【コンディショナー・リンス】	ta0853db6c
3977	12712218	inactive	pending	ファイントゥデイ	【ファイントゥデイ】TSUBAKI プレミアムEX リペアマスク ＜ヘアパック＞	t4f2961856
3978	12712214	inactive	pending	ユニリーバ	【ユニリーバ】ラックス バスグロウ リペア＆シャイン トリートメント 詰替え【ヘアトリートメント】	t81e5e7377
3979	12712212	inactive	pending	ユニリーバ	【販売終了】【ユニリーバ】ラックス バスグロウ ストレート＆シャイン トリートメント 詰替え	t8f30c0e1f
3980	12712207	inactive	pending	ファイントゥデイ	TSUBAKI プレミアムEX ダメージケア＆リペア コンディショナートリートメント つめかえ用	tc3642fe1e
3981	12712205	inactive	pending	ユニリーバ	【ユニリーバ】ラックス バスグロウ ヘアオイル【ヘアトリートメント】	ta63520fcf
3982	12712204	inactive	pending	ユニリーバ	【ユニリーバ】ラックス バスグロウ リペア＆シャイン トリートメント 詰替え【ヘアトリートメント】	tbf554f8aa
3983	12712203	inactive	pending	ユニリーバ	【ユニリーバ】ラックス バスグロウ リペアアンドシャイン トリートメント ポンプ	t3de9e3e7d
3984	12712200	inactive	pending	ユニリーバ	【ユニリーバ】ラックス バスグロウ ストレートアンドシャイン トリートメント ポンプ	t3de9e3e7d
3985	12712199	inactive	pending	ユニリーバ	【ユニリーバ】ラックス バスグロウ ストレート＆シャイン トリートメント 詰替え	td5c43b089
3986	12712196	inactive	pending	ファイントゥデイ	【ファイントゥデイ】TSUBAKI プレミアム ボリューム＆リペア コンディショナー	t28fa114a7
3987	12712194	inactive	pending	ファイントゥデイ	【ファイントゥデイ】TSUBAKI プレミアム モイスト＆リペア コンディショナー	t5a085e998
3988	12712192	inactive	pending	ファイントゥデイ	TSUBAKI プレミアムEX ダメージケア＆リペア コンディショナートリートメント	t64ac4844d
3989	12712191	inactive	pending	ファイントゥデイ	【ファイントゥデイ】TSUBAKI プレミアム ボリューム＆リペア トリートメント	t0a103258e
3990	12712258	inactive	pending	ユニリーバ	【ユニリーバ】ラックス バスグロウ リペア＆シャイン シャンプー・トリートメント サシェセット	tea43426ed
3991	12712257	inactive	pending	ユニリーバ	ラックス バスグロウ ストレート＆シャイン シャンプー・トリートメント サシェセット	tf7cdf935c
3992	12712255	inactive	pending	ユニリーバ	【ユニリーバ】ダヴ ボディウォッシュ ラベンダー＆オーツミルク 詰替え【ボディソープ】	t9c404b93f
3993	12712241	inactive	pending	ファイントゥデイ	【ファイントゥデイ】TSUBAKI プレミアム ボリューム＆リペア シャンプー つめかえ用	t27f600daa
3994	12712239	inactive	pending	ファイントゥデイ	【ファイントゥデイ】TSUBAKI プレミアム モイスト＆リペア シャンプー つめかえ用	t805547907
3995	12712237	inactive	pending	ファイントゥデイ	【ファイントゥデイ】TSUBAKI プレミアム ボリューム＆リペア シャンプー つめかえ用 大容量	t01bbadb9c
3996	12712235	inactive	pending	ファイントゥデイ	【ファイントゥデイ】TSUBAKI プレミアム モイスト＆リペア シャンプー つめかえ用 大容量	tec8c09a47
3997	12712233	inactive	pending	ファイントゥデイ	【ファイントゥデイ】TSUBAKI プレミアム トリートメントウォーター【美容液】	tbce9aafa9
3998	12712232	inactive	pending	ユニリーバ	【ユニリーバ】ラックス バスグロウ リペアアンドシャイン ヘアマスク【ヘアトリートメント】	t3de9e3e7d
3999	12712231	inactive	pending	ユニリーバ	【ユニリーバ】ラックス バスグロウ リペアアンドシャイン ヘアブースター【ヘアトリートメント】	t0ab96ab3f
4000	12712229	inactive	pending	ユニリーバ	【販売終了】【ユニリーバ】ラックス バスグロウ ストレート＆シャイン ヘアブースター【ヘアトリートメ	t35cec7a78
4001	12712227	inactive	pending	ファイントゥデイ	【ファイントゥデイ】TSUBAKI プレミアム ボリューム＆リペア シャンプー【シャンプー】	t32e1d317d
4002	12712223	inactive	pending	ファイントゥデイ	【ファイントゥデイ】TSUBAKI プレミアム ボリューム＆リペア シャンプー つめかえ用 特大容量	t985af0e2f
4003	12712221	inactive	pending	ファイントゥデイ	【ファイントゥデイ】TSUBAKI プレミアム モイスト＆リペア シャンプー つめかえ用 特大容量	t2e3e83dc9
4004	12712220	inactive	pending	ジュン・コスメティック	【ジュン・コスメティック】P．P．T．アミノSシャンプー【シャンプー】	t8df9b6846
4005	12712213	inactive	pending	ユニリーバ	【ユニリーバ】ラックス バスグロウ リペアアンドシャイン シャンプー つめかえ用【シャンプー】	tfa153e56b
4006	12712211	inactive	pending	ユニリーバ	【ユニリーバ】ラックス バスグロウ ストレート＆シャイン シャンプー 詰替え【シャンプー】	t0788b75cc
4007	12712210	inactive	pending	ユニリーバ	【ユニリーバ】ダヴ ボディウォッシュ ラベンダー＆オーツミルク 詰替え【ボディソープ】	t7b1480e80
4008	12712209	inactive	pending	ユニリーバ	【ユニリーバ】ダヴ ボディウォッシュ ラベンダー＆オーツミルク ポンプ【ボディソープ】	t7b2b7a186
4009	12712208	inactive	pending	ファイントゥデイ	【ファイントゥデイ】TSUBAKI プレミアムEX ダメージケア＆リペア シャンプー つめかえ用	t774d5356e
4010	12712206	inactive	pending	ファイントゥデイ	【ファイントゥデイ】TSUBAKI プレミアム トリートメントウォーター つめかえ用【美容液】	t28d89a68b
4011	12712202	inactive	pending	ユニリーバ	【ユニリーバ】ラックス バスグロウ リペアアンドシャイン シャンプー ポンプ【シャンプー】	t3de9e3e7d
4012	12712201	inactive	pending	ユニリーバ	【ユニリーバ】ラックス バスグロウ リペア＆シャイン シャンプー 詰替え【シャンプー】	td8fb155b5
4013	12712197	inactive	pending	ユニリーバ	【ユニリーバ】ラックス バスグロウ ストレート＆シャイン シャンプー 詰替え【シャンプー】	t4c86c3cea
4014	12712195	inactive	pending	ファイントゥデイ	【ファイントゥデイ】TSUBAKI プレミアム モイスト＆リペア シャンプー【シャンプー】	t936ea7d97
4015	12712193	inactive	pending	ファイントゥデイ	【ファイントゥデイ】TSUBAKI プレミアムEX ダメージケア＆リペア シャンプー【シャンプー】	t6854dee2e
4016	12783585	inactive	pending	グリーンベル	【グリーンベル】ステンレス製巻き爪専用ニッパーつめきり【耳掃除・ツメきり】	tb23141ab4
4017	12783582	inactive	pending	グリーンベル	【グリーンベル】キャッチャー付きつめきり【耳掃除・ツメきり】	t0d60b6df2
4018	12783580	inactive	pending	グリーンベル	【グリーンベル】鼻毛カッター【メイク】	t9d451307e
4019	12783572	inactive	pending	グリーンベル	【グリーンベル】YB−05キユーテイクルカツター【ネイルケア】	ta639630fd
4020	12783570	inactive	pending	グリーンベル	【グリーンベル】ルーペ付きステンレス製つめきり【ネイルケア】	t6e5afb467
4021	12783569	inactive	pending	グリーンベル	【グリーンベル】G−1043ステンレス製しなるツメヤスリ【耳掃除・ツメきり】	t053f8ebd8
4022	12783567	inactive	pending	グリーンベル	【グリーンベル】先斜め毛抜き・ラバーグリップ【メイク】	tb194e26b7
4023	12783560	inactive	pending	グリーンベル	【グリーンベル】キューティクルカッター【ネイルケア】	te3919bd18
4024	12783559	inactive	pending	グリーンベル	【グリーンベル】キューティクルニッパー【耳掃除・ツメきり】	t476d19b5c
4025	12783558	inactive	pending	グリーンベル	【グリーンベル】ステンレス製髭はさみ【メイク】	t758e6b061
4026	12783557	inactive	pending	グリーンベル	【グリーンベル】ステンレス製スリムニッパーツメキリ【耳掃除・ツメきり】	te7333765a
4027	12783554	inactive	pending	グリーンベル	【グリーンベル】キャッチャーつめきり【耳掃除・ツメきり】	t08fa16a0e
4028	12783549	inactive	pending	グリーンベル	【グリーンベル】YB−04弱爪さん向け爪削り【ネイルケア】	td794325d2
4029	12783547	inactive	pending	グリーンベル	【グリーンベル】YB−03しなるツメヤスリ【ネイルケア】	t12f2ef1c7
4030	12783544	inactive	pending	グリーンベル	【グリーンベル】YB−02すつぴんネイルつめやすりアーチタイプ【ネイルケア】	tb84c66ba0
4031	12783542	inactive	pending	グリーンベル	【グリーンベル】ステンレス製高級つめきり 金属キャッチャー付き【ネイルケア】	t788b8a7e5
4032	12783541	inactive	pending	グリーンベル	【グリーンベル】ステンレス製爪に負担の少ないツメヤスリ【耳掃除・ツメきり】	t7f2ac9973
4033	12783538	inactive	pending	グリーンベル	【グリーンベル】EC−65スウイートアイラツシユカーラー【メイク】	t1f0b9296f
4034	12783537	inactive	pending	グリーンベル	【グリーンベル】ワイドタイプアイラッシュカーラー【メイク】	t4df089573
4035	12783536	inactive	pending	グリーンベル	【グリーンベル】ステンレス製ニッパーつめきり＆ツメヤスリセット【耳掃除・ツメきり】	t3eaa380f0
4036	12783535	inactive	pending	グリーンベル	【グリーンベル】ステンレス製ニッパーつめきり（喰切型）【耳掃除・ツメきり】	t6ecc320e3
4037	12783524	inactive	pending	グリーンベル	【グリーンベル】ステンレス製ニッパーつめきり【耳掃除・ツメきり】	t388cb2ce3
4038	12783523	inactive	pending	グリーンベル	【グリーンベル】ステンレス製ニッパーつめきり（鋭利型）【耳掃除・ツメきり】	tf328027fa
4039	12783522	inactive	pending	グリーンベル	【グリーンベル】驚きの毛抜き・ミニ【メイク】	t7cb8779c6
4040	12783520	inactive	pending	グリーンベル	【グリーンベル】キャッチャーツメキリ＆ステンレスツメヤスリセット【耳掃除・ツメきり】	t3d8639661
4041	12783518	inactive	pending	グリーンベル	【グリーンベル】ステンレス製高級毛抜き（先斜め）【メイク】	te40d08e42
4042	12783511	inactive	pending	グリーンベル	【グリーンベル】NC−135ゴールド爪切りMピンク【耳掃除・ツメきり】	t43035297b
4043	12783503	inactive	pending	グリーンベル	【グリーンベル】ツメヤスリ（ハードタイプ）【ネイルケア】	tb72d6b115
4044	12783502	inactive	pending	グリーンベル	【グリーンベル】ステンレス製ベビー用爪削り BA−005【耳掃除・ツメきり】	t6346bf495
4045	12783501	inactive	pending	グリーンベル	【グリーンベル】NC−166ステンレス製深爪防止つめきり【耳掃除・ツメきり】	t7d358b12a
4046	12783499	inactive	pending	グリーンベル	【グリーンベル】甘皮押し＆ツメの汚れ落とし【ネイルケア】	tad82362ec
4047	12783493	inactive	pending	グリーンベル	【グリーンベル】ステンレス製ルーペ付深爪防止つめきり G−1309【耳掃除・ツメきり】	t08d98dc21
4048	12783490	inactive	pending	グリーンベル	【グリーンベル】ツーウェイ・ツメヤスリ（ハード＆ソフトタイプ）【ネイルケア】	t056eaa7fa
4049	12783486	inactive	pending	グリーンベル	【グリーンベル】NC−133ゴールド爪切りSピンク【耳掃除・ツメきり】	t26a991007
4050	12783480	inactive	pending	グリーンベル	【グリーンベル】ベビー用深爪防止爪きり BA−004【耳掃除・ツメきり】	taaf8d13df
4051	12783479	inactive	pending	グリーンベル	【グリーンベル】G−1038回転収納式ツーウエイツメヤスリ【耳掃除・ツメきり】	t68f5c37cf
4052	12783477	inactive	pending	グリーンベル	【グリーンベル】ステンレス製スリムニッパーつめきり【ネイルケア】	t227eb0774
4053	12783473	inactive	pending	グリーンベル	【グリーンベル】ステンレス製深爪防止つめきり G−1308【耳掃除・ツメきり】	t7d358b12a
4054	12783471	inactive	pending	グリーンベル	【グリーンベル】ステンレス製ツーウェイ・ツメヤスリ【汗わきパッド】	tf263013b5
4055	12783468	inactive	pending	グリーンベル	【グリーンベル】鼻毛カッター【メイク】	t093e7fd5d
4056	12783465	inactive	pending	グリーンベル	【グリーンベル】先細毛抜き・ラバーグリップ【メイク】	tb194e26b7
4057	12783495	inactive	pending	グリーンベル	【グリーンベル】スキはさみ【美容小物】	t8e56dc4a9
4058	12783491	inactive	pending	グリーンベル	【グリーンベル】グルーミングキット G‐3110【トラベル 旅行】	t1f854651c
4059	12783481	inactive	pending	グリーンベル	【グリーンベル】G−5011ステンレス製スキはさみ【美容小物】	t3bf78113a
4060	12783472	inactive	pending	グリーンベル	【グリーンベル】ステンレスヘアーカットはさみ G−5010【美容小物】	tdeb48b843
4061	12783546	inactive	pending	グリーンベル	【グリーンベル】GT−235ズレずに抜ける驚きの毛抜先斜めシヤイニーピンク【トラベル 旅行】	ta934bcc7f
4062	12783540	inactive	pending	グリーンベル	【グリーンベル】舌クリーナー（ブラシ＆ヘラ）【舌クリーナー】	t997b6c4fa
4063	12783529	inactive	pending	グリーンベル	【グリーンベル】極細・歯垢ヤニ取り【デンタル用品】	t49d2d4d1c
4064	12783508	inactive	pending	グリーンベル	【グリーンベル】アドニスグルーミングキット【トラベル 旅行】	t1fc77cd5d
4065	12783507	inactive	pending	グリーンベル	【グリーンベル】アドニスグルーミングキット【トラベル 旅行】	tce1507950
4066	12783488	inactive	pending	グリーンベル	【グリーンベル】G−2184舌クリーナーミント【舌クリーナー】	tb4b0f8532
4067	12783487	inactive	pending	グリーンベル	【グリーンベル】舌クリーナーベリー G−2181【舌クリーナー】	tb4b0f8532
4068	12783467	inactive	pending	グリーンベル	【グリーンベル】ヘアカットはさみ【美容小物】	t2482d3ffd
4069	12783466	inactive	pending	グリーンベル	【グリーンベル】匠の技グルーミングキットM【トラベル 旅行】	tf9b196efe
4070	12784339	inactive	pending	ライオン	【ライオン】クリニカ アドバンテージ ハブラシ 4列レギュラー やわらかめ【歯ブラシ】	tddcead0b7
4071	12784338	inactive	pending	ライオン	【ライオン】クリニカ アドバンテージ ハブラシ 4列レギュラー ふつう【歯ブラシ】	tddcead0b7
4072	12784275	inactive	pending	河野製紙	【河野製紙】タオラズフェイシャルペーパー携帯用6枚X2P【コットン】	te4eed4107
4073	12784230	inactive	pending	銀座ステファニー	【銀座ステファニー】ユーシモールホワイトピンク 歯ブラシ【歯ブラシ】	t7713cf2ce
4074	12784221	inactive	pending	銀座ステファニー	【銀座ステファニー】ユーシモールトラベルセット【歯ブラシ】	t6898e667e
4075	12784194	inactive	pending	銀座ステファニー	【銀座ステファニー】ユーシモールホワイトピンクトラベルセット【歯ブラシ】	t870af392f
4076	12784154	inactive	pending	ジレット	【ジレット】オーラルB IO2 ホワイト【歯ブラシ】	tec418faac
4077	12784349	inactive	pending	ダリヤ	【ダリヤ】サロンドプロ オイルリッチクリームヘアカラー（白髪用） 3BB＜ブライトブラウン＞	t4baef86f2
4079	12784347	inactive	pending	ダリヤ	【ダリヤ】クレオディーテ クリアリーカラー （白髪用） ＜フレンチグレージュ＞【ヘアカラー・白髪用】	t81c8b82c8
4080	12784346	inactive	pending	ダリヤ	【ダリヤ】サロンドプロ オイルリッチクリームヘアカラー 白髪用 5BB スタイリッシュブラウン	t00d650eba
4081	12784345	inactive	pending	ダリヤ	【ダリヤ】サロンドプロ オイルリッチクリームヘアカラー（白髪用） 4WB＜スイートブラウン＞	t4baef86f2
4082	12784344	inactive	pending	ダリヤ	【ダリヤ】サロンドプロ オイルリッチクリームヘアカラー（白髪用） 4PB＜ピンクブラウン＞	t4baef86f2
4083	12784341	inactive	pending	クラシエホームプロダクツ販売	【クラシエ】YOHADA ボディウォッシュ トライアル【ボディソープ】	t28f63ad8c
4084	12784336	inactive	pending	牛乳石鹸共進社	【牛乳石鹸共進社】カウブランド無添加シャンプー さらさらケア つめかえ用【シャンプー】	t20bfd6f1f
4085	12784272	inactive	pending	ダリヤ	【ダリヤ】サロンドプロ オイルリッチクリームヘアカラー 白髪用 4CA ナチュラルアッシュ	tdab6be12c
4086	12784271	inactive	pending	ダリヤ	【ダリヤ】サロンドプロ オイルリッチクリームヘアカラー（白髪用） 4BE＜ナチュラルベージュ＞	t4baef86f2
4087	12784270	inactive	pending	ダリヤ	【ダリヤ】サロンドプロ オイルリッチクリームヘアカラー（白髪用） 4BB＜スタンダードブラウン＞	t4baef86f2
4088	12784269	inactive	pending	ダリヤ	【ダリヤ】サロンドプロ オイルリッチクリームヘアカラー（白髪用） 3NB＜グロッシーブラウン＞	t4baef86f2
4089	12784268	inactive	pending	ダリヤ	【ダリヤ】サロンドプロ オイルリッチクリームヘアカラー（白髪用） 3MA＜オリーブアッシュ＞	t4baef86f2
4090	12784267	inactive	pending	ダリヤ	【ダリヤ】サロンドプロ オイルリッチクリームヘアカラー（白髪用） 3GG＜クレアグレージュ＞	t4baef86f2
4091	12784266	inactive	pending	ダリヤ	【ダリヤ】サロンドプロ オイルリッチクリームヘアカラー（白髪用） 3BE＜ピュアベージュ＞	t4baef86f2
4092	12784254	inactive	pending	ライオンケミカル	【ライオンケミカル】泡のスッキリデントスプレー 詰め替え用【入れ歯用】	te83c83b90
4093	12784239	inactive	pending	クラシエホームプロダクツ販売	【クラシエ】肌美精 CHOI薬用泡洗顔 ニキビケア 詰替用【洗顔・クレンジング】	t0f99eab55
4094	12784238	inactive	pending	クラシエホームプロダクツ販売	【クラシエ】肌美精 CHOI薬用泡洗顔 肌・毛穴ケア 詰替用【洗顔・クレンジング】	tc0c7b6dc0
4095	12784233	inactive	pending	牛乳石鹸共進社	【牛乳石鹸共進社】カウブランド無添加シャンプー うるおいケア つめかえ用【シャンプー】	t69b2365f3
4096	12784229	inactive	pending	クラシエホームプロダクツ販売	【クラシエ】モイスタージュ リフトエッセンスローション（超しっとり）詰替用【化粧水・ローション】	taf8e95a77
4097	12784228	inactive	pending	ライオンケミカル	【ライオンケミカル】泡のスッキリデントスプレー本体【入れ歯用】	tf271866b0
4098	12784227	inactive	pending	牛乳石鹸共進社	【牛乳石鹸共進社】カウブランド 無添加 トリートメント さらさらケア【ヘアトリートメント】	t254b7ca66
4099	12784226	inactive	pending	牛乳石鹸共進社	【牛乳石鹸共進社】カウブランド無添加トリートメント うるおいケア【ヘアトリートメント】	t293ed557f
4100	12784225	inactive	pending	牛乳石鹸共進社	【牛乳石鹸共進社】自然ごこち 金木犀 洗顔石けん【石鹸】	t017d2a22a
4101	12784219	inactive	pending	クラシエホームプロダクツ販売	【クラシエ】モイスタージュ リフトエッセンスローション（超しっとり）【化粧水・ローション】	taf8e95a77
4102	12784218	inactive	pending	クラシエホームプロダクツ販売	【クラシエ】モイスタージュ リフトエッセンスミルク（超しっとり）【化粧品】	ta0b448196
4103	12784217	inactive	pending	クラシエホームプロダクツ販売	【クラシエ】モイスタージュ リフトエッセンスクリーム（超しっとり）【化粧品】	tb1e67980b
4104	12784216	inactive	pending	クラシエホームプロダクツ販売	【クラシエ】モイスタージュ 薬用エッセンスローション（しっとり）【化粧水・ローション】	t7abeea454
4105	12784215	inactive	pending	クラシエホームプロダクツ販売	【クラシエ】モイスタージュ 薬用エッセンスミルク（しっとり）【化粧品】	tacacd4b2c
4106	12784214	inactive	pending	クラシエホームプロダクツ販売	【クラシエ】モイスタージュ Wコールドクリーム【メイク落とし・クレンジング】	tf7bfd7bab
4107	12784208	inactive	pending	クラシエホームプロダクツ販売	【クラシエ】YOHADA ボディウォッシュ 詰替用【ボディソープ】	t28f63ad8c
4108	12784207	inactive	pending	小林製薬	【小林製薬】歯周病ケア スミガキ【歯磨き】	tae98c2746
4109	12784198	inactive	pending	コーセーコスメポート	【コーセーコスメポート】ソフティモ クレンジングコットンシート【メイク落とし・クレンジング】	tb25b6d707
4110	12784193	inactive	pending	小林製薬	【小林製薬】ゼローラ ストロングミント【歯磨き】	t36db457bf
4111	12784189	inactive	pending	牛乳石鹸共進社	【牛乳石鹸共進社】カウブランド無添加シャンプー うるおいケア ポンプ付【シャンプー】	tf767da017
4112	12784188	inactive	pending	牛乳石鹸共進社	【牛乳石鹸共進社】カウブランド無添加シャンプー さらさらケア ポンプ付【シャンプー】	t1194266d8
4113	12784184	inactive	pending	クラシエホームプロダクツ販売	【クラシエ】モイスタージュ 薬用エッセンスゲル（しっとり）【化粧品】	t374895878
4114	12784179	inactive	pending	クラシエホームプロダクツ販売	【クラシエ】YOHADA ボディウォッシュ ポンプ【ボディソープ】	t28f63ad8c
4115	12784174	inactive	pending	コーセーコスメポート	【コーセーコスメポート】グレイスワン 薬用 リンクル リフト液 詰替え【化粧品】	t3cd6901a4
4116	12784166	inactive	pending	コーセーコスメポート	【コーセーコスメポート】グレイスワン 薬用リンクル リペアジェル 詰替え【化粧品】	ta4ab7e8c8
4117	12784159	inactive	pending	コーセーコスメポート	【コーセーコスメポート】グレイスワン 薬用 リンクル リフト液【化粧品】	t30c799ab9
4118	12784158	inactive	pending	コーセーコスメポート	【コーセーコスメポート】グレイスワン 薬用リンクル リペアジェル【化粧品】	t9e78e1bab
4119	12820908	inactive	pending	ハヤシ商事	【ハヤシ商事】フェイシャルタオルペーパー クロミ【コットン】	t8f007fbb9
4120	12820907	inactive	pending	グリーンベル	【グリーンベル】G−1024キヤツチヤー付ステンレス製高級つめきり【耳掃除・ツメきり】	t9f39fbfab
4121	12820838	inactive	pending	カネヨ石鹸	【カネヨ石鹸】無添加せっけんハンドソープ 本体【ハンドソープ】	t02e759b49
4122	12820828	inactive	pending	グラクソスミスクライン	【グラクソスミスクライン】シュミテクト プラチナプロテクトEXハブラシ レギュラー（ふつう）	t778121e13
4123	12820819	inactive	pending	グラクソスミスクライン	【グラクソスミスクライン】シュミテクト 歯周ケア ポータブルセット〈1450ppm〉【歯ブラシ】	td2a88c9e2
4124	12820805	inactive	pending	ライオン	キレイキレイ 薬用ハンドコンディショニングソープ あたたかな木漏れ日の香り S＆R 詰替用	t5edcbd1fe
4125	12820780	inactive	pending	ライオン	キレイキレイ 薬用ハンドコンディショニングソープ あたたかな木漏れ日の香り S＆R 詰替用大型サイズ	t4b8c27063
4126	12820837	inactive	pending	カネヨ石鹸	【カネヨ石鹸】薬用柿渋ボディソープ【ボディソープ】	t33b50d970
4127	12820836	inactive	pending	カネヨ石鹸	【カネヨ石鹸】無添加泡のせっけんボディーソープ 本体【ボディソープ】	td9e32d292
4128	12820792	inactive	pending	クラシエ	【クラシエ】プロスタイル ヒートケア＆スタイリング ミストシャワー 詰替用【スタイリング】	tc3cdb3f84
4129	12820791	inactive	pending	クラシエ	【クラシエ】プロスタイル ヒートケア＆スタイリング ミストシャワー【スタイリング】	tc3cdb3f84
4130	12820781	inactive	pending	クラシエ	【クラシエ】肌美精 アイバッグ ニードルショット 1回分【化粧品】	t0d605c629
4131	12820779	inactive	pending	クラシエ	【クラシエ】ディアボーテ リペアブローミスト【美容液】	te954e884f
4132	12820778	inactive	pending	クラシエ	【クラシエ】ディアボーテ トリートメントリペアミルク【美容液】	tecec9f912
4133	12820777	inactive	pending	クラシエ	【クラシエ】プロスタイル ヒートケア＆スタイリング ローション【スタイリング】	t1a266ff0f
4134	12820776	inactive	pending	クラシエ	【クラシエ】プロスタイル ヒートケア＆スタイリング ミルク【スタイリング】	t8228317b9
4135	12820775	inactive	pending	小林製薬	【小林製薬】ピースクリン マウスピース洗浄剤【入れ歯用】	t3c8094427
4136	12820773	inactive	pending	グラクソスミスクライン	【グラクソスミスクライン】部分入れ歯用 ホワイト二ング ポリデント プレミアム【入れ歯用】	t6d8c48f33
4137	12820772	inactive	pending	グラクソスミスクライン	【グラクソスミスクライン】部分入れ歯用 3分スピード ポリデント プレミアム【入れ歯用】	te85c68e82
4138	12820771	inactive	pending	コーセーコスメポート	【コーセーコスメポート】ジュレーム iP タラソリペア キューティクルボンド ヘアオイル	t071948068
4139	12820768	inactive	pending	小林製薬	【小林製薬】メンズケシミン プレミアム 乳液【化粧品】	taa803f0f7
4140	12820767	inactive	pending	クラシエ	【クラシエ】肌美精 アイバッグ ニードルショット 3回分【化粧品】	t0d605c629
4141	12837932	inactive	pending	ライオン	キレイキレイ 薬用ハンドコンディショニングソープ あたたかな木漏れ日の香り S＆R 本体	t1c31ddb9b
4142	12890217	inactive	pending	P＆G	【P＆G】パンテーン ミラクルズ うねりコントロール＆リペア トライアルサシェ【シャンプー】	tc50738a27
4143	12890186	inactive	pending	P＆G	【P＆G】パンテーン ミラクルズ うねりコントロール＆リペア シャンプー 詰替え【シャンプー】	tc50738a27
4144	12890185	inactive	pending	P＆G	【P＆G】パンテーン ミラクルズ うねりコントロール＆リペア トリートメント 詰替え	tc50738a27
4145	12890182	inactive	pending	P＆G	【P＆G】パンテーン ミラクルズ うねりコントロール＆リペア シャンプー【シャンプー】	tc50738a27
4146	12890181	inactive	pending	P＆G	【P＆G】パンテーン ミラクルズ うねりコントロール＆リペア トリートメント【ヘアトリートメント】	tc50738a27
4147	12890179	inactive	pending	サンスター	【サンスター】ガム・デンタルリンス ノンアルコールタイプ 1300ML【マウスウォッシュ】	t1ec78d414
4148	13036637	inactive	pending	平和メディク	【平和メディク】EyemakeupRemoverStick【コットン】	t1cddf81f1
4149	13036584	inactive	pending	スケーター	【スケーター】薬用ハンドソープ リカちゃん【ハンドソープ】	tb3e467a5e
4150	13036580	inactive	pending	スケーター	【スケーター】歯ブラシ 乳児用 マイメロディ フラワーリース【歯ブラシ】	t8abfce620
4151	13036577	inactive	pending	スケーター	【スケーター】歯ブラシ 園児用 ハローキティ クッキー【歯ブラシ】	t869bc4e5d
4152	13036576	inactive	pending	スケーター	【スケーター】歯ブラシ 乳児用 トミカ＆トム【歯ブラシ】	t3bd8679b2
4153	13036575	inactive	pending	スケーター	【スケーター】クリア歯ブラシ 乳児用 おさるのジョージ【歯ブラシ】	tbcfc37442
4154	13036572	inactive	pending	スケーター	【販売終了】【スケーター】クリア歯ブラシ 園児用 シンカリオンワールド【歯ブラシ】	t806dc6414
4155	13036571	inactive	pending	スケーター	【スケーター】歯ブラシ 園児用 キャップ付 マイメロディ【歯ブラシ】	t0bddae447
4156	13036570	inactive	pending	スケーター	【スケーター】歯ブラシ 園児用 キャップ付 カーズ【歯ブラシ】	t79f68f875
4157	13036557	inactive	pending	オアシスプランニング	【オアシスプランニング】ケアSクルン 子供用しまねっこ【歯ブラシ】	tb5542452b
4158	13036566	inactive	pending	スケーター	【スケーター】スタンド付コップ トミカ【デンタル用品】	ta51a6bce5
4159	13036556	inactive	pending	オアシスプランニング	【オアシスプランニング】ケアSクルンHBハイブリッド【歯磨き】	tb5542452b
4160	13106325	inactive	pending	スケーター	【スケーター】歯ブラシ 乳児用 ハローキティ クッキー【歯ブラシ】	t5ebf6c050
4161	13106288	inactive	pending	ファイントゥデイ	【ファイントゥデイ】エージー24メン メンズシート フェイス＆ボディ（無香性）	t74fc6f226
4162	13106287	inactive	pending	ファイントゥデイ	【ファイントゥデイ】エージー24メン メンズシート フェイス＆ボディ（スタイリッシュシトラス）	t7a3857085
4163	13106277	inactive	pending	ホーユー	【ホーユー】ビューティーン メイクアップカラー ホワイティラベンダー【ヘアカラー・黒髪用】	t19ee20f7d
4164	13106276	inactive	pending	ホーユー	【ホーユー】ビューティラボ ホイップヘアカラー ベビーラベンダー【ヘアカラー・黒髪用】	te1edde920
4165	13106275	inactive	pending	ホーユー	【ホーユー】ビューティラボ ホイップヘアカラー アッシュドロップ【ヘアカラー・黒髪用】	te1edde920
4166	13106274	inactive	pending	コーヨー化成	【コーヨー化成】冷感さらさらパウダーシートフローラル【制汗剤・デオドラント】	t0e5217063
4167	13106273	inactive	pending	コーヨー化成	【コーヨー化成】冷感さらさらパウダーシートせっけん【制汗剤・デオドラント】	t9eb384d3f
4168	13106272	inactive	pending	コーヨー化成	【コーヨー化成】NBメイクしたままスッキリシート【化粧品】	t78d321190
4169	13106270	inactive	pending	コーヨー化成	【コーヨー化成】NBウェットシャンプシー【化粧品】	tb58549b63
4170	13138214	inactive	pending	三宝商事	【三宝商事】テンスターセシル 眉用脱毛ワックスシート【メイク】	t9e470371e
4171	13138200	inactive	pending	三宝商事	【三宝商事】テンスターセシル 脱毛用ホットブライズワックス 2セット【除毛・脱毛剤】	tfb620a857
4172	13158735	inactive	pending	三宝商事	【シック(Schick)】サロンプラス リップスティック シェーバー 替刃【女性用カミソリ】	t28d92a3ac
4173	13158734	inactive	pending	三宝商事	【シック(Schick)】サロンプラス リップスティック シェーバー ホルダー（刃付き）	t28d92a3ac
4174	13158733	inactive	pending	三宝商事	【販売終了】【三宝商事】シックファースト シェービングホルダー ケース【男性用カミソリ】	t6249e556a
4175	13158710	inactive	pending	マンダム	【マンダム】レバタ スカルプスパブラシ【ブラシ】	tdab8d3c3b
4176	13158611	inactive	pending	ジレット	【ジレット】ヴィーナス すべすべ肌 替刃【女性用カミソリ】	t08348fb97
4177	13158610	inactive	pending	ジレット	【ジレット】ヴィーナス すべすべ肌 ホルダー【女性用カミソリ】	t377015b25
4178	13158609	inactive	pending	ジレット	【ジレット】ヴィーナス うるおい肌 ケース付き ホルダー【女性用カミソリ】	t54cc6c8c0
4179	13158732	inactive	pending	三宝商事	【シック(Schick)】顔・眉毛用カミソリ【ボディソープ】	t1ebf3e469
4180	13158716	inactive	pending	コーセーコスメポート	【コーセーコスメポート】エスカラット 極寒ロングタオル【制汗剤・デオドラント】	t7ec6d157e
4181	13158715	inactive	pending	コーセーコスメポート	【コーセーコスメポート】グレイスワン リンクルケア リンクルリフトV エッセンス【化粧品】	t69077ae3f
4182	13158714	inactive	pending	コーセーコスメポート	【コーセーコスメポート】クリアターン まいにちごめんね 素肌マスク【シートマスク】	te3ddfa7af
4183	13158713	inactive	pending	コーセーコスメポート	【コーセーコスメポート】モイスチュアマイルド ホワイト リンクルケア パーフェクトエッセンス 詰替え	t9134bcb72
4184	13158712	inactive	pending	コーセーコスメポート	【コーセーコスメポート】グレイスワン リンクルケア ホワイト モイストリペア ジェルクリーム EX	t69077ae3f
4185	13158711	inactive	pending	コーセーコスメポート	グレイスワン リンクルケア ホワイト モイストリペア ジェルクリーム EX 詰替え	tf85ad3de5
4186	13158698	inactive	pending	近江兄弟社	【近江兄弟社】メンターム メディカルクリーム【ハンドクリーム】	t7e9d8377f
4187	13158670	inactive	pending	サンスター	【サンスター】サンスタートニックシャンプーCOOL BURST リンスイン替【シャンプー】	tbf82bb74c
4188	13158669	inactive	pending	サンスター	【サンスター】サンスタートニックシャンプーCOOL BURST リンスイン替【シャンプー】	tbf82bb74c
4189	13158668	inactive	pending	サンスター	【サンスター】サンスタートニックシャンプーCOOL BURST リンスイン【シャンプー】	tbf82bb74c
4190	13158667	inactive	pending	サンスター	【サンスター】サンスタートニックシャンプーCOOL BURST 詰替【シャンプー】	t66fe1732f
4191	13158666	inactive	pending	サンスター	【サンスター】サンスタートニックシャンプーCOOL BURST 詰替【シャンプー】	t66fe1732f
4192	13158665	inactive	pending	サンスター	【サンスター】サンスタートニックシャンプーCOOL BURST【シャンプー】	t66fe1732f
4193	13158664	inactive	pending	クラシエ	【クラシエ】いち髪 香る髪のお直しミスト （スムース）【スタイリング】	tbd577b122
4194	13158663	inactive	pending	クラシエ	【クラシエ】いち髪 香る髪のお直しミスト （モイスト）【スタイリング】	tbd577b122
4195	13158650	inactive	pending	エビス	【エビス】まいにちフロス【フロス・歯間ブラシ】	t875caee70
4196	13158649	inactive	pending	エビス	【エビス】まいにちフロス【フロス・歯間ブラシ】	te83c83b90
4197	13184641	inactive	pending	ウエルコ	【ウエルコ】つりケア 魚臭撃退 ハンドソープNew【ハンドソープ】	t5f91de1e1
4198	13184640	inactive	pending	ロート製薬	【ロート製薬】スキンアクア ヒアルロンセラムUV【UV・日焼け止め】	tf91d9c679
4199	13184630	inactive	pending	黒ばら本舗	【黒ばら本舗】ツバキオイルコンディショナーつめかえ【コンディショナー・リンス】	tf38ccb4ef
4200	13184629	inactive	pending	黒ばら本舗	【黒ばら本舗】ツバキオイルコンディショナー【コンディショナー・リンス】	tf38ccb4ef
4201	13184628	inactive	pending	黒ばら本舗	【黒ばら本舗】ツバキオイルシャンプーつめかえ【シャンプー】	t7db5a99f5
4202	13184627	inactive	pending	黒ばら本舗	【黒ばら本舗】ツバキオイルシャンプー【シャンプー】	t7db5a99f5
4203	13184624	inactive	pending	ダリヤ	【ダリヤ】モモリ ふわっとさら髪ドライシャンプー （ももの紅茶とネロリの香り）【スタイリング】	t92e7c98d4
4204	13184623	inactive	pending	ダリヤ	【ダリヤ】サロンドプロ ドレッシーカラートリートメント ＜ナチュラルブラウン＞【ヘアカラー・白髪用】	t4a0dfdf73
4205	13184622	inactive	pending	ダリヤ	【ダリヤ】サロンドプロ ドレッシーカラートリートメント ＜ダークブラウン＞【ヘアカラー・白髪用】	t4a0dfdf73
4206	13184621	inactive	pending	ダリヤ	【ダリヤ】サロンドプロ ドレッシーカラートリートメント ＜アッシュブラック＞【ヘアカラー・白髪用】	t4a0dfdf73
4207	13184620	inactive	pending	ダリヤ	【ダリヤ】パルティ カラーリングミルク ＜まなざしアッシュ＞【ヘアカラー・黒髪用】	tbe9721baa
4208	13184619	inactive	pending	ダリヤ	【ダリヤ】パルティ カラーリングミルク ＜本音ピンク＞【ヘアカラー・黒髪用】	tbe9721baa
4209	13184618	inactive	pending	クラシエ	【クラシエ】肌美精 薬用リンクル美容液【化粧品】	t944499127
4210	13184617	inactive	pending	クラシエ	【クラシエ】肌美精 薬用美白化粧水【化粧水・ローション】	t817a16483
4211	13196551	inactive	pending	アヌシ	【アヌシ】AOJ−1000 オーバル獣毛ブラシ【ブラシ】	t0ecbc1c85
4212	13196550	inactive	pending	アヌシ	【アヌシ】AOJ−3000 オーバルゴールドピンブラシ【ブラシ】	tdb2523d84
4213	13196549	inactive	pending	貝印	【貝印】KQ1844 USB POCKESHAVER【男性用カミソリ】	ta14126f46
4214	13196548	inactive	pending	貝印	【貝印】HC4002 クレアートリー ニュースタンダードツメキリL【ネイルケア】	t6592f8f7b
4215	13196547	inactive	pending	貝印	【貝印】HC4019 クレアートリー マルチネイルファイル【ネイルケア】	tb8ceae341
4216	13196546	inactive	pending	貝印	【貝印】HC4018 クレアートリー マルチグラスファイル（ケース付）【ネイルケア】	t2f1c8449a
4217	13196545	inactive	pending	貝印	【貝印】HC4011 クレアートリー マニキュアツールセット【ネイルケア】	t5dabb0373
4218	13196544	inactive	pending	貝印	【貝印】HC4005 クレアートリー 宝石ツメヤスリ【ネイルケア】	t3df1e146c
4219	13196543	inactive	pending	貝印	【貝印】HC4008 クレアートリー ネイルスムーサー【ネイルケア】	t418041cc7
4220	13196542	inactive	pending	貝印	【貝印】HC4012 クレアートリー ニューネイルクリッパー S【ネイルケア】	t6aa555ebd
4221	13196541	inactive	pending	貝印	【貝印】HC4013 クレアートリー ニューネイルクリッパー M【ネイルケア】	t6aa555ebd
4222	13196540	inactive	pending	貝印	【貝印】HC4000 クレアートリー ニュースタンダードツメキリS【ネイルケア】	t6592f8f7b
4223	13196539	inactive	pending	貝印	【貝印】HC4001 クレアートリー ニュースタンダードツメキリM【ネイルケア】	t6592f8f7b
4224	13196538	inactive	pending	貝印	【貝印】HC4017 クレアートリー ニッパーツメキリ【ネイルケア】	tcc1307269
4225	13196537	inactive	pending	貝印	【貝印】HC4009 クレアートリー ツメミガキ 3WAY【ネイルケア】	t8ea118e0e
4226	13196536	inactive	pending	貝印	【貝印】HC4007 クレアートリー サファイヤツメヤスリ【ネイルケア】	t06aac178c
4227	13196535	inactive	pending	貝印	【貝印】HC4014 クレアートリー グラスファイル 細目【ネイルケア】	te7b06eaf3
4228	13196534	inactive	pending	貝印	【貝印】HC4015 クレアートリー グラスファイル 粗目【ネイルケア】	t980347131
4229	13196533	inactive	pending	貝印	【貝印】HC4006 クレアートリー キャップ付ツメヤスリ【ネイルケア】	t9b72e1df8
4230	13196532	inactive	pending	貝印	【貝印】HC4004 クレアートリー エメリーボード（普通のツメ用）【ネイルケア】	tca0f6a049
4231	13196531	inactive	pending	貝印	【貝印】HC4010 クレアートリー 甘皮押し＆リッパー【ネイルケア】	tf3702393e
4232	13196530	inactive	pending	貝印	【貝印】HC4016 クレアートリー 足のツメキリ【ネイルケア】	t4dd9be337
4233	13196529	inactive	pending	貝印	【貝印】KQ3301 ファンデーションスポンジ バリュー ウェッジ【メイク】	tb961f0297
4234	13196528	inactive	pending	貝印	【貝印】KQ3293 ファンデーションスポンジ スクエアスリム【メイク】	t01e200d50
4235	13196527	inactive	pending	貝印	【貝印】KQ3294 ファンデーションスポンジ スクエア【メイク】	t01e200d50
4236	13196526	inactive	pending	貝印	【貝印】KQ3295 ファンデーションスポンジ スクエアスリムS【メイク】	t916fe8d8d
4237	13196525	inactive	pending	貝印	【貝印】KQ3291 日焼け止めクリーム用パフ【メイク】	tbd31a312a
4238	13196524	inactive	pending	貝印	【貝印】KQ3300 ファンデーションスポンジ バリュー ハウス【メイク】	tda53b2575
4239	13196523	inactive	pending	貝印	【貝印】KQ3299 ファンデーションスポンジ バリュー ダイヤ【メイク】	tdb3570c75
4240	13196522	inactive	pending	貝印	【貝印】KQ3303 ファンデーションスポンジ バリュー ハウス【メイク】	te1a7e987d
4241	13196521	inactive	pending	貝印	【貝印】KQ3302 スポンジバリュー ダイヤ【メイク】	t8a32392f5
4242	13196520	inactive	pending	貝印	【貝印】KQ3304 ファンデーションスポンジ バリュー ウェッジ【メイク】	t56b48a5b1
4243	13196519	inactive	pending	貝印	【貝印】KQ3296 ファンデーションスポンジ スクエアスリムL【メイク】	t916fe8d8d
4244	13196518	inactive	pending	貝印	【貝印】KQ3297 ファンデーションスポンジ スクエアS【メイク】	t916fe8d8d
4245	13196517	inactive	pending	貝印	【貝印】KQ3298 ファンデーションスポンジ スクエアL【メイク】	t916fe8d8d
4246	13196447	inactive	pending	貝印	【貝印】GA0154 miness ボディ用カミソリ替刃1個付き【女性用カミソリ】	ta3c22563e
4247	13196446	inactive	pending	貝印	【貝印】HC4003 クレアートリー エメリーボード（弱いツメ用）【ネイルケア】	tc7191e357
4248	13196384	inactive	pending	フェザー安全剃刃	【フェザー安全剃刃】ピアニィMLまゆ用【女性用カミソリ】	t8725486a6
4249	13196463	inactive	pending	コーセーコスメポート	【コーセーコスメポート】サロンスタイル ビオリス ボタニカル うぶ毛メイク ヘアマスカラ	t639fca39f
4250	13196462	inactive	pending	コーセーコスメポート	【コーセーコスメポート】タイガレイド ビタミンウォーターミスト【化粧水・ローション】	td6f28e449
4251	13196461	inactive	pending	コーセーコスメポート	ジュレーム リラックス ミッドナイトリペア ヘアトリートメント ストレート＆リッチ 詰替え	t854b1c076
4252	13196460	inactive	pending	コーセーコスメポート	ジュレーム リラックス ミッドナイトリペア ヘアトリートメント ストレート＆グロス 詰替え	tc1bc22de2
4253	13196459	inactive	pending	コーセーコスメポート	ジュレーム iP タラソリペア 補修美容液 トリートメント モイスト＆スムース 詰替え	tf9267cd29
4254	13196458	inactive	pending	コーセーコスメポート	ジュレーム iP タラソリペア 補修美容液 トリートメント ディープモイスト 詰替え	t662197a63
4255	13196457	inactive	pending	コーセーコスメポート	ジュレーム リラックス ミッドナイトリペア シャンプー 詰替え ストレート＆リッチ	te03ff0600
4256	13196456	inactive	pending	コーセーコスメポート	ジュレーム リラックス ミッドナイトリペア シャンプー 詰替え ストレート＆グロス	tc600c6049
4257	13196455	inactive	pending	コーセーコスメポート	ジュレーム iP タラソリペア 補修美容液シャンプー モイスト＆スムース 詰替え	tbdd0a99ec
4258	13196454	inactive	pending	コーセーコスメポート	ジュレーム iP タラソリペア 補修美容液シャンプー ディープモイスト 詰替え	td82b4df27
4259	13196419	inactive	pending	柳屋本店	【柳屋本店】J スーパーハードジェル N【スタイリング】	taf2ae0c05
4260	13196418	inactive	pending	柳屋本店	【柳屋本店】J スーパーウェット＆ハードジェル N【スタイリング】	t6754a08e9
4261	13196417	inactive	pending	柳屋本店	【柳屋本店】J ウルトラハードジェル N【スタイリング】	t8de66840c
4262	13196370	inactive	pending	サラヤ	【サラヤ】アラウ．ベビー 泡全身ソープ 敏感肌 詰替用【ベビー用品】	tba992921e
4263	13196368	inactive	pending	サラヤ	【サラヤ】サラヤスマイルズ 保湿・保護クリーム【ボディクリーム・ローション】	t4948eeca3
4264	13236649	inactive	pending	貝印	【貝印】KQ3284 壁にくっつくトリートメントコーム【ブラシ】	tcf9870aa0
4265	13236648	inactive	pending	貝印	【貝印】KQ3258 姫椿のパドルブラシS【ブラシ】	t1c84d5da1
4266	13236647	inactive	pending	貝印	【貝印】KQ2201 Mini Maru マルチグラスファイル（ケース付）【ネイルケア】	t38b3d3706
4267	13236646	inactive	pending	貝印	【貝印】KQ2200 Mini Maru ツメキリ【ネイルケア】	t2633fd15c
4268	13236645	inactive	pending	貝印	【貝印】KQ3305 ファンデーションスポンジ バリュー（SBR）スクエアスキニー30P【メイク】	taa64d1197
4269	13236642	inactive	pending	貝印	【貝印】KQ2212 Mini Maru マスカラコーム【メイク】	t75474ac04
4270	13236641	inactive	pending	貝印	【貝印】KQ2211 MINIMARU アイシャドーブラシ（小）【メイク】	t9e3c5b1f3
4271	13236640	inactive	pending	貝印	【貝印】KQ2210 Mini Maru アイシャドーブラシ（大）【メイク】	t14894c7f9
4272	13236639	inactive	pending	貝印	【貝印】KQ2209 Mini Maru アイブローブラシ【メイク】	t672ad95b5
4273	13236638	inactive	pending	貝印	【貝印】KQ2208 Mini Maru リップブラシ（平）【メイク】	tc17742bc7
4274	13236637	inactive	pending	貝印	【貝印】KQ2207 Mini Maru メイクファンデーションブラシ【メイク】	t5e26008d4
4275	13236636	inactive	pending	貝印	【貝印】KQ2206 Mini Maru リップブラシ（丸）【メイク】	tc3c5409bd
4276	13236635	inactive	pending	貝印	【貝印】KQ2203 Mini Maru 毛抜き【メイク】	t17c5ea7e9
4277	13236634	inactive	pending	貝印	【貝印】KQ2023 コンパクト小鼻洗顔ブラシ【メイク】	tffe778cac
4278	13236633	inactive	pending	貝印	【貝印】HC3905 Givglow TWEEZERS CHAMPAGNEGOLD【メイク】	t89e896621
4279	13236632	inactive	pending	貝印	【貝印】GA0150 miness IO用替刃（VIOデリケートゾーン用）【女性用カミソリ】	t1e5e17523
4280	13236631	inactive	pending	貝印	【貝印】GA0149 miness V用替刃（VIOデリケートゾーン用）【女性用カミソリ】	td5f3a08f4
4281	13236539	inactive	pending	スケーター	【スケーター】デンタルキット（歯ブラシ付） くまのプーさん TRKS1【歯ブラシ】	ta1def6eef
4282	13236629	inactive	pending	三宝商事	【シック(Schick)】ブルドッグオリジナルバンブーホルダー（替刃2コ付）【ボディソープ】	te397fb185
4283	13236535	inactive	pending	ロート製薬	【ロート製薬】カラミン ノーセバム ローション しっとりタイプ【化粧水・ローション】	t5d4e3ad80
4284	13236534	inactive	pending	ロート製薬	【ロート製薬】ラビオーム バリアビオソープ 詰替え【ボディソープ】	t59e3a4910
4285	13236514	inactive	pending	クラシエ	【クラシエ】ミュオ クレンジングオイル 詰替用【メイク落とし・クレンジング】	te27548252
4286	13236513	inactive	pending	クラシエ	【クラシエ】ミュオ クレンジングオイル【メイク落とし・クレンジング】	te27548252
4287	13236512	inactive	pending	クラシエ	【クラシエ】ミュオ 泡の洗顔料 詰替用【洗顔・クレンジング】	t3e25e2402
4288	13236511	inactive	pending	クラシエ	【クラシエ】ミュオ 泡の洗顔料【洗顔・クレンジング】	te27548252
4289	13248908	inactive	pending	ユニリーバ	【ユニリーバ】ダヴ トリプルVC クリーミー泡洗顔料 つめかえ用【洗顔・クレンジング】	td5a8df442
4290	13248902	inactive	pending	クラシエ	【販売終了】【クラシエ】肌美精 カラーエッセンスマスク ピンク【シートマスク】	te31b600a7
4291	13248901	inactive	pending	クラシエ	【販売終了】【クラシエ】肌美精 カラーエッセンスマスク パープル【シートマスク】	t6793a8d08
4292	13248900	inactive	pending	クラシエ	【クラシエ】肌美精 CHOI 薬用マスク ニキビケア【シートマスク】	td46530336
4293	13248899	inactive	pending	クラシエ	【クラシエ】肌美精 CHOI薬用化粧水 ニキビケア【化粧水・ローション】	t26ff52640
4294	13293736	inactive	pending	貝印	【貝印】KQ0974 PCアイラッシュカーラー（コンパクト） ピンク【メイク】	t9a26c3a23
4295	13293675	inactive	pending	貝印	【貝印】KF1001 ツメキリ001 M（カーブ刃）【ネイルケア】	t4d809143f
4296	13293674	inactive	pending	貝印	【貝印】KF1000 ツメキリ001 S（カーブ刃）【ネイルケア】	t947204fa0
4297	13293673	inactive	pending	貝印	【貝印】HC3503 関孫六 ツメキリ＆ツメヤスリセット【ネイルケア】	t76252b840
4298	13293672	inactive	pending	貝印	【貝印】KQ3209 まぶたにフィットしやすい幅狭カーラー替ゴム【メイク】	td2946ea7b
4299	13293644	inactive	pending	ミニマム	【ミニマム】NEWハピカV2レッドDB−52R【歯ブラシ】	taf77e0609
4300	13293643	inactive	pending	ミニマム	【ミニマム】NEWハピカV2ホワイトDB−52W【歯ブラシ】	taf77e0609
4301	13293642	inactive	pending	ミニマム	【ミニマム】NEWハピカV2ブルーDB−52B【歯ブラシ】	taf77e0609
4302	13293567	inactive	pending	カミ商事	【カミ商事】エルモア フェイシャルタオル オーガニックコットン【コットン】	t125889b92
4303	13293540	inactive	pending	銀座ステファニー	【銀座ステファニー】ユーシモール ホワイトパープル歯ブラシ【歯ブラシ】	tc5bd9ccec
4304	13293443	inactive	pending	ジレット	【ジレット】ヴィーナス うるおい肌 フリージアの香り 替刃【女性用カミソリ】	tb6e64fcd4
4305	13293442	inactive	pending	ジレット	【ジレット】ヴィーナス うるおい肌 フリージアの香り ホルダー【女性用カミソリ】	t9420d1c0b
4306	13293441	inactive	pending	ジレット	【ジレット】シリーズX ボディ＆フェイスグルーマー 替刃【男性用カミソリ】	t7328f75b8
4307	13293440	inactive	pending	ジレット	【ジレット】ジレットラボ 角質除去バー搭載 替刃【男性用カミソリ】	t47512e583
4308	13293439	inactive	pending	ジレット	【ジレット】ジレット フュージョン ボディ 替刃【男性用カミソリ】	t334798094
4309	13293438	inactive	pending	ジレット	【ジレット】シリーズX ボディ＆フェイスグルーマー 本体【男性用カミソリ】	t8a60a95e9
4310	13293437	inactive	pending	ジレット	【ジレット】ジレットラボ 角質除去バー搭載 お試しホルダー【男性用カミソリ】	t1d1cd27f4
4311	13293436	inactive	pending	ジレット	【ジレット】ジレット フュージョン ボディ ホルダー【男性用カミソリ】	te6541825f
4312	13293552	inactive	pending	コーセーコスメポート	【コーセーコスメポート】サロンスタイル ヘアワックス グロッシーボリューム【スタイリング】	tf7fbfe89e
4313	13293551	inactive	pending	コーセーコスメポート	【コーセーコスメポート】ウルミナプラス 生つや肌 プリズムパウダー【メイク】	t53729ff8f
4314	13293550	inactive	pending	コーセーコスメポート	【コーセーコスメポート】ウルミナプラス 生つやキープミスト V【化粧品】	t7fb36c8ca
4315	13293549	inactive	pending	コーセーコスメポート	クリアターン ビタプル ディープリペア ハイドラダーマ マスク【シートマスク】	t845de05e3
4316	13293548	inactive	pending	コーセーコスメポート	【コーセーコスメポート】クリアターン グルタチBOMB マスク【シートマスク】	te5d5a7d05
4317	13293547	inactive	pending	コーセーコスメポート	【コーセーコスメポート】ソフティモ スーパー マスカラリムーバー【メイク落とし・クレンジング】	tf58e76770
4318	13293546	inactive	pending	コーセーコスメポート	【コーセーコスメポート】ビオリス ピュアレタッチ ドライシャンプー 無香料【シャンプー】	tf79fc1ffa
4319	13293545	inactive	pending	コーセーコスメポート	【コーセーコスメポート】ビオリス ピュアレタッチ ドライシャンプー 無香料 ミニ【シャンプー】	t86f914eb8
4320	13293544	inactive	pending	コーセーコスメポート	【コーセーコスメポート】ビオリス ピュアレタッチ ドライシャンプー チュベローズ＆ジャスミンの香り	t80e177983
4321	13293543	inactive	pending	コーセーコスメポート	ビオリス ピュアレタッチ ドライシャンプー チュベローズ＆ジャスミンの香り ミニ	tedeb8d9a7
4322	13293542	inactive	pending	コーセーコスメポート	【コーセーコスメポート】ビオリス ピュアレタッチ ドライシャンプー ベルガモット＆イリスの香り	tb4042bdbb
4323	13293541	inactive	pending	コーセーコスメポート	【コーセーコスメポート】ビオリス ピュアレタッチ ドライシャンプー ベルガモット＆イリスの香り ミニ	tc1befa23b
4324	13293539	inactive	pending	銀座ステファニー	【銀座ステファニー】ユーシモール 舌クリーナー【舌クリーナー】	t7cbd8327d
4325	13293538	inactive	pending	銀座ステファニー	【銀座ステファニー】ユーシモール クラシックフロス【フロス・歯間ブラシ】	t33d83a206
4326	13293532	inactive	pending	ライオン	【ライオン】クリニカPRO plus 歯周バリア ハミガキ【歯磨き】	t8fb954f35
4327	13293507	inactive	pending	デンタルプロ	【デンタルプロ】デンタルプロスパイラルフロスピック【フロス・歯間ブラシ】	te0c92f32d
4328	13293506	inactive	pending	デンタルプロ	【デンタルプロ】デンタルプロスパイラルフロスピック【フロス・歯間ブラシ】	te0c92f32d
4329	13293505	inactive	pending	デンタルプロ	【デンタルプロ】デンタルプロスパイラルフロス【フロス・歯間ブラシ】	tf20af514f
4330	13306447	inactive	pending	貝印	【貝印】メンズアイブローレザー【男性用カミソリ】	ta692e6886
4331	13306442	inactive	pending	貝印	【貝印】携帯用コップ付きハブラシセット【歯ブラシ】	tb81b0bb3f
4332	13306441	inactive	pending	貝印	【貝印】KM0191 ハンドミラー M【メイク】	t006ee7bdb
4333	13306430	inactive	pending	貝印	【貝印】HL0608 SS ニッパーツメキリ Wスプリング【ネイルケア】	tc5721d0ce
4334	13306427	inactive	pending	貝印	【貝印】関孫六ニッパーツメキリレギュラーハンドル【ネイルケア】	tde82bce7d
4335	13306411	inactive	pending	貝印	【貝印】コームシェーパー（切替式） KQ3049【ブラシ】	t82913b7f5
4336	13306407	inactive	pending	貝印	【貝印】KQ0343ホットアイラッシュカーラー ジューシーピンク【メイク】	tece892d5f
4337	13306406	inactive	pending	貝印	【貝印】KQ1803 KQ ムダ毛トリマー【メイク】	tcd029a776
4338	13306403	inactive	pending	貝印	【貝印】HC3000 Groom！ クシ付きマユトリマー【メイク】	t16a76298b
4339	13306402	inactive	pending	貝印	【貝印】ホットアイラッシュカーラー グラマラスレッド KQ0342【メイク】	tece892d5f
4340	13306399	inactive	pending	貝印	【貝印】マイナスイオンセットコーム（折りたたみ） KQ3153【ブラシ】	t8be53fc20
4341	13306398	inactive	pending	貝印	【貝印】静電防止スタイリングブラシS（ルビーピンク）【ブラシ】	td66587a06
4342	13306397	inactive	pending	貝印	【貝印】KQ2355toucherieハンドコームL粗目【ブラシ】	t88820d38e
4343	13306396	inactive	pending	貝印	【貝印】マイナスイオンセットコーム【ブラシ】	te4cbe0c7b
4344	13306394	inactive	pending	貝印	【貝印】KQ3161静電防止やわらかブラシL（ルビーピンク）【ブラシ】	tf4356c467
4345	13306393	inactive	pending	貝印	【貝印】KQ1537 KQ 天然毛ブラッシングブラシ（潤髪） L【ブラシ】	taf4375c96
4346	13306391	inactive	pending	貝印	【貝印】静電防止スタイリングブラシL（ルビーピンク） KQ1170【ブラシ】	ta1ce5f257
4347	13306390	inactive	pending	貝印	【貝印】プッシュアップカーラー（ピンク）【メイク】	t81a9a7fd9
4348	13306389	inactive	pending	貝印	【貝印】KQ3242汚れが落ちやすいパフ（パウダー用）長角【メイク】	t59302cc66
4349	13306386	inactive	pending	貝印	【貝印】KQ0809クシ付マユハサミ ピンク【メイク】	t542b1d53a
4350	13306385	inactive	pending	貝印	【貝印】KQ3276 ファンデーションが染みこみにくいパフ（クッションファンデ用）【メイク】	t40358a18b
4351	13306384	inactive	pending	貝印	【貝印】クシツキハサミDXピンク KQ0800【メイク】	t17074c669
4352	13306383	inactive	pending	貝印	【貝印】KQ3248 ファンデーションが染みこみにくいパフ【メイク】	t4dd367ca1
4353	13306375	inactive	pending	貝印	【貝印】Xfit for women 敏感肌用 カミソリ 替刃2個付 GA0094【女性用カミソリ】	ta05f1ae29
4354	13306373	inactive	pending	貝印	【貝印】GA0114 FEMINICARE 音波振動カミソリ替刃【女性用カミソリ】	t9fa8a7e4e
4355	13306372	inactive	pending	貝印	FEMINICARE 音波振動カミソリ デリケートゾーン用 替刃2個付 000GA0093	t99f05515b
4356	13306371	inactive	pending	貝印	【貝印】axia（アクシア） 替刃 GA0068【男性用カミソリ】	t3d14df54e
4357	13306370	inactive	pending	貝印	【貝印】プリティー アイブロー敏感肌用 GA0085FMLV−6P【女性用カミソリ】	tef165b7d3
4358	13306369	inactive	pending	貝印	【貝印】besty（ベスティ—）EX3 GA0072【男性用カミソリ】	td0ac18171
4359	13306368	inactive	pending	貝印	【貝印】besty（ベスティ—）EX3 GA0071【男性用カミソリ】	t7d6d871c9
4360	13306446	inactive	pending	貝印	【貝印】KQ0401 ケアレッシュ 舌クリーナー（黒）【舌クリーナー】	tabadb1145
4361	13306404	inactive	pending	貝印	【貝印】HC1109GROOMポケシェーバー【化粧品】	t98d1fcbb6
4362	13306395	inactive	pending	貝印	【貝印】HGヘップリング 太 黒 抗菌【スタイリング】	t0714d0678
4363	13306392	inactive	pending	貝印	【貝印】ヘツプリングクロ HL0127【スタイリング】	t5f298febd
4364	13311876	inactive	pending	エビス	【エビス】B−8043M プレミアムケア エコ・6列レギュラー ふつう【歯ブラシ】	t41fa67e6c
4365	13311875	inactive	pending	エビス	【エビス】B−3600S プレミアムケアハブラシ・6列コンパクト やわらかめ【歯ブラシ】	tb4ca64414
4366	13311874	inactive	pending	エビス	【エビス】B−3600M プレミアムケアハブラシ・6列コンパクト ふつう【歯ブラシ】	tb4ca64414
4367	13311873	inactive	pending	エビス	【エビス】B−3600SS プレミアムケアハブラシ・6列コンパクト 特にやわらかめ【歯ブラシ】	tb4ca64414
4368	13311872	inactive	pending	エビス	【エビス】B−3601S プレミアムケアハブラシ・6列レギュラー やわらかめ【歯ブラシ】	tb4ca64414
4369	13311871	inactive	pending	エビス	【エビス】B−3601M プレミアムケアハブラシ・6列レギュラー ふつう【歯ブラシ】	tb4ca64414
4370	13311870	inactive	pending	エビス	【エビス】B−3601H プレミアムケアハブラシ・6列レギュラー かため【歯ブラシ】	tb4ca64414
4371	13311869	inactive	pending	エビス	【エビス】B−3601SS プレミアムケアハブラシ・6列レギュラー 特にやわらかめ【歯ブラシ】	tb4ca64414
4372	13311868	inactive	pending	エビス	【エビス】B−3602S プレミアムケアハブラシ・6列ラージ やわらかめ【歯ブラシ】	tb4ca64414
4373	13311867	inactive	pending	エビス	【エビス】B−3602M プレミアムケアハブラシ・6列ラージ ふつう【歯ブラシ】	tb4ca64414
4374	13311866	inactive	pending	エビス	【エビス】B−3603S プレミアムケアハブラシ・7列レギュラー やわらかめ【歯ブラシ】	tb4ca64414
4375	13311865	inactive	pending	エビス	【エビス】B−3603M プレミアムケアハブラシ・7列レギュラー ふつう【歯ブラシ】	tb4ca64414
4376	13311864	inactive	pending	エビス	【エビス】B−3604M プレミアムケア高歯垢除去・5列コンパクト ふつう【歯ブラシ】	tb4ca64414
4377	13311863	inactive	pending	エビス	【エビス】B−3605M プレミアムケア高歯垢除去・6列超コンパクト ふつう【歯ブラシ】	tb4ca64414
4378	13311862	inactive	pending	エビス	【エビス】B−3606M プレミアムケア歯の美白・6列コンパクト ふつう【歯ブラシ】	tb4ca64414
4379	13311861	inactive	pending	エビス	【エビス】B−3607M プレミアムケア歯の美白・6列レギュラー ふつう【歯ブラシ】	tb4ca64414
4380	13311860	inactive	pending	エビス	【エビス】B−3608M プレミアムケア強力磨き・レギュラー ふつう【歯ブラシ】	tb4ca64414
4381	13311859	inactive	pending	エビス	【エビス】B−3608H プレミアムケア強力磨き・レギュラー かため【歯ブラシ】	tb4ca64414
4382	13311858	inactive	pending	エビス	【エビス】B−3620S ザ・プレミアムケア 7列レギュラー やわらかめ【歯ブラシ】	t32257ead1
4383	13311857	inactive	pending	エビス	【エビス】B−3620M ザ・プレミアムケア 7列レギュラー ふつう【歯ブラシ】	t32257ead1
4384	13311856	inactive	pending	エビス	【エビス】B−3620SS ザ・プレミアムケア 7列レギュラー 特にやわらかめ【歯ブラシ】	t32257ead1
4385	13311855	inactive	pending	エビス	【エビス】B−3621S ザ・プレミアムケア 8列レギュラー やわらかめ【歯ブラシ】	t32257ead1
4386	13311854	inactive	pending	エビス	【エビス】B−3621M ザ・プレミアムケア 8列レギュラー ふつう【歯ブラシ】	t32257ead1
4387	13311853	inactive	pending	エビス	【エビス】B−3621SS ザ・プレミアムケア 8列レギュラー 特にやわらかめ【歯ブラシ】	t32257ead1
4388	13311851	inactive	pending	エビス	【エビス】B−3622M ザ・プレミアムケア歯ぐきマッサージプラス ふつう【歯ブラシ】	t32257ead1
4389	13311850	inactive	pending	エビス	【エビス】B−3623S ザ・プレミアムケア歯周ポケットプラス やわらかめ【歯ブラシ】	t32257ead1
4390	13311849	inactive	pending	エビス	【エビス】B−3623M ザ・プレミアムケア歯周ポケットプラス ふつう【歯ブラシ】	t32257ead1
4391	13311848	inactive	pending	エビス	【エビス】B−3624S ザ・プレミアムケアすき間プラス やわらかめ【歯ブラシ】	t32257ead1
4392	13311847	inactive	pending	エビス	【エビス】B−3624M ザ・プレミアムケアすき間プラス ふつう【歯ブラシ】	t32257ead1
4393	13311846	inactive	pending	エビス	【エビス】ゼロプレミアムケア・リッチ超コンパクト ふつう【歯ブラシ】	tfb590cfba
4394	13311845	inactive	pending	エビス	【エビス】ゼロプレミアムケア・リッチコンパクト ふつう【歯ブラシ】	tfb590cfba
4395	13311844	inactive	pending	エビス	【エビス】ゼロプレミアムケア・リッチレギュラー ふつう【歯ブラシ】	tfb590cfba
4396	13315648	inactive	pending	ファイントゥデイ	【ファイントゥデイ】シーブリーズ アイスタオル シトラスシャーベットの香り【制汗剤・デオドラント】	t29fd46aeb
4397	13354074	inactive	pending	ミニマム	【ミニマム】ディズニープリンセスハピカベルDBC−5YBL【歯ブラシ】	t69d544e56
4398	13354073	inactive	pending	ミニマム	【ミニマム】ディズニープリンセスハピカ白雪姫DBC−5RSW【歯ブラシ】	t69d544e56
4399	13354072	inactive	pending	ミニマム	【ミニマム】ディズニープリンセスハピカジャスミンDBC−5GJM【歯ブラシ】	t69d544e56
4400	13354071	inactive	pending	ミニマム	【ミニマム】ディズニープリンセスハピカオーロラDBC−5PAR【歯ブラシ】	t69d544e56
4401	13354070	inactive	pending	ミニマム	【ミニマム】ディズニープリンセスハピカアリエルDBC−5MBAE【歯ブラシ】	t69d544e56
4402	13354069	inactive	pending	ミニマム	【ミニマム】ディズニープリンセスハピカラプンツェルDBC−5PURZ【歯ブラシ】	t69d544e56
4403	13354068	inactive	pending	ミニマム	【ミニマム】ディズニープリンセスハピカシンデレラDBC−5PBCD【歯ブラシ】	t69d544e56
4404	13354029	inactive	pending	ライテック	【ライテック】使い切り電子ベイプ NICOLESSベイプ レッドミックスベリー	t7121f5ea1
4405	13354028	inactive	pending	ライテック	【ライテック】使い切り電子ベイプ NICOLESSベイプ ホワイトグレープ	t0aba7ae90
4406	13354027	inactive	pending	ライテック	【ライテック】使い切り電子ベイプ NICOLESSベイプ フリーズブラック	t3cf40f76f
4407	13354026	inactive	pending	ライテック	【ライテック】使い切り電子ベイプ NICOLESSベイプ ゴールドレモン	t77f0e97ed
4408	13354025	inactive	pending	ライテック	【ライテック】使い切り電子ベイプ NICOLESSベイプ グリーンアップル	t5ec1a1d19
4410	13375205	inactive	pending	貝印	【貝印】KQ3190 ECOMONO バイオマスへップリング 黒【メイク】	t60c7affa6
4411	13375204	inactive	pending	貝印	【貝印】KQ3193 ECOMONO バイオマスゴムリング 茶【メイク】	t60c7affa6
4412	13375203	inactive	pending	貝印	【貝印】KQ3192 ECOMONO バイオマスゴムリング 黒【メイク】	t60c7affa6
4413	13375202	inactive	pending	貝印	【貝印】KQ3191 ECOMONO バイオマスへップリング 茶【メイク】	t60c7affa6
4414	13375180	inactive	pending	ユニ・チャーム	【ユニ・チャーム】シルコットフェイシャルタオル素肌おもい【コットン】	t73f99f960
4415	13375179	inactive	pending	ユニ・チャーム	【ユニ・チャーム】シルコットフェイシャルタオル素肌おもいプレミアム【コットン】	t01eaa60e7
4416	13375125	inactive	pending	ジレット	【ジレット】オーラルB すみずみクリーン キッズ レッド【歯ブラシ】	t1f6019169
4417	13375124	inactive	pending	ジレット	【ジレット】オーラルB すみずみクリーン プレミアム キッズ ブルー【歯ブラシ】	t433dd5a3f
4418	13375185	inactive	pending	小林製薬	【小林製薬】糸ようじ コンパクトヘッド【フロス・歯間ブラシ】	t593e052f9
4419	13375141	inactive	pending	P＆G	【P＆G】深 ヘッドスパ by h＆s エクストラモイストケア トリートメント ポンプ	tef0c8deee
4420	13158686	inactive	pending	熊野油脂	【熊野油脂】サロンリンク エクストラシャンプー 爽やかで芳醇な甘さのシャルドネの香り【シャンプー】	te532227d5
4421	13158685	inactive	pending	明色化粧品	【明色化粧品】モイストラボ トーンアップ下地＜ローズピンク＞【メイク】	t5119ab61d
4422	13158684	inactive	pending	明色化粧品	【明色化粧品】モイストラボ トーンアップ下地＜ラベンダー＞【メイク】	t471fbfa29
4423	13158683	inactive	pending	明色化粧品	【明色化粧品】モイストラボ ハイカバー薬用美白BBクリーム＜ナチュラルオークル＞【メイク】	t7952ab064
4424	13158682	inactive	pending	明色化粧品	【明色化粧品】モイストラボ ハイカバー薬用美白BBクリーム＜ナチュラルベージュ＞【メイク】	t7952ab064
4425	13158681	inactive	pending	明色化粧品	【明色化粧品】モイストラボ BBエッセンスクリーム＜シャイニーベージュ＞【メイク】	te77dbecf0
4426	13106336	inactive	pending	コーセーコスメポート	【コーセーコスメポート】サンカット マルチビタミン UV エッセンス【UV・日焼け止め】	t613c72e58
4427	13106335	inactive	pending	コーセーコスメポート	【コーセーコスメポート】サンカット マルチビタミンUV ミスト【UV・日焼け止め】	t36ea864c3
4428	13106334	inactive	pending	コーセーコスメポート	【コーセーコスメポート】サンカット プロテクトUV ミスト【UV・日焼け止め】	t05ba44d5f
4429	11751916	inactive	pending	サンギ	【サンギ】アパガードプレミオトラベルセット【歯磨き】	t7b2b7a186
4430	11741104	inactive	pending	熊野油脂	【熊野油脂】ディブ ディープ クレンジングオイル 本体【メイク落とし・クレンジング】	t18d089a9b
4431	11741102	inactive	pending	熊野油脂	【熊野油脂】cyclear ビタミンC ハンドクリーム【ハンドクリーム】	t4a2e0d7a3
4432	11741101	inactive	pending	熊野油脂	【熊野油脂】cyclear ビタミンC ボディミルク【ボディクリーム・ローション】	tb106b5cf6
4433	11737171	inactive	pending	ヘンケルジャパン	【ヘンケルジャパン】got2b ボンディング・マスク クリア【ヘアカラー・白髪用】	t192cd88fa
4434	11737170	inactive	pending	ヘンケルジャパン	【ヘンケルジャパン】got2b ボンディング・カラーマスク エンドレスピンク【ヘアカラー・白髪用】	t2494203b0
4435	11709726	inactive	pending	サラヤ	【サラヤ】アラウベビー泡全身ソープ 敏感肌【ベビー用品】	t4125fbcf3
4436	11709725	inactive	pending	サラヤ	【サラヤ】アラウベビー泡全身ソープ 敏感肌 詰替用【ベビー用品】	t5fe2975b3
4437	11709714	inactive	pending	コスメテックスローランド	【コスメテックスローランド】Bアンプル レチノール美容原液化粧水【化粧水・ローション】	taf97c9e7b
4438	11709713	inactive	pending	コスメテックスローランド	【コスメテックスローランド】Bアンプル ヒアルロン酸美容原液化粧水【化粧水・ローション】	t10da7c0a6
4439	11709712	inactive	pending	コスメテックスローランド	【コスメテックスローランド】Bアンプル ビタミンC美容原液化粧水【化粧水・ローション】	t21f0ddc2c
4440	11709711	inactive	pending	黒龍堂	【黒龍堂】薬用クリーム黒龍金線 70g【化粧品】	td8cb1fe7a
4441	11709710	inactive	pending	黒ばら本舗	【黒ばら本舗】ツバキオイルヘアクリーム【スタイリング】	t08cef1a77
4442	11709709	inactive	pending	黒ばら本舗	【黒ばら本舗】黒百合 速乾性セットローション ハード替【スタイリング】	td9402fb2d
4443	11709708	inactive	pending	黒ばら本舗	【黒ばら本舗】黒百合 速乾性セットローション ハード【スタイリング】	td9402fb2d
4444	11709706	inactive	pending	黒ばら本舗	【黒ばら本舗】アロポアン ボディソープ【ボディソープ】	t4c2f9f095
4445	11678735	inactive	pending	コスメステーション	【コスメステーション】P’sビタミン＆リフレッシュミストローション【化粧水・ローション】	t0752310fa
4446	11678709	inactive	pending	熊野油脂	【熊野油脂】ディブ ディープ クレンジングオイル 詰替え【メイク落とし・クレンジング】	t18d089a9b
4447	11678671	inactive	pending	アロインス化粧品	【アロインス化粧品】3ウェイハンドクリーム ライト【ハンドクリーム】	t852e6ce7a
4448	11647515	inactive	pending	地の塩社	【地の塩社】ナチュラルスキンローション よもぎ化粧水【化粧水・ローション】	t576ed6bde
4449	11607410	inactive	pending	スケーター	【スケーター】マスコット リップクリーム ハチワレ【リップクリーム】	t1fb50c7c0
4450	11607408	inactive	pending	スケーター	【スケーター】マスコット リップクリーム うさぎ【リップクリーム】	t1fb50c7c0
4451	11607407	inactive	pending	スケーター	【スケーター】ハンドクリーム ちいかわ ハチワレ【ハンドクリーム】	t0eb2c7118
4452	11582190	inactive	pending	ロケット石鹸	【ロケット石鹸】プラークケアデンタルリンスアルコールタイプ【マウスウォッシュ】	t9f8cfb338
4453	13391237	inactive	pending	デンタルプロ	【デンタルプロ】デンタルプロダブルジグザグ毛4列 ふつう【歯ブラシ】	t996cc2452
4454	13391236	inactive	pending	デンタルプロ	【デンタルプロ】デンタルプロダブルジグザグ毛3列 ふつう【歯ブラシ】	t996cc2452
4455	13391235	inactive	pending	友和	【販売終了】【友和】ティポス 超刺激！目覚まシート【フェイシャルペーパー・あぶらとり紙】	t227a510f0
4456	13391217	inactive	pending	貝印	【貝印】HC0936 毛抜きマユ毛抜きセット【メイク】	t953679c03
4457	13391202	inactive	pending	貝印	【貝印】アイブローテンプレート だれでも美人眉【メイク】	taa2fa1c24
4458	13391201	inactive	pending	貝印	【貝印】アイブローテンプレート 愛され美人眉【メイク】	taa2fa1c24
4459	13391200	inactive	pending	貝印	【貝印】アイブローテンプレート おとな美人眉【メイク】	taa2fa1c24
4460	13391195	inactive	pending	エビス	【エビス】ゆうゆうケア やわらかブラシ【歯ブラシ】	tf63f83610
4461	13391157	inactive	pending	UFCサプライ	【UFCサプライ】デントイン クリアウインドEXやわらかめ【歯ブラシ】	t1a3a6883b
4462	13391152	inactive	pending	ロケット石鹸	【ロケット石鹸】詰替用弱酸性ジェルハンドソープ【ハンドソープ】	tafb515e9c
4463	13391151	inactive	pending	ロケット石鹸	【ロケット石鹸】薬用ハンドソープ シトラス 詰替用ボトル【ハンドソープ】	t1f623c157
4464	13391144	inactive	pending	貝印	HC0931 オシャレハサミ キャップ付 【メイク】	t0b31b5ad3
4465	13391143	inactive	pending	貝印	【貝印】HG ゴムリング 黒【ブラシ】	tea885b0c1
4466	13391142	inactive	pending	貝印	【貝印】スマートキュート 強力アレンジピンM（黒） HC3324【ブラシ】	tb5e5d220e
4467	13391135	inactive	pending	貝印	【貝印】KQ3039軸が割れにくいミラーM ブラック【メイク】	t6ad5de409
4468	13391134	inactive	pending	貝印	【貝印】スタイリングブラシS レッドラバー HL0001【ブラシ】	t33916e8c4
4469	13391133	inactive	pending	貝印	【貝印】KQ3211先が丸い毛抜き（シルバー）【メイク】	t08688ee0d
4470	13391132	inactive	pending	貝印	【貝印】KQ3240汚れが落ちやすいパフ（リキッド用）【メイク】	t98f08df02
4471	13391131	inactive	pending	貝印	【貝印】KQ3241汚れが落ちやすいパフ（パウダー用）長方【メイク】	t59302cc66
4472	13391107	inactive	pending	貝印	【貝印】Groom！（グルーム） アイブローレザー【メイク】	t6845bfbe7
4473	13391105	inactive	pending	貝印	【貝印】高級あぶらとり紙（金箔打紙製法）【あぶらとり紙】	t69f7d4db8
4474	13391075	inactive	pending	アヌシ	【アヌシ】女髪コーム TK−500【ブラシ】	tbdb9e142e
4475	13391074	inactive	pending	アヌシ	【アヌシ】デザイン折込コーム DS−480【ブラシ】	t404e2baef
4476	13391067	inactive	pending	貝印	【貝印】KQ3107モイストボタニカルブラシS【ブラシ】	t11938f228
4477	13391066	inactive	pending	貝印	【貝印】KQ3108モイストボタニカルコーム折りたたみ【ブラシ】	t0d5fb292d
4478	13391065	inactive	pending	貝印	【貝印】ポリヘアブラシ髪と頭皮に心地よいブラシ KQ3109【ブラシ】	t29d5d3744
4479	13391064	inactive	pending	貝印	【貝印】握りやすいセットコーム KQ3110【ブラシ】	t60507c87b
4480	13391055	inactive	pending	貝印	【貝印】KQ3118ゆるふわ手ぐし風コーム【ブラシ】	t42f970433
4481	13391048	inactive	pending	貝印	【貝印】つげ櫛 KQ3126【ブラシ】	t915233206
4483	13390984	inactive	pending	アヌシ	【アヌシ】極細ポケットコームSP−480【ブラシ】	tba32dabf7
4484	13390983	inactive	pending	アヌシ	【アヌシ】Professional ブローブラシ TK−580【ブラシ】	t6ddeac5d1
4485	13390980	inactive	pending	アヌシ	【アヌシ】おとなのケース付ハブラシ【歯ブラシ】	t1e817c33b
4486	13390978	inactive	pending	ロケット石鹸	【ロケット石鹸】薬用ハンドソープメディキュッ本体【ハンドソープ】	t4443f0e92
4487	13390977	inactive	pending	ロケット石鹸	【ロケット石鹸】弱酸性ジェルハンドソープN 本体【ハンドソープ】	t70347d7c1
4488	13390967	inactive	pending	貝印	【貝印】ふわふわ洗顔ネット KQ0189【メイク】	t73cbf979a
4489	13390963	inactive	pending	貝印	【貝印】スマートキュート スーパーグリップバンスクリップM（茶） HC3315【ブラシ】	ta398f3016
4490	13390962	inactive	pending	貝印	【貝印】メンズヘアケアブラシS KQ3003【ブラシ】	ta906547dc
4491	13390961	inactive	pending	貝印	【貝印】シェーバー替刃5枚入 KQ3050【ブラシ】	te980bb3b3
4492	13390960	inactive	pending	貝印	【貝印】KQ3053 bi−hadaパウダリーパフ 長方形【メイク】	t8e1eb4baf
4493	13390959	inactive	pending	貝印	【貝印】KQ3054 bi−hadaパウダリーパフ 長角【メイク】	t8e1eb4baf
4494	13390958	inactive	pending	貝印	【貝印】KQ3055 bi−hada リキッドファンデパフ【メイク】	t8e4a22097
4495	13390957	inactive	pending	貝印	【貝印】イオンエステ折りたたみヘアケアブラシ KQ3071【ブラシ】	t08399e013
4496	13390956	inactive	pending	貝印	【貝印】KQ3099 プラチナ＋光触媒パフ 長角小【メイク】	t3a6575670
4497	13390955	inactive	pending	貝印	【貝印】KQ3100 プラチナ＋光触媒パフ 長角大【メイク】	t3a6575670
4498	13390954	inactive	pending	貝印	【貝印】KQ3102 プラチナ＋光触媒パフ ひし形【メイク】	t3a6575670
4499	13390936	inactive	pending	貝印	【貝印】KQ2353toucherieセットコーム【ブラシ】	te930e96d0
4500	13390933	inactive	pending	貝印	【販売終了】【貝印】ビーセレクション ポリヘアブラシ HK0083【ブラシ】	t72af47075
4501	13390932	inactive	pending	貝印	【販売終了】【貝印】ビーセレクション セットコームL 静電防止 HK0103【ブラシ】	t82b1365f6
4502	13390921	inactive	pending	貝印	【販売終了】【貝印】毛抜きマユ毛抜きセット HK0421【メイク】	tcda81f87b
4503	13390920	inactive	pending	貝印	【販売終了】【貝印】セーフティハサミキャップ付 HK0443【メイク】	tebf290e74
4504	13390914	inactive	pending	貝印	【貝印】泡立てネット KQ0190【メイク】	t357482af5
4505	13390896	inactive	pending	第一石鹸	【第一石鹸】薬用ハンドソープ 詰替【ハンドソープ】	t73ec45241
4506	13390848	inactive	pending	シック(Schick)	【シック(Schick)】シックLディスポ 顔・眉毛用 SWDL−3F【女性用カミソリ】	tcf1ebe20b
4507	13390826	inactive	pending	サラヤ	【サラヤ】アラウ．泡ハンドソープ【ハンドソープ】	t4f652ada9
4508	13390781	inactive	pending	コットンラボ	【コットンラボ】金箔入りあぶらとり紙【あぶらとり紙】	t386d18b05
4509	13390745	inactive	pending	ライフレンジ	【ライフレンジ】みがきやすいはぶらし4〜6才 LT−38【歯ブラシ】	t13bef19f3
4510	13390740	inactive	pending	貝印	【貝印】汚れが落ちやすいパフ（リキッド用）ひし形 KQ3244【メイク】	t3fddd0fcb
4511	13390731	inactive	pending	貝印	【貝印】cosmeup（コスメアップ ） フェイスブラシ【メイク】	t137586da9
4512	13390730	inactive	pending	貝印	【貝印】cosmeup（コスメアップ ） チークブラシ M【メイク】	tf3fa1788a
4513	13390729	inactive	pending	貝印	【貝印】cosmeup アイブローブラシセット（ブラシ＆コーム）【メイク】	t3f2c39f5b
4514	13390728	inactive	pending	貝印	【貝印】cosmeup（コスメアップ ） クシ付マユブラシ【メイク】	te7f2e414d
4515	13390727	inactive	pending	貝印	cosmeup（コスメアップ ） アイブローブラシ スクリュー＆ナイロンダブルエンド【メイク】	t3f2c39f5b
4516	13390723	inactive	pending	貝印	【貝印】cosmeup（コスメアップ ） アイシャドーブラシセット【メイク】	t8651ed1b1
4517	13390722	inactive	pending	貝印	【貝印】cosmeup（コスメアップ ） アイシャドーチップ ロング【メイク】	t96c50f16e
4518	13390721	inactive	pending	貝印	【貝印】cosmeup（コスメアップ ） アイシャドーチップ ショートダブル【メイク】	t96c50f16e
4519	13390720	inactive	pending	貝印	【貝印】cosmeup（コスメアップ ） アイシャドーチップ ショートシングル【メイク】	t96c50f16e
4520	13390719	inactive	pending	貝印	【貝印】cosmeup（コスメアップ ） スライドリップブラシ先丸【メイク】	t89551b053
4521	13390718	inactive	pending	貝印	【貝印】cosmeup（コスメアップ ） スライドリップブラシ 先平【メイク】	tab7e18f10
4522	13390717	inactive	pending	貝印	【貝印】cosmeup（コスメアップ ） 熊野筆 アイブローブラシ【メイク】	t00fe98c75
4523	13390716	inactive	pending	貝印	【貝印】cosmeup（コスメアップ ） 熊野筆 アイシャドーブラシ S【メイク】	t00fe98c75
4524	13390715	inactive	pending	貝印	【貝印】cosmeup（コスメアップ ） 熊野筆 アイシャドーブラシ M【メイク】	t00fe98c75
4525	13390690	inactive	pending	貝印	【貝印】Nyarming ねこのシャンプーグローブ【ブラシ】	t68aadc716
4526	13390643	inactive	pending	貝印	【貝印】HC3763 cosmeup シリコーンファンデーションブラシ【メイク】	ta8212d59c
4527	13390642	inactive	pending	貝印	【貝印】HC3764 cosmeup シリコーンマルチブラシ【メイク】	tb29bd0058
4528	13390640	inactive	pending	貝印	【貝印】KQ3149 ポリヘアブラシL（髪と頭皮に心地よいブラシ）【ブラシ】	t6c7d6ce4d
4529	13390636	inactive	pending	貝印	【貝印】KQ3501 NEROBIANCO コンパクトアイラッシュカーラー【メイク】	tbe9190b16
4530	13390635	inactive	pending	貝印	【貝印】KQ3508 NEROBIANCO ファンデーションパフ【メイク】	t4cb42d782
4531	13390634	inactive	pending	貝印	【貝印】KQ3511 NEROBIANCO 二重用アイテープ（ファイバータイプ）【メイク】	t72d3b35a9
4532	13390587	inactive	pending	スケーター	【スケーター】クリア歯ブラシ となりのトトロ プランツ【歯ブラシ】	t2d2718f98
4533	13395865	inactive	pending	ミニマム	【ミニマム】シナモロールハピカDBK−5WCR【歯ブラシ】	t54596d673
4538	13395832	inactive	pending	ジレット	【ジレット】ジレット カスタムプレミアム リサイクルド【男性用カミソリ】	ta6c4b4f89
4539	13395828	inactive	pending	アイオニック	【アイオニック】KISS YOU 音波振動歯ブラシ IONPA 抗菌極細毛 替え【歯ブラシ】	t118ad79ed
4540	13395820	inactive	pending	エビス	【エビス】リグEXハブラシ超先細毛 かため【歯ブラシ】	t327387118
4541	13395741	inactive	pending	コットンラボ	【コットンラボ】レジェールパフ80枚×2個パック【コットン】	t974ad562b
4542	13395710	inactive	pending	スケーター	【スケーター】クリア歯ブラシ 園児用 すみっコぐらし もぐらのおうち【歯ブラシ】	t9cd6ee333
4543	13395709	inactive	pending	スケーター	【スケーター】クリア歯ブラシ 小学生用 すみっコぐらし 星空さんぽ【歯ブラシ】	t6add89227
4544	13391215	inactive	pending	貝印	【貝印】シャンプーブラシ HB1204【美容小物】	t60147db33
4545	13391213	inactive	pending	貝印	HK0141BワンタッチカーラーS4P 【スタイリング】	t82d0d50c4
4546	13391212	inactive	pending	貝印	【貝印】ビーセレクション マジックアップカーラーL3P HK0148【スタイリング】	t5ab25c89e
4547	13391211	inactive	pending	貝印	【貝印】SALON MODE ケープ（5回分） HC0625【美容小物】	t04cdedbb6
4548	13391210	inactive	pending	貝印	【貝印】ヘアネツトブラツク HL0162【スタイリング】	t46cd34b8d
4549	13391204	inactive	pending	貝印	【貝印】スマートキュート ねじねじダブルクリップ M【スタイリング】	td2e73c88b
4550	13391199	inactive	pending	貝印	【貝印】HGシリコーンゴムリング 黒【スタイリング】	t958201ddd
4551	13391198	inactive	pending	貝印	【貝印】HG癖がつかない前髪クリップ 黒茶【スタイリング】	t449b025a0
4552	13391154	inactive	pending	ライフレンジ	【ライフレンジ】ライフレンジ 3−06歯ブラシスタンド クリア【デンタル用品】	iecfa0fe24
4553	13391153	inactive	pending	ライフレンジ	【ライフレンジ】ライフレンジ 3−06歯ブラシスタンドクリアピンク【デンタル用品】	iecfa0fe24
4554	13391150	inactive	pending	SHIKIEN	【SHIKIEN】舌ブラシW−1ショートタイプ ブルー【舌クリーナー】	t39bdde01a
4555	13391124	inactive	pending	ライオン	【ライオン】クリニカ Kid’sジェルハミガキ いちご【歯磨き】	t7efc16ffb
4556	13391117	inactive	pending	ライオン	【ライオン】NONIO（ノニオ） マウスウォッシュ ノンアルコール ライトハーブミント	i444efa7da
4557	13391116	inactive	pending	ライオン	【ライオン】NONIO（ノニオ） マウスウォッシュ クリアハーブミント【マウスウォッシュ】	t22f56d500
4558	13391115	inactive	pending	貝印	【貝印】HGスリーピン ブラック【スタイリング】	t0032f0b65
4559	13391114	inactive	pending	貝印	【貝印】HGヘアゴム 太 黒 約1m 抗菌【スタイリング】	t036d3de97
4560	13391113	inactive	pending	貝印	【貝印】HGヘアゴム 太 茶 約1m 抗菌【スタイリング】	t28b84de6e
4561	13391112	inactive	pending	貝印	【貝印】HGヘップリング 太 茶 抗菌【スタイリング】	t75e8fc1b9
4562	13391111	inactive	pending	貝印	【貝印】HGゴムリング 茶【スタイリング】	tb421f3701
4563	13391108	inactive	pending	貝印	【貝印】HGスプリングヘアゴム 黒【スタイリング】	t14db21493
4564	13391106	inactive	pending	貝印	【貝印】SC 強力アレンジピンS（茶）【スタイリング】	tb34e0aa35
4566	13391089	inactive	pending	ウテナ	【ウテナ】プロカリテ まっすぐうるおい水【スタイリング】	t6338f4463
4567	13391078	inactive	pending	小久保工業所	【小久保工業所】デントクリア【入れ歯用】	t6314b79d4
4568	13391077	inactive	pending	小久保工業所	【小久保工業所】デントクリア 部分入れ歯用【入れ歯用】	t1bbe21574
4569	13391076	inactive	pending	小久保工業所	【小久保工業所】デントクリア 総入れ歯用【入れ歯用】	t1bbe21574
4570	13391069	inactive	pending	貝印	【貝印】ヘップリング 黒 KQ0015【スタイリング】	te95677352
4571	13391068	inactive	pending	貝印	【貝印】ヘップリング 茶 KQ0016【スタイリング】	t077b5f416
4572	13391062	inactive	pending	貝印	【貝印】しっかりとまるヘアクッションカーラー S KQ3115【スタイリング】	tc6e932c37
4573	13391061	inactive	pending	貝印	【貝印】しっかりとまるヘアクッションカーラー M KQ3116【スタイリング】	t547f9b85c
4574	13391060	inactive	pending	貝印	【貝印】しっかりとまるヘアクッションカーラー L KQ3117【スタイリング】	t22d7e144b
4575	13391056	inactive	pending	貝印	【貝印】癖がつきにくい前髪クリップ 黒茶 4P KQ3131【スタイリング】	t479df6d8a
4576	13391054	inactive	pending	貝印	【貝印】強力アレンジピンL黒 KQ3119【スタイリング】	t1aa2bc41f
4577	13391052	inactive	pending	貝印	【貝印】強力アレンジピンM黒 KQ3121【スタイリング】	t3bece07c5
4578	13391051	inactive	pending	貝印	【貝印】強力アレンジピンS黒 KQ3122【スタイリング】	t16af19ecf
4579	13391050	inactive	pending	貝印	【貝印】カーブヘアピン黒 KQ3123【スタイリング】	t6ec864b6c
4580	13391049	inactive	pending	貝印	【貝印】すべらないヘアピン黒 KQ3124【スタイリング】	t4d947fe70
4581	13391024	inactive	pending	小久保工業所	【小久保工業所】デントポン【入れ歯用】	tf78b83915
4582	13391023	inactive	pending	小久保工業所	【小久保工業所】デントクリアカップ （ブルー）【入れ歯用】	t92471fd53
4583	13391022	inactive	pending	小久保工業所	【小久保工業所】デントクリアカップ （ピンク）【入れ歯用】	t92471fd53
4584	13391021	inactive	pending	小久保工業所	【小久保工業所】デントクリア マウスピース洗浄剤【マウスウォッシュ】	tb173a9387
4585	13391020	inactive	pending	小久保工業所	【小久保工業所】デントクリア マウスピース洗浄剤【マウスウォッシュ】	tb173a9387
4586	13391019	inactive	pending	小久保工業所	【小久保工業所】デントクリア リテーナー洗浄剤 バラの香り【マウスウォッシュ】	t0f3685009
4587	13391018	inactive	pending	小久保工業所	【小久保工業所】デントクリア リテーナー洗浄剤 バラの香り【マウスウォッシュ】	t0f3685009
4588	13390996	inactive	pending	マンダム	【マンダム】ギャツビー プレシェーブローション【シェービング】	tbee67d76a
4589	13390995	inactive	pending	マンダム	【マンダム】ルシード 乾燥防止ローション【化粧水・ローション】	t5632cbdfe
4590	13390987	inactive	pending	ライオン	【ライオン】クリニカ Kid’sジェルハミガキ グレープ【歯磨き】	td6a89757b
4591	13390981	inactive	pending	アヌシ	【アヌシ】滅菌済の歯間のお掃除しま専科【フロス・歯間ブラシ】	t6715cdb3f
4592	13390969	inactive	pending	貝印	【貝印】デュカールワンタッチカーラーM HC0643【スタイリング】	te59e388d9
4593	13390966	inactive	pending	貝印	【貝印】セツトコ−ムL HL0052【スタイリング】	t5a804f18a
4594	13390965	inactive	pending	貝印	【貝印】ゴムリングクロ HL0121【スタイリング】	tec7ae7054
4595	13390964	inactive	pending	貝印	【貝印】SS ヘアゴム細 黒【スタイリング】	t587fe02fe
4596	13390934	inactive	pending	貝印	【貝印】舌クリーナー ピンク KQ0191【舌クリーナー】	tb9581e6d4
4597	13390930	inactive	pending	貝印	【販売終了】【貝印】ヘアネットブラックリボン付き HK0167【スタイリング】	t20ab85d09
4598	13390929	inactive	pending	貝印	【販売終了】【貝印】アメリカヘアピン HK0181【スタイリング】	t57db50cba
4599	13390928	inactive	pending	貝印	【販売終了】【貝印】アメリカヘアピン玉付 HK0182【スタイリング】	t9f2b11b05
4600	13390927	inactive	pending	貝印	【販売終了】【貝印】スモールヘアピン玉付き HK0184【スタイリング】	t5bd397530
4601	13390925	inactive	pending	貝印	【貝印】スリーピン黒 HK0211【スタイリング】	t5ef7a9c37
4602	13390924	inactive	pending	貝印	【販売終了】【貝印】ヘアゴム太黒 抗菌 HK0263【スタイリング】	td0c5bde29
4603	13390923	inactive	pending	貝印	【販売終了】【貝印】ヘアゴム太茶 抗菌 HK0265【スタイリング】	td78f394fa
4604	13390888	inactive	pending	マンダム	【マンダム】ギャツビー ナチュラルブリーチカラー アッシュキャラメル【ヘアカラー】	tb6b4099f5
4605	13390887	inactive	pending	マンダム	【マンダム】ギャツビー ターンカラー スモーキーブラック【ヘアカラー】	i3a2c2ee46
4606	13390885	inactive	pending	マンダム	【マンダム】マンダム ロングキープスプレー スーパーハード【スタイリング】	tff96a17b9
4607	13390830	inactive	pending	コーセーコスメポート	【コーセーコスメポート】薬用 育毛精EX【育毛剤・養毛剤】	t327c7888b
4608	13390827	inactive	pending	広栄社	【広栄社】クリアデント介助ブラシ【歯ブラシ】	t99c038589
4609	13390825	inactive	pending	サラヤ	【サラヤ】アラウ．泡せっけんシャンプー【シャンプー】	ta0ff7ce8c
4610	13390824	inactive	pending	サラヤ	【サラヤ】アラウ．泡せっけんシャンプー 詰替用【シャンプー】	ta0ff7ce8c
4611	13390823	inactive	pending	サラヤ	【サラヤ】アラウ．泡コンディショナー【コンディショナー・リンス】	t814ccf1fa
4612	13390822	inactive	pending	サラヤ	【サラヤ】アラウ．泡コンディショナー 詰替用【コンディショナー・リンス】	t814ccf1fa
4613	13390820	inactive	pending	サラヤ	【サラヤ】アラウ．せっけんハミガキ【歯磨き】	t8f5000952
4614	13390752	inactive	pending	広栄社	【広栄社】クリアデントイージーフロス【フロス・歯間ブラシ】	t32a98dc13
4615	13390744	inactive	pending	貝印	【貝印】ゴムリング 黒 KQ0017【スタイリング】	t4efa63ff9
4616	13390743	inactive	pending	貝印	【貝印】ゴムリング 茶 KQ0018【スタイリング】	t507c7377f
4617	13390707	inactive	pending	広栄社	【広栄社】クリアデント歯垢染色錠【デンタル用品】	te7dace7cc
4618	13390638	inactive	pending	貝印	【貝印】KQ0019 ミニヘップリング 極細 黒【スタイリング】	t446b4ac4f
4619	13390637	inactive	pending	貝印	【貝印】KQ0020 ミニヘップリング 極細 茶【スタイリング】	t446b4ac4f
4620	13390603	inactive	pending	ライオン	【ライオン】NONIO ノニオ 舌クリーナー【舌クリーナー】	taba75150a
4621	13390593	inactive	pending	小林製薬	【小林製薬】除菌ができるタフデント108錠【入れ歯用】	t4aa0c00e7
4622	13395753	inactive	pending	コーセーコスメポート	【コーセーコスメポート】ジュレーム ファンタジスト コンセントレートミスト さらさらストレート	t26f8b7fc7
4623	13395752	inactive	pending	コーセーコスメポート	【コーセーコスメポート】モイスチュアマイルド ホワイト リペアエッセンス C100【化粧品】	t080ba594a
4624	13395751	inactive	pending	コーセーコスメポート	【コーセーコスメポート】クリアターン ビタCICA マスク【シートマスク】	t61851ed43
4625	13395749	inactive	pending	コーセーコスメポート	【コーセーコスメポート】ウルミナプラス 生つや肌ミスト【化粧水・ローション】	te2c4e22ca
4626	13395734	inactive	pending	サンスター	【サンスター】バトラーエフペーストアルファメディカルハーブタイプ【歯磨き】	t727fad05c
4627	13396572	inactive	pending	スケーター	【スケーター】デンタルキット 歯ブラシ付 すみっコぐらし【歯ブラシ】	t288b4cf29
4628	13396524	inactive	pending	日本合成	【日本合成】ウインズキッチン用泡ハンドソープ詰替【ハンドソープ】	tb4bb76925
4629	13396433	inactive	pending	ロケット石鹸	【ロケット石鹸】携帯用薬用泡ハンドソープメディキュ【ハンドソープ】	tfa9adef44
4630	13396414	inactive	pending	アヌシ	【アヌシ】獣毛＋ナイロン毛スリムロールブラシ【ブラシ】	tf58227222
4631	13396400	inactive	pending	ミヨシ石鹸	【ミヨシ石鹸】クリンハンド【ハンドソープ】	t59da89ec7
4632	13396384	inactive	pending	ライオンハイジーン	【ライオンハイジーン】業務用 キレイキレイ薬用泡ハンドソープ【ハンドソープ】	t2485e9383
4633	13396378	inactive	pending	貝印	【貝印】プッシュアップカーラー（ピンク） KQ0849【メイク】	t9ee579e95
4634	13396377	inactive	pending	貝印	【貝印】静電防止コームルビーピンク KQ1213【ブラシ】	t75c3be621
4635	13396376	inactive	pending	貝印	【貝印】キャンバブルML EYEBROW【女性用カミソリ】	t3b79746f1
4636	13396368	inactive	pending	ドルコ	【ドルコ】PACE6ディスポ5P【男性用カミソリ】	t6cf18f3d1
4637	13396344	inactive	pending	バンダイ	【バンダイ】こどもハブラシ スーパーマリオ【歯ブラシ】	t32e8dd879
4638	13396324	inactive	pending	エビス	【エビス】リグEXハブラシ・超先細毛 やわらかめ【歯ブラシ】	t327387118
4639	13396319	inactive	pending	小久保工業所	【小久保工業所】使い捨てクレンジングタオル【コットン】	t5f548f099
4640	13396317	inactive	pending	貝印	【貝印】KAI−K?U【男性用カミソリ】	tda27c1903
4641	13396312	inactive	pending	第一石鹸	【第一石鹸】第一石鹸薬用ハンドソープ本体【ハンドソープ】	t73ec45241
4642	13396303	inactive	pending	熊野油脂	【熊野油脂】ファーマアクト 薬用 泡ハンドソープ 弱酸性【ハンドソープ】	t0a3231528
4643	13396302	inactive	pending	熊野油脂	セディア 薬用 ハンドソープ（ムース状） 【ハンドソープ】	tdd7446bdc
4644	13396298	inactive	pending	ライオンハイジーン	【ライオンハイジーン】業務用 ライオン手指消毒速乾ジェル【ハンドソープ】	t1bc17aafb
4645	13396215	inactive	pending	貝印	【貝印】関孫六 マユハサミ【メイク】	ta44625ccd
4646	13396214	inactive	pending	貝印	【貝印】関孫六 ゴールドハサミ（セーフティ）【メイク】	ta44625ccd
4647	13396213	inactive	pending	貝印	【貝印】関孫六 ゴールドハサミ（オシャレ）【メイク】	t6c25680b5
4648	13396207	inactive	pending	貝印	【貝印】KQ2021高密度洗顔ブラシ【メイク】	t8780ab293
4649	13396185	inactive	pending	貝印	【貝印】KQ3251甘皮ニッパー【ネイルケア】	t673ca87fc
4650	13396183	inactive	pending	貝印	【貝印】KQ3250キューティクルお手入れセット【ネイルケア】	t13af510ec
4651	13396180	inactive	pending	貝印	【貝印】マイナスイオンボール折りたたみヘアブラシ【ブラシ】	t29d2c6d36
4652	13396179	inactive	pending	貝印	【貝印】関孫六 ワンタッチ毛抜き（先斜）【メイク】	t3939ffa75
4653	13396160	inactive	pending	貝印	【貝印】ストレートブローブラシ KQ3125【ブラシ】	tb6941f0a1
4654	13396130	inactive	pending	アヌシ	【アヌシ】TK−1300 髪艶美人 獣毛＋ナイロン毛ロールブラシ【ブラシ】	t5301850f5
4655	13396127	inactive	pending	シック(Schick)	【シック(Schick)】ウルトラ プラスXホルダー（替刃2コ付）【男性用カミソリ】	tb458f7b36
4656	13396125	inactive	pending	シック(Schick)	【シック(Schick)】クアトロ4フォーウーマン替刃【女性用カミソリ】	t09ade46ce
4657	13396124	inactive	pending	貝印	【貝印】サロンモード つげぐし HC0325【ブラシ】	t54a65023b
4658	13396122	inactive	pending	貝印	【貝印】キャッチャー毛抜き（先斜） KQ1405【メイク】	tbfdeffb99
4659	13396121	inactive	pending	貝印	【貝印】ワンタッチ毛抜き先斜め HC1809【メイク】	t1b5349081
4660	13396120	inactive	pending	貝印	【貝印】HC1837関孫六LEDル−ペツキツメキリ【ネイルケア】	t7bef2c4d9
4661	13396119	inactive	pending	貝印	KQ1540 KQ 天然毛セットブラシ（絹髪） L 【ブラシ】	t3f2f27eb4
4662	13396118	inactive	pending	貝印	【貝印】KQ1542 KQ 天然毛ロールブラシ（紗髪） L【ブラシ】	te334eff1e
4663	13396117	inactive	pending	貝印	【貝印】KQ1543 KQ 天然毛ロールブラシ（紗髪） S【ブラシ】	tc5ae0672c
4664	13396116	inactive	pending	貝印	KQ1544 KQ 天然毛ブラッシングセットブラシ（絢髪） L 【ブラシ】	t874193933
4665	13396115	inactive	pending	貝印	【貝印】オシャレ毛抜きラバー滑り止め付 HK0425【メイク】	t4646f8257
4666	13396091	inactive	pending	ライオンハイジーン	【ライオンハイジーン】業務用 キレイキレイ泡ハンドソープ フルーツミックスの香り【ハンドソープ】	t3c63d986a
4667	13396050	inactive	pending	サラヤ	【サラヤ】シャボネット石鹸液ユ・ム【ハンドソープ】	tdcef2a995
4668	13396042	inactive	pending	サラヤ	【サラヤ】シャボネット石鹸液【ハンドソープ】	i522a99ff3
4669	13396041	inactive	pending	サラヤ	【サラヤ】シャボネット石鹸液ユ・ム 大容量タイプ【ハンドソープ】	icdac652a7
4670	13396029	inactive	pending	貝印	【貝印】BESTY（ベスティー）EX3 GA0073【男性用カミソリ】	t4da42458c
4671	13396008	inactive	pending	貝印	【貝印】ミックスクッションブラシ KQ3159【ブラシ】	t3c2fb0dab
4672	13396007	inactive	pending	貝印	【貝印】ミニミックスクッションブラシ KQ3160【ブラシ】	t4985a0635
4673	13395994	inactive	pending	貝印	【貝印】cosmeup（コスメアップ ） 熊野筆 フェイスブラシ【メイク】	t00fe98c75
4674	13395993	inactive	pending	貝印	【貝印】cosmeup（コスメアップ ） 熊野筆 チークブラシ【メイク】	t00fe98c75
4675	13395987	inactive	pending	ジレット	【販売終了】【ジレット】オーラルB PRO 600 ブラックエディション Z【歯ブラシ】	t523c8d7ff
4676	13395955	inactive	pending	貝印	【貝印】姫椿のパドルブラシ【ブラシ】	t57ea2a25a
4677	13395952	inactive	pending	シック(Schick)	【シック(Schick)】ハイドロシルク ホルダー（刃付き）お試し用【女性用カミソリ】	t00d3be8c7
4678	13395949	inactive	pending	ライオンハイジーン	【ライオンハイジーン】サニテートAハンドミスト【ハンドソープ】	tbc6eb5274
4679	13395931	inactive	pending	貝印	【貝印】KQ3137 前髪用ハンディブローカーラー【ブラシ】	t037c64036
4680	13395930	inactive	pending	貝印	【貝印】KQ3502 NEROBIANCO アイラッシュカーラー【メイク】	t80a05c303
4681	13395929	inactive	pending	貝印	【貝印】KQ3512 NEROBIANCO 二重用アイリキッド【メイク】	t31154d2bb
4682	13395895	inactive	pending	貝印	【貝印】KQ3255 マルチユーズブラシ アイブローセット【メイク】	t1e99e8eab
4683	13395894	inactive	pending	貝印	【貝印】KQ3256 マルチユーズブラシ アイメイクセット【メイク】	t1e99e8eab
4684	13395893	inactive	pending	貝印	【貝印】KQ3257 マルチユーズブラシ リップセット【メイク】	t1e99e8eab
4685	13395892	inactive	pending	貝印	【貝印】スティックシェーバー スリムヘッド【メイク】	ta36713e80
4686	13395890	inactive	pending	貝印	【貝印】KQ1838 セーフティハサミ（樹脂リング付）チタンブラック【メイク】	tbd4b1bf78
4687	13395889	inactive	pending	貝印	【貝印】KQ1839 ポケシェーバー【メイク】	t7afe20857
4688	13399024	inactive	pending	ライオンケミカル	【ライオンケミカル】ピクス 手指の洗浄消毒 本体【ハンドソープ】	tc0a188672
4690	13398948	inactive	pending	貝印	【貝印】GA0117 キャンバブル フェイスL【女性用カミソリ】	t072e1a998
4691	13398947	inactive	pending	貝印	【貝印】04370 ヤングT【男性用カミソリ】	tf04a4fce2
4692	13398946	inactive	pending	貝印	【貝印】キャンバブルL FACE【女性用カミソリ】	t01b01a96f
4693	13398945	inactive	pending	貝印	【貝印】キャンバブルT BODY【女性用カミソリ】	t8d342f9ec
4694	13398934	inactive	pending	貝印	【貝印】SS引き分けコーム HL0057【ブラシ】	t0e38e6d01
4695	13398933	inactive	pending	貝印	【貝印】SSポリヘアブラシ HL0012【ブラシ】	tf29aa7824
4696	13398920	inactive	pending	貝印	【貝印】薄刃セーフティハサミ（女性用）【メイク】	t88392c049
4697	13398919	inactive	pending	貝印	【貝印】HK0005BSスタイリングブラシS【ブラシ】	t9159eaf10
4698	13398918	inactive	pending	貝印	【貝印】ブラシLスタンダ−ドP HL0004【ブラシ】	t84742080e
4699	13398907	inactive	pending	貝印	【貝印】HL0453セ−フテイハサミキヤツプツキ【メイク】	tede2e1bc1
4700	13398906	inactive	pending	貝印	【貝印】フエイスパウダ−パフ HL0351【コットン】	t84c0a14cc
4701	13398905	inactive	pending	貝印	【貝印】プレストパウダ−ヨウパフ2P HL0352【メイク】	t3b43282be
4702	13398903	inactive	pending	貝印	【貝印】SS オシャレ毛抜き【メイク】	t68b89a514
4703	13398902	inactive	pending	貝印	【貝印】SS 凡天耳かき 1本入【メイク】	t75b8a4a24
4704	13398899	inactive	pending	貝印	【貝印】泡立てネット【メイク】	t7f62b11dc
4705	13398897	inactive	pending	貝印	【貝印】スタイリングブラシLレッドラバー HC0302【ブラシ】	t3d0638712
4706	13398896	inactive	pending	貝印	【貝印】イオンエステ スタイリングブラシL【ブラシ】	t8e81ba0c6
4707	13398894	inactive	pending	貝印	【貝印】アイラッシュカーラー【メイク】	t6cc4d1765
4708	13398892	inactive	pending	貝印	【貝印】ファンデーションパフ 長方形（小）【メイク】	t747c08ebd
4709	13398891	inactive	pending	貝印	【貝印】ファンデーションパフ 長角（大）【メイク】	t747c08ebd
4710	13398890	inactive	pending	貝印	【貝印】ファンデーションパフ 長角（小）【メイク】	t747c08ebd
4711	13398887	inactive	pending	貝印	【貝印】KQ1167静電防止ブラシ折りたたみルビーピンク【ブラシ】	te7edc6b02
4712	13398886	inactive	pending	貝印	【貝印】HL0054 ポケットコーム【ブラシ】	tc029e123d
4713	13398879	inactive	pending	貝印	【貝印】マスカラコーム 折りたたみ 000KQ3146【メイク】	t847f0e1c1
4714	13398878	inactive	pending	貝印	【貝印】つげ櫛 半月形 000KQ3136【ブラシ】	t439d43586
4715	13398877	inactive	pending	貝印	【貝印】KK0236 バーバー コームシェーパー（切替式）【ブラシ】	t29478d46e
4716	13398876	inactive	pending	貝印	【貝印】HL0008 スタンダードセレクション ヘアケアブラシLナイロンブリッスル【ブラシ】	ta7abe0761
4717	13398875	inactive	pending	貝印	【貝印】HL0353 スタンダードセレクション オールシーズンスポンジパフ ホーム【メイク】	tb87daa0b0
4718	13398874	inactive	pending	貝印	【貝印】HK0114 B’s ポケットコーム（シリコン・抗菌）【ブラシ】	t3fa3dd74c
4719	13398873	inactive	pending	貝印	【貝印】KQ3176 スカルプ用ループブラシ【ブラシ】	tad7758058
4720	13398868	inactive	pending	ドルコ	【ドルコ】ドルコPACEPlus替刃【男性用カミソリ】	t362b243da
4721	13398867	inactive	pending	ドルコ	【販売終了】【ドルコ】ペース6替刃4個プラスホルダー1本RD【男性用カミソリ】	t92b39d5e5
4722	13398866	inactive	pending	ドルコ	【ドルコ】PACE6 Plusホルダー【女性用カミソリ】	td80b88b39
4723	13398859	inactive	pending	アヌシ	【アヌシ】TK−1004 ウェット＆ドライクイックブラシ【ブラシ】	t16e7716aa
4724	13398856	inactive	pending	アヌシ	【アヌシ】静電抑制女髪ブラシS TK−1380【ブラシ】	tc3a358e48
4725	13398855	inactive	pending	アヌシ	【アヌシ】RDK−281P パンダ両面デザインキッズハブラシ【歯ブラシ】	tb33fc8094
4726	13398854	inactive	pending	アヌシ	【アヌシ】06−229P こども歯ブラシ ピンク【歯ブラシ】	ta0d07911f
4727	13398853	inactive	pending	アヌシ	【アヌシ】06−228B こども歯ブラシ ブルー【歯ブラシ】	ta0d07911f
4728	13398851	inactive	pending	アヌシ	【アヌシ】SP−481 洋服ブラシ付きポケットコーム【ブラシ】	t8482b4e82
4729	13398850	inactive	pending	アヌシ	【アヌシ】ツーステップコーム TKー687【ブラシ】	tb53c3013b
4730	13398848	inactive	pending	アヌシ	【アヌシ】OA−83 ハッピーハブラシ【歯ブラシ】	t9a4d52086
4731	13398847	inactive	pending	アヌシ	【アヌシ】AT−E473 Sweet ATOM散髪引分コーム【ブラシ】	t393dc983f
4732	13398718	inactive	pending	ミニマム	【ミニマム】DBK−5B NEWこどもハピカブルー【歯ブラシ】	t7fffe086b
4733	13398717	inactive	pending	ミニマム	【ミニマム】DBK−5P NEWこどもハピカピンク【歯ブラシ】	t7fffe086b
4736	13398705	inactive	pending	ライフレンジ	【ライフレンジ】LT−52 磨きやすい歯ブラシ極 ふつう【歯ブラシ】	t15fe8a6a1
4737	13398704	inactive	pending	ライフレンジ	【ライフレンジ】LT−54 磨きやすい歯ブラシワイド ふつう【歯ブラシ】	t3b0d769eb
4738	13398703	inactive	pending	ライフレンジ	【ライフレンジ】LT−51 磨きやすい歯ブラシ極 ふつう【歯ブラシ】	tc7ac5c97f
4739	13398666	inactive	pending	シック(Schick)	【シック(Schick)】プロテクターライト【男性用カミソリ】	tdd20a1120
4740	13398664	inactive	pending	シック(Schick)	【シック(Schick)】エグザクタ2【男性用カミソリ】	t5940f3d1a
4741	13398658	inactive	pending	シック(Schick)	【シック(Schick)】クアトロ5 チタニウム 替刃【男性用カミソリ】	te00801a8f
4742	13398317	inactive	pending	アイオニック	【アイオニック】キスユー薄型コンパクト替えふつう【歯ブラシ】	t85587586a
4743	13398316	inactive	pending	アイオニック	【アイオニック】キスユー薄型コンパクト本体ふつう【歯ブラシ】	t53da27a6b
4744	13399017	inactive	pending	ライオン	hadakara（ハダカラ）ボディソープ 泡で出てくるタイプ クリーミーソープの香り 詰替え用	tcc3f84b04
4745	13398950	inactive	pending	花王プロフェッショナル	【花王】ソフティ泡のヘッド＆ボディシャンプー業務用【ボディソープ】	t8f2fcc5e0
4746	13398943	inactive	pending	貝印	【貝印】スマートキュート すべらないヘアピン黒 HC3331【スタイリング】	t9345e738d
4747	13398936	inactive	pending	貝印	【貝印】SSマジックアップカーラーL3P HL0173【スタイリング】	ta21b2e789
4748	13398935	inactive	pending	貝印	【貝印】SSレディーヘアクリップL2PBK HL0146【スタイリング】	t2509bc036
4749	13398931	inactive	pending	貝印	【貝印】貝印 ヘアゴムNO4 HA1104【スタイリング】	tf9ee75f92
4750	13398898	inactive	pending	貝印	【貝印】ヘアカットハサミ S【スタイリング】	t0cec338f8
4751	13398849	inactive	pending	アヌシ	【アヌシ】Y字ホルダー＆ミントフロス OK−002【デンタル用品】	tad42d6398
4752	13398846	inactive	pending	アヌシ	【アヌシ】AH−02ピンカールピン【スタイリング】	t37d06bf2d
4753	13398841	inactive	pending	ウテナ	【ウテナ】メルフィニ モイストリキッド【スタイリング】	t4cf23e2b6
4754	13398799	inactive	pending	サイキョウ・ファーマ	【サイキョウ・ファーマ】薬用デンタルリンス トータルケア【マウスウォッシュ】	t431735599
4755	13398764	inactive	pending	ダリヤ	【ダリヤ】ベネゼル コールドロッドC （6号）【ホームパーマ剤】	t0f56dfe88
4756	13398763	inactive	pending	ダリヤ	【ダリヤ】ベネゼル コールドロッドA （8号）【ホームパーマ剤】	ta2dfea4c8
4757	13398762	inactive	pending	ダリヤ	【ダリヤ】サロンドプロ 泡のヘアカラー・エクストラリッチ（白髪用）3B＜ベージュブラウン＞	i8417f0e3b
4758	13398761	inactive	pending	ダリヤ	【ダリヤ】パルティ カラーリングミルク ＜本命ベージュ＞【ヘアカラー・黒髪用】	if7dcc45b2
4759	13398760	inactive	pending	ダリヤ	【ダリヤ】パルティ カラーリングミルク ＜ごきげんピンク＞【ヘアカラー・黒髪用】	i8417f0e3b
4760	13398759	inactive	pending	ダリヤ	【ダリヤ】クレオディーテ クリアリーカラー （白髪用） ＜ルーセントブラウン＞【ヘアカラー・白髪用】	t81c8b82c8
4761	13398758	inactive	pending	ダリヤ	【ダリヤ】モモリ ふわっとさら髪ドライシャンプー【スタイリング】	tdb19b7182
4762	13398706	inactive	pending	ライフレンジ	【ライフレンジ】磨きやすいワンタフトブラシ LT−48【フロス・歯間ブラシ】	teb34f8927
4763	13398597	inactive	pending	柳屋本店	【柳屋本店】レディーストップシェードスプレー ウィッグ自然になじむ栗色【ヘアカラー・白髪用】	tfcaf11ada
4764	13398535	inactive	pending	小林製薬	【小林製薬】ケシミン クリームEX【化粧品】	tae7928168
4765	13398532	inactive	pending	小林製薬	【小林製薬】やわらか歯間ブラシ L字カーブ 極細タイプ SSS−Sサイズ【フロス・歯間ブラシ】	te76b3d188
4766	13396563	inactive	pending	ライオン	【ライオン】デントヘルス 薬用ハミガキDX【歯磨き】	tce6961867
4767	13396562	inactive	pending	ライオン	【ライオン】デントヘルス 薬用ハミガキDX【歯磨き】	tbfe45ca27
4768	13396561	inactive	pending	ライオン	【ライオン】デントヘルス 薬用ハミガキDX【歯磨き】	tbfe45ca27
4769	13396506	inactive	pending	ダリヤ	【ダリヤ】サロンドプロ 無香料ヘアカラー 早染めクリーム（白髪用）5B＜深みのあるベージュブラウン＞	t96bc6f52a
4770	13396505	inactive	pending	ダリヤ	【ダリヤ】サロンドプロ 無香料ヘアカラー 早染めクリーム 4B＜深みのあるベージュブラウン＞	t96bc6f52a
4771	13396500	inactive	pending	コーセーコスメポート	【コーセーコスメポート】モイスチュアマイルド ミルキィローション 詰替え【化粧水・ローション】	t35abdf612
4772	13396499	inactive	pending	コーセーコスメポート	【コーセーコスメポート】モイスチュアマイルド ローション 超しっとり 詰替え【化粧水・ローション】	t6e5d7fc5c
4773	13396498	inactive	pending	コーセーコスメポート	【コーセーコスメポート】モイスチュアマイルド ローション しっとり 詰替え【化粧水・ローション】	tfcf50396d
4774	13396490	inactive	pending	貝印	【貝印】SSスモールヘアピン（玉付） HL0104【スタイリング】	t9aaa03e92
4775	13396444	inactive	pending	常盤薬品	【販売終了】【常盤薬品】サナ なめらか本舗 化粧水 つめかえ用【化粧水・ローション】【納期未定】	t25769eaf6
4776	13396385	inactive	pending	ライオンハイジーン	【販売終了】【ライオンハイジーン】ソフトインワンシャンプー【シャンプー】	t390ed4796
4777	13396353	inactive	pending	マンダム	【マンダム】ルシード 薬用 トータルケアひんやり化粧水【化粧水・ローション】	tf908db958
4778	13396343	inactive	pending	ダリヤ	【ダリヤ】サロンドプロ 白髪かくしカラー ＜ナチュラルブラック＞【ヘアカラー・白髪用】	t718da8dc2
4779	13396339	inactive	pending	コーセーコスメポート	ジュレーム ファンタジスト コンセントレートミスト さらさらストレート 詰替え	t1abf8ec0d
4780	13396329	inactive	pending	UFCサプライ	【UFCサプライ】デントインフロス＆ピックスモールサイズ【フロス・歯間ブラシ】	ta70f67dc1
4781	13396325	inactive	pending	小林製薬	【小林製薬】パーシャルデント強力ミント108錠【入れ歯用】	t125bbb9a6
4782	13396323	inactive	pending	小林製薬	【小林製薬】タフデント 強力ミントタイプ【入れ歯用】	t8426d068c
4783	13396278	inactive	pending	UFCサプライ	【UFCサプライ】こどもデンタルフロスFLOSSY！【フロス・歯間ブラシ】	td1aacca58
4784	13396223	inactive	pending	-	ヘチマコロン 化粧水【化粧水・ローション】	t2fc1dc978
4785	13396222	inactive	pending	柳屋本店	【柳屋本店】柳屋 ヘアトニック ＜柑橘＞【育毛剤・養毛剤】	tb799f60ec
4786	13396174	inactive	pending	ウテナ	【ウテナ】アロエス しっとり化粧水【化粧水・ローション】	t85ecb6f73
4787	13396173	inactive	pending	ウテナ	【ウテナ】アロエス とてもしっとり化粧水【化粧水・ローション】	t16ff40cd8
4788	13396172	inactive	pending	ウテナ	【ウテナ】アロエス 乳液【化粧品】	t71f379829
4789	13396170	inactive	pending	ウテナ	【ウテナ】プロカリテ 縮毛ジュレ【スタイリング】	t98d71989c
4790	13396164	inactive	pending	小久保工業所	【小久保工業所】デントクリア 緑茶パワー【入れ歯用】	t3e1ef1b9e
4791	13396156	inactive	pending	明色化粧品	【明色化粧品】DETクリア ブライト＆ピール ピーリングジェリー＜ホット＞【洗顔・クレンジング】	t0ac739aac
4792	13396152	inactive	pending	コーセーコスメポート	【コーセーコスメポート】モイスチュアマイルド ホワイト パーフェクトエッセンス 詰替え【化粧品】	i79692cebd
4794	13396137	inactive	pending	マンダム	【マンダム】ルシード スキンクリーム【化粧品】	t59b462921
4795	13396133	inactive	pending	マンダム	【マンダム】ルシード アフターシェーブローション【化粧水・ローション】	tb23b0da4e
4796	13396123	inactive	pending	貝印	KK0238バーバー ケープ 【スタイリング】	t4f364f7be
4797	13396099	inactive	pending	柳屋本店	【柳屋本店】柳屋ヘアトニック ＜無香料クールタイプ＞【化粧品】	tbee47e91f
4798	13396098	inactive	pending	柳屋本店	【柳屋本店】リフルール薬用育毛エッセンス【育毛剤・養毛剤】	t92320d33f
4799	13396094	inactive	pending	ライオンハイジーン	【ライオンハイジーン】レオナイス コンディショナー【シャンプー】	i5ca8db02c
4800	13396093	inactive	pending	ライオンハイジーン	【ライオンハイジーン】レオナイス リンスインシャンプー【シャンプー】	i5ca8db02c
4801	13396092	inactive	pending	ライオンハイジーン	【ライオンハイジーン】レオナイス さつぱりボデイソープ【ボディソープ】	i690de15d1
4802	13396089	inactive	pending	ライオンハイジーン	【販売終了】【ライオンハイジーン】ソフトインワンシャンプー【シャンプー】	t390ed4796
4803	13396032	inactive	pending	アース製薬	【アース製薬】モンダミンKid’s フッ素仕上げジェルセット ぶどう味【歯磨き】	t7d45ea149
4804	13396031	inactive	pending	アース製薬	【アース製薬】ヘルパータスケ モンダミン マウススプレー うるおいジューシー【マウスウォッシュ】	t0f5f7c18d
4805	13396020	inactive	pending	明色化粧品	【明色化粧品】雪澄 薬用美白水【化粧水・ローション】	t986feab45
4806	13395984	inactive	pending	柳屋本店	【柳屋本店】薬用育毛リゴウ【育毛剤・養毛剤】	tc1ef88e76
4807	13395975	inactive	pending	ロート製薬	【ロート製薬】肌ラボ 白潤 プレミアム 薬用 浸透美白化粧水 しっとり【化粧水・ローション】	ibca6f2861
4808	13395966	inactive	pending	ロート製薬	【ロート製薬】肌ラボ 極潤 薬用 ハリ化粧水【化粧水・ローション】	tda1e66925
4809	13395964	inactive	pending	ロート製薬	【ロート製薬】肌ラボ 極潤 薬用 ハリクリーム【化粧品】	t914762082
4810	13395938	inactive	pending	三宝商事	【三宝商事】テンスター カラーシャンプー ダークブラウン（詰替用）【ヘアカラー・白髪用】	tad2ac9dd7
4811	13395904	inactive	pending	ロート製薬	【ロート製薬】肌ラボ 極潤 薬用 ハリ化粧水 詰替え【化粧水・ローション】	tda1e66925
4812	13395902	inactive	pending	ロート製薬	【ロート製薬】メラノCC Men 薬用 しみ対策 美白ジェル【化粧水・ローション】	t5ac961511
4813	13395898	inactive	pending	貝印	【貝印】KQ3205 メンズヘアカットセット（マニュアル付）【スタイリング】	t6b37e465f
4814	13395897	inactive	pending	貝印	【貝印】KQ3207 メンズスキハサミ【スタイリング】	tb51db15fb
4815	13395896	inactive	pending	貝印	【貝印】KQ3281 スパット（毛切り）【スタイリング】	tf926cce05
4816	13395887	inactive	pending	ロート製薬	【ロート製薬】肌ラボ 極潤 薬用 ハリ乳液 詰替え【化粧品】	t52f010d05
4817	13395885	inactive	pending	ロート製薬	【ロート製薬】スキンアクア スーパーモイスチャー ジェル【UV・日焼け止め】	tc700ae5fa
4818	13395880	inactive	pending	マンダム	【マンダム】ルシード スキンコンディショナー【化粧水・ローション】	t5050e3f84
4820	13398915	inactive	pending	貝印	【貝印】オニピン HL0107【スタイリング】	tc36c8a5aa
4821	13398914	inactive	pending	貝印	【貝印】ヘアゴムフトクロ HL0124【スタイリング】	t3b4aa011b
4822	13398913	inactive	pending	貝印	【貝印】ヘアゴムフトチヤ HL0125【スタイリング】	t3b4aa011b
4823	13398912	inactive	pending	貝印	【貝印】ヘツプリングチヤ HL0128【スタイリング】	t5f298febd
4824	13398911	inactive	pending	貝印	【貝印】スリ−ピンブラツク HL0142【スタイリング】	t1485e185b
4825	13398910	inactive	pending	貝印	【貝印】ワンタツチカ−ラ−M4P HL0169【スタイリング】	t853e0458c
4827	13398904	inactive	pending	貝印	【貝印】SS アメリカヘアピン【スタイリング】	tcdc4b62ec
4828	13398901	inactive	pending	貝印	【貝印】HGトップピン ブラック【スタイリング】	t3cac1998d
4829	13461080	inactive	pending	シック(Schick)	【シック(Schick)】プロテクターライト【男性用カミソリ】	ta63697c2f
4830	13461079	inactive	pending	シック(Schick)	【シック(Schick)】プロテクターライト【男性用カミソリ】	tbfaffae38
4831	13461076	inactive	pending	シック(Schick)	【シック(Schick)】クアトロ5 チタニウム 替刃【男性用カミソリ】	te00801a8f
4832	13461075	inactive	pending	シック(Schick)	【シック(Schick)】クアトロ4 チタニウム 替刃【男性用カミソリ】	t253b0e2da
4833	13461015	inactive	pending	東京企画販売	【東京企画販売】クリスタルネイルシャイナ−【ネイルケア】	t0bd3f02fa
4834	13460996	inactive	pending	ライフレンジ	【ライフレンジ】LT−59 40代からの磨きやすい歯ブラシ【歯ブラシ】	t034adb03c
4835	13460995	inactive	pending	ライフレンジ	【ライフレンジ】LT−56 磨きやすい歯ブラシワイド ふつう【歯ブラシ】	t3b0d769eb
4836	13460991	inactive	pending	ミニマム	【ミニマム】替ブラシこどもナチュラルBRTS−7W【歯ブラシ】	te71e2190c
4837	13460987	inactive	pending	マルマン	【マルマン】電子パイポSUCCESS（タバコ味）	tc97b3d69d
4838	13460927	inactive	pending	アヌシ	【アヌシ】SH−383 E6系こまち新幹線ハブラシ【歯ブラシ】	t848538ea1
4839	13460926	inactive	pending	アヌシ	【アヌシ】SH−382 E5系はやぶさ新幹線ハブラシ【歯ブラシ】	t0d06ec4d9
4840	13460925	inactive	pending	アヌシ	【アヌシ】SH−381 923系ドクターイエロー新幹線ハブラシ【歯ブラシ】	t1ec1252a7
4841	13460924	inactive	pending	アヌシ	【アヌシ】SH−380 N700Sのぞみ新幹線ハブラシ【歯ブラシ】	tbb847f5bc
4842	13460876	inactive	pending	ライオンケミカル	【ライオンケミカル】ピクス手指の洗浄消毒つめかえ【ハンドソープ】	tc0a188672
4844	13460816	inactive	pending	スケーター	【スケーター】歯ブラシ 園児用 サンリオキャラクターズ【歯ブラシ】	t9b627bff5
4845	13460815	inactive	pending	スケーター	【スケーター】歯ブラシ 園児用 すみっコぐらし【歯ブラシ】	tce222b074
4846	13460811	inactive	pending	スケーター	【スケーター】デンタルキット（歯ブラシ付） HGお友だち TRKS1【歯ブラシ】	t23856d499
4847	13460805	inactive	pending	スケーター	【スケーター】クリア歯ブラシ 園児用 ディズニー プリンセス【歯ブラシ】	t1a33cf6ba
4848	13460804	inactive	pending	スケーター	【スケーター】クリア歯ブラシ 園児用 カラフルピーチ【歯ブラシ】	t3323421e4
4849	13460803	inactive	pending	スケーター	【スケーター】クリア歯ブラシ 園児用 アナと雪の女王2【歯ブラシ】	t475428d36
4850	13460802	inactive	pending	スケーター	【スケーター】クリア歯ブラシ 園児用 トミカ【歯ブラシ】	t1edfd3644
4851	13460795	inactive	pending	スケーター	【スケーター】クリア歯ブラシ 園児用 トミカ【歯ブラシ】	t1edfd3644
4852	13460692	inactive	pending	グラクソスミスクライン	【グラクソスミスクライン】シュミテクト プラチナプロテクトEXハブラシ コンパクト（ふつう）	t778121e13
4853	13460691	inactive	pending	グラクソスミスクライン	【グラクソスミスクライン】シュミテクト コンプリートワンEXプレミアムハブラシ コンパクト（ふつう）	tefe64c17a
4854	13460690	inactive	pending	グラクソスミスクライン	【グラクソスミスクライン】シュミテクト コンプリートワンEXプレミアムハブラシ レギュラー（ふつう）	tefe64c17a
4855	13461143	inactive	pending	太陽油脂	【太陽油脂】パックスベビー ボディークリームポンプタイプ【ボディクリーム・ローション】	t9b8567be2
4856	13461082	inactive	pending	小久保工業所	【小久保工業所】ハローキティ デントクリア 歯列矯正用 リテーナー・マウスピース洗浄剤【入れ歯用】	t85d0f9e60
4857	13461081	inactive	pending	小久保工業所	【小久保工業所】ハローキティ デントクリア酵素入り 入れ歯洗浄剤【入れ歯用】	tbee23d9e6
4858	13460990	inactive	pending	マンダム	【マンダム】マンダム ハッピーデオ ボディシート 超極冷 フローズンリリー【制汗剤・デオドラント】	t1d90c8bc6
4859	13460885	inactive	pending	ライオンハイジーン	【ライオンハイジーン】ソフトインワンシャンプー【シャンプー】	t390ed4796
4860	13460884	inactive	pending	ライオンハイジーン	【ライオンハイジーン】業務用 植物物語コンデイシヨナー【コンディショナー・リンス】	t0eb257c1f
4861	13460883	inactive	pending	ライオンハイジーン	【ライオンハイジーン】業務用 植物物語ボデイソープ【ボディソープ】	t9203fb9cd
4862	13460882	inactive	pending	ライオンハイジーン	【ライオンハイジーン】業務用 植物物語シヤンプー【シャンプー】	t2bf17c730
4863	13482650	inactive	pending	花王	【花王】アトリックス ハンドクリーム チューブ【ボディクリーム・ローション】	tc48504a58
4864	13482645	inactive	pending	花王	【花王】ニベアクリーム チューブ【ボディクリーム・ローション】	t2a6a5347c
4865	13482569	inactive	pending	花王	【花王】エッセンシャル しっとりまとまる シャンプー つめかえ用【シャンプー】	t891723515
4866	13482568	inactive	pending	花王	【花王】エッセンシャル しっとりまとまる コンディショナー つめかえ用【コンディショナー・リンス】	t891723515
4867	13502363	inactive	pending	グリーンベル	【グリーンベル】SJ−T250しつかり掴んで離さない毛抜き【メイク】	t34e396fa1
4868	13502372	inactive	pending	興和新薬	【興和新薬】バンテリン高通気サポーター ひざふつう ライトブルー【サポーター】	tf66d51e17
4869	13502371	inactive	pending	興和新薬	【興和新薬】バンテリン高通気サポーター ひざふつう シルバーグレー【サポーター】	tf66d51e17
4870	13502370	inactive	pending	興和新薬	【興和新薬】バンテリン高通気サポーター ひざ大きめ ライトブルー【サポーター】	tf66d51e17
4871	13502369	inactive	pending	興和新薬	【興和新薬】バンテリン高通気サポーター ひざ大きめ シルバーグレー【サポーター】	tf66d51e17
4872	13530109	inactive	pending	スケーター	【スケーター】クリア歯ブラシ 園児用 ポケットモンスター【歯ブラシ】	t5e3e0d008
4873	13539360	inactive	pending	コットンラボ	【コットンラボ】レジェールパフ【コットン】	te68659105
4874	13572759	inactive	pending	シャボン玉石けん	【シャボン玉石けん】バブルガード業務用【ハンドソープ】	ta03afa6f4
4875	13572745	inactive	pending	デンタルプロ	【デンタルプロ】オーラルプロワイドヘッドハブラシやわらかめ【歯ブラシ】	t9db62f959
4876	13572744	inactive	pending	デンタルプロ	【デンタルプロ】オーラルプロワイドヘッドハブラシふつう【歯ブラシ】	t9db62f959
4877	13579068	inactive	pending	シャボン玉石けん	【シャボン玉石けん】パウダーリンスつめかえ【コンディショナー・リンス】	t6ad3594d0
4878	13651736	inactive	pending	グラクソスミスクライン	【グラクソスミスクライン】ポリデント泡ウォッシュ【入れ歯用】	t73ceb9957
4879	13670689	inactive	pending	アヌシ	【アヌシ】OB−402 歯間のお掃除しま専科 歯のようじ【フロス・歯間ブラシ】	tf41f183f1
4880	13670668	inactive	pending	アヌシ	【アヌシ】ミニシュシュ黒／白（フラワーミニポーチ付）【スタイリング】	t762848e64
4881	13670667	inactive	pending	アヌシ	【アヌシ】ミニシュシュ黒（フラワーポーチ付）【スタイリング】	t72caec389
4882	13670666	inactive	pending	アヌシ	【アヌシ】からまりにくいリングゴム（太）【スタイリング】	tc2b74684e
4883	13670665	inactive	pending	アヌシ	【アヌシ】からまないゴム50本（フラワーポーチ付）【スタイリング】	t651a8191c
4884	13700195	inactive	pending	ヤマトエスロン	【ヤマトエスロン】無水ハミガキセット【歯ブラシ】	t609f66652
4885	13700196	inactive	pending	マルマン	【マルマン】電子パイポSUCCESS（Mタバコ味）	t8a3956524
4886	13700197	inactive	pending	マルマン	【マルマン】電子パイポSUCCESS（マスカット味）	t6b4c028a2
4887	13726314	inactive	pending	明色化粧品	【明色化粧品】モイストラボ メイクキープミスト＜ツヤタイプ＞【化粧品】	t057df2092
4888	13726312	inactive	pending	コーセーコスメポート	【コーセーコスメポート】ビタプル ダブルアクション リペアセラム【化粧品】	ta591054e5
4889	13753573	inactive	pending	コーセーコスメポート	【コーセーコスメポート】デオカラット 薬用ボディウォッシュ つめかえ【制汗剤・デオドラント】	ted2fbfffe
4890	13762990	inactive	pending	ドルコ	【ドルコ】PACE6＋1 ディスポ トリマー付【男性用カミソリ】	tea8b2d6c6
4891	13762934	inactive	pending	貝印	【貝印】シャンプーブラシ レギュラー【メイク】	t4753adfc2
4892	13762925	inactive	pending	ハリマ共和物産	【HADARIKI】フェイシャルタオル【メイク】	t8b001554d
4893	13762935	inactive	pending	ビタットジャパン	【ビタットジャパン】オクチ チャチャっと【歯ブラシ】	t1c942c4a0
4894	13762904	inactive	pending	クラシエ	【クラシエ】いち髪 THE PREMIUM モイスチャーメロウヘアパック【ヘアトリートメント】	t703cb2485
4895	13772015	inactive	pending	アース製薬	【アース製薬】モンダミン マイルドミント【マウスウォッシュ】	t149c83ed6
4896	13304039	inactive	pending	ファイントゥデイ	【ファイントゥデイ】センカ プレミアムパーフェクトホイップ クリア（医薬部外品）	t8e51a6c3f
4897	13780589	inactive	pending	ウテナ	【ウテナ】マッシーニ クイックヘアカバースプレー ライトブラック【化粧品】	t429642a84
4898	13780566	inactive	pending	アース製薬	【アース製薬】モンダミン マイルドミント 1000ml【マウスウォッシュ】	t149c83ed6
4899	13780565	inactive	pending	アース製薬	【アース製薬】モンダミン マイルドミント【マウスウォッシュ】	t149c83ed6
4900	13780564	inactive	pending	アース製薬	【アース製薬】モンダミン ナイトクリア【マウスウォッシュ】	t8878295c9
4901	13780563	inactive	pending	アース製薬	【アース製薬】モンダミン スパイシーミント【マウスウォッシュ】	t84c979434
4902	13780562	inactive	pending	アース製薬	【アース製薬】モンダミン スパイシーミント 1000ml【マウスウォッシュ】	t69d2d7df7
4903	13780561	inactive	pending	アース製薬	【アース製薬】モンダミン スパイシーミント【マウスウォッシュ】	t69d2d7df7
4904	13780560	inactive	pending	アース製薬	【アース製薬】モンダミン クリアミント つめかえ【マウスウォッシュ】	t49b54ad6c
4905	13780559	inactive	pending	アース製薬	【アース製薬】モンダミン クリアミント つめかえ大容量【マウスウォッシュ】	t7532c0156
4906	13780558	inactive	pending	アース製薬	【アース製薬】モンダミン クリアミント【マウスウォッシュ】	t54d5b5a45
4907	13780557	inactive	pending	アース製薬	【アース製薬】モンダミン クリアミント【マウスウォッシュ】	t36a1de210
4908	13780556	inactive	pending	アース製薬	【アース製薬】モンダミン クリアミント 1000ml【マウスウォッシュ】	t54d5b5a45
4909	13780555	inactive	pending	アース製薬	【アース製薬】モンダミン クリアミント【マウスウォッシュ】	t54d5b5a45
4910	13780554	inactive	pending	アース製薬	【アース製薬】モンダミン プレミアムケア ホワイトミント【マウスウォッシュ】	t3b3d7db1f
4911	13780553	inactive	pending	アース製薬	【アース製薬】モンダミン プレミアムケア ホワイトミント【マウスウォッシュ】	t3b3d7db1f
4912	13780552	inactive	pending	アース製薬	【アース製薬】モンダミン プレミアムケア ホワイトミント つめかえ【マウスウォッシュ】	t0fd1cd7d0
4913	13780551	inactive	pending	アース製薬	【アース製薬】モンダミン プレミアムケア ホワイトミント つめかえ【マウスウォッシュ】	t824cd1948
4914	13780550	inactive	pending	アース製薬	【アース製薬】モンダミン プレミアムケア ブラックミント【マウスウォッシュ】	t7c5ba93d2
4915	13780549	inactive	pending	アース製薬	【アース製薬】モンダミン プレミアムケア シトラスミント【マウスウォッシュ】	t0f73bc025
4916	13780548	inactive	pending	アース製薬	【アース製薬】モンダミン プレミアムケア ゴールドミント【マウスウォッシュ】	t82e953a22
4917	13780547	inactive	pending	アース製薬	【アース製薬】モンダミン プレミアムケア ゴールドミント【マウスウォッシュ】	t98bf6f37a
4918	13780546	inactive	pending	アース製薬	【アース製薬】モンダミン プレミアムケア ゴールドミント【マウスウォッシュ】	t82e953a22
4919	13780545	inactive	pending	アース製薬	【アース製薬】モンダミン プレミアムケア ゴールドミント つめかえ【マウスウォッシュ】	t7a6963b68
4920	13780544	inactive	pending	アース製薬	【アース製薬】モンダミン プレミアムケア ホワイトミント 1000ml【マウスウォッシュ】	t3b3d7db1f
4921	13780543	inactive	pending	アース製薬	【アース製薬】モンダミン プレミアムケア ゴールドミント 1000ml【マウスウォッシュ】	t82e953a22
4922	13780542	inactive	pending	アース製薬	【アース製薬】モンダミン プレミアムケア ブラックミント 1000ml【マウスウォッシュ】	t7c5ba93d2
4923	13780541	inactive	pending	アース製薬	【アース製薬】ダモン リラックスミント 12ml【マウスウォッシュ】	tbb00e093a
4924	13780540	inactive	pending	アース製薬	【アース製薬】ダモン ブライトレモン 12ml【マウスウォッシュ】	tb47f10b93
4925	13780539	inactive	pending	アース製薬	【アース製薬】モンダミン プレミアムケア ゴールドミント つめかえ大容量【歯磨き】	t473ae24a5
4926	13780530	inactive	pending	コーセーコスメポート	【コーセーコスメポート】クリアターン ごめんね素肌 無垢美ちゃんアイセラム【化粧品】	tf6d74f5c3
4927	13780529	inactive	pending	コーセーコスメポート	【コーセーコスメポート】クリアターン ごめんね素肌 いつのまにマスク【シートマスク】	tdb8d8e442
4928	13780528	inactive	pending	コーセーコスメポート	【コーセーコスメポート】グレイスワン リンクルケア リンクルリフトV ナイトクリーム【化粧品】	t863874ddb
4929	13780527	inactive	pending	コーセーコスメポート	【コーセーコスメポート】ソフティモ 毛穴小町 酵素クレンジングオイル つめかえ	td4f809437
4930	13780526	inactive	pending	コーセーコスメポート	【コーセーコスメポート】ジュレームレイヤードDインナーリペアヘアマス【ヘアトリートメント】	t9a62e6969
4931	13780525	inactive	pending	コーセーコスメポート	【コーセーコスメポート】ジュレーム レイヤード ヘアシャイン ブースターオイル【ヘアトリートメント】	t4045df650
4932	13780524	inactive	pending	明色化粧品	【明色化粧品】ピントアップ カバーアイクリーム【化粧品】	t0ec5ad6b5
4933	13780523	inactive	pending	クラシエ	いち髪 流し前髪キープコーム 【スタイリング】	t3388a8d43
4934	13780522	inactive	pending	クラシエ	【クラシエ】いち髪 ヘアキープ美容液スティック（スーパーハード）【スタイリング】	te5b9446c9
4935	13780521	inactive	pending	クラシエ	【クラシエ】いち髪 ヘアキープ美容液スティック（ナチュラルキープ）【スタイリング】	t518639ba6
4936	13780504	inactive	pending	コーセーコスメポート	【コーセーコスメポート】クリアターン ごめんね素肌 スポットケアマスク【シートマスク】	te65713fad
4937	13780496	inactive	pending	コーセーコスメポート	【コーセーコスメポート】ジュレーム レイヤード ヘアトリートメント （スムースストレートケア）	te25d4856c
4938	13780495	inactive	pending	コーセーコスメポート	ジュレーム レイヤード ヘアトリートメント （スムースストレートケア） つめかえ	t977db19d6
4939	13780494	inactive	pending	コーセーコスメポート	ジュレーム レイヤード シャンプー＆ヘアトリートメント トライアルセット （エクストラダメージケア）	tac942bfa7
4940	13780493	inactive	pending	コーセーコスメポート	【コーセーコスメポート】ジュレーム レイヤード トリートメント （エクストラダメージケア）	tc5d1a1a7b
4941	13780492	inactive	pending	コーセーコスメポート	【コーセーコスメポート】ジュレーム レイヤード トリートメント （エクストラダメージケア） つめかえ	tc5d1a1a7b
4942	13780491	inactive	pending	コーセーコスメポート	ジュレーム レイヤード シャンプー＆ヘアトリートメント トライアルセット （スムースストレートケア）	t69b967d56
4943	13780490	inactive	pending	コーセーコスメポート	【コーセーコスメポート】ジュレーム レイヤード シャンプー （スムースストレートケア）【シャンプー】	t5a0a0c4ee
4944	13780489	inactive	pending	コーセーコスメポート	【コーセーコスメポート】ジュレーム レイヤード シャンプー （スムースストレートケア） つめかえ	tb7d2f8df0
4945	13780488	inactive	pending	コーセーコスメポート	【コーセーコスメポート】ジュレーム レイヤード シャンプー （エクストラダメージケア）【シャンプー】	t781abe535
4946	13780487	inactive	pending	コーセーコスメポート	【コーセーコスメポート】ジュレーム レイヤード シャンプー （エクストラダメージケア） つめかえ	tc5d1a1a7b
4947	13780477	inactive	pending	ロート製薬	メンソレータム ハンドベール 濃厚クリーム 【ハンドクリーム】	t4bef6604a
4948	13780476	inactive	pending	ロート製薬	【ロート製薬】メンソレータム ハンドベール 手荒れケアクリーム【ハンドクリーム】	t36a4ed4c0
4949	13780475	inactive	pending	ロート製薬	【ロート製薬】メンソレータム ハンドベール しっとりクリーム【ハンドクリーム】	t58b36d90f
4950	13780474	inactive	pending	ロート製薬	【ロート製薬】メンソレータム ハンドベール うるおいジェル【ハンドクリーム】	t96f13c916
4951	13780473	inactive	pending	ロート製薬	【ロート製薬】肌ラボ 極潤ヒアルロン泡洗顔 つめかえ用【洗顔・クレンジング】	t65f848e10
4952	13780472	inactive	pending	ロート製薬	【ロート製薬】肌ラボ 極潤ヒアルロン泡洗顔【洗顔・クレンジング】	t65f848e10
4953	13780471	inactive	pending	ロート製薬	【ロート製薬】メンソレータム アクネス 薬用毛穴すっきり粒つぶ洗顔【洗顔・クレンジング】	tdb29042b3
4954	13780470	inactive	pending	ロート製薬	【ロート製薬】メンソレータム アクネス 薬用クリーム洗顔【洗顔・クレンジング】	t6d570c71b
4955	13780468	inactive	pending	ロート製薬	【ロート製薬】メンソレータム アクネス 薬用ふわふわな泡洗顔【洗顔・クレンジング】	t73a170005
4956	13818981	inactive	pending	デンタルプロ	【デンタルプロ】デンタルプロスタイルフレッシュふつう【歯ブラシ】	ta6450f22c
4957	13818980	inactive	pending	デンタルプロ	【デンタルプロ】デンタルプロスタイルピットふつう【歯ブラシ】	t710dae4d2
4958	13818979	inactive	pending	デンタルプロ	【デンタルプロ】デンタルプロスタイルソフトふつう【歯ブラシ】	tf549d3160
4959	13818957	inactive	pending	錦尚金	【錦尚金】ミニメイクブラシ5本セット・ケース付き（パープル）【メイク】	t9e44452e9
4960	13818910	inactive	pending	ファイントゥデイ	【ファイントゥデイ】ヤングパル（L）【女性用カミソリ】	t995d886b6
4961	13818909	inactive	pending	ファイントゥデイ	【ファイントゥデイ】ポアンかみそり スペシャル【女性用カミソリ】	t0a6c95341
4962	13818908	inactive	pending	ファイントゥデイ	【ファイントゥデイ】プリペア わきそり用【女性用カミソリ】	t9daa65b2c
4963	13818907	inactive	pending	ファイントゥデイ	【ファイントゥデイ】プリペア 眉そり用【女性用カミソリ】	taa35b3168
4964	13818906	inactive	pending	ファイントゥデイ	【ファイントゥデイ】プリペア フィニッシュ用（プチT）【女性用カミソリ】	ta06aba217
4965	13818905	inactive	pending	ファイントゥデイ	【ファイントゥデイ】プリペア 顔そり用（T）【女性用カミソリ】	tcfbedec34
4966	13818904	inactive	pending	ファイントゥデイ	【ファイントゥデイ】プリペア 顔そり用 L【女性用カミソリ】	t4edda7634
4967	13818646	inactive	pending	花王	【花王】ビオレu泡ハンドソープ 業務用【ハンドソープ】	tda27a17dc
4968	13818645	inactive	pending	花王	【花王】クリーン＆クリーンF1 業務用【ハンドソープ】	t79380b3c2
4969	13818644	inactive	pending	河野製紙	【河野製紙】タオラズフェイシャルペーパー【コットン】	t9438b52e6
4970	13818622	inactive	pending	太陽刷子	【太陽刷子】モンスール 歯と歯ぐきケア用 ＊1【歯ブラシ】	t74150df02
4971	13818621	inactive	pending	太陽刷子	【太陽刷子】モンスール 歯と歯間ケア用【歯ブラシ】	t1d0ba2faa
4972	13818620	inactive	pending	太陽刷子	【太陽刷子】モンスール 歯周ポケットケア用 ＊1【歯ブラシ】	t3a2aa1503
4973	13818619	inactive	pending	太陽刷子	【太陽刷子】モンスール きちんと歯垢除去ケア用【歯ブラシ】	t5b700f14f
4974	13818618	inactive	pending	太陽刷子	【太陽刷子】モンスール きちんと奥歯ケア用（ミディアム） ＊1【歯ブラシ】	t5f1f9750a
4975	13818617	inactive	pending	太陽刷子	【太陽刷子】モンスール きちんと奥歯ケア用（ソフト）【歯ブラシ】	t5f1f9750a
4976	13818609	inactive	pending	ミニマム	【ミニマム】ちいかわハピカ ハチワレ DBC−5BCHHA【歯ブラシ】	t74595196e
4977	13818608	inactive	pending	ミニマム	【ミニマム】ちいかわハピカ ちいかわ DBC−5PCHCH【歯ブラシ】	t74595196e
4978	13818607	inactive	pending	ミニマム	【ミニマム】ちいかわハピカ イエロー DBC−5YCHUS【歯ブラシ】	t74595196e
4979	13818599	inactive	pending	貝印	【貝印】KQ3208 まぶたにフィットしやすい幅狭カーラー【メイク】	t9f8d3900b
4980	13819017	inactive	pending	昭和紙工	【昭和紙工】MISERAリフレッシングシート キンモクセイ【制汗剤・デオドラント】	tbe9d27334
4981	13819008	inactive	pending	サラヤ	【サラヤ】アラウ． 泡フェイスソープ 詰替用 150mL【洗顔・クレンジング】	t6363675c5
4982	13819007	inactive	pending	サラヤ	【サラヤ】アラウ． 泡フェイスソープ 150mL【洗顔・クレンジング】	td35923421
4983	13819006	inactive	pending	サラヤ	【サラヤ】ココパーム オーシャンエッセンストリートメント 詰替用 380ml	t05bd34fb9
4984	13819005	inactive	pending	サラヤ	【サラヤ】ココパーム ランドエッセンストリートメント 450ml【コンディショナー・リンス】	te27a8cbc4
4985	13819004	inactive	pending	サラヤ	【サラヤ】ココパーム オーシャンエッセンストリートメント 450ml【コンディショナー・リンス】	t5454c17f3
4986	13819003	inactive	pending	サラヤ	【サラヤ】ココパーム ランドエッセンストリートメント 詰替用 380ml【コンディショナー・リンス】	td22e90d50
4987	13819002	inactive	pending	サラヤ	【サラヤ】ココパーム ランドエッセンスシャンプー 詰替用 380ml【シャンプー】	t366f00d8d
4988	13819001	inactive	pending	サラヤ	【サラヤ】ココパーム ランドエッセンスシャンプー 450ml【シャンプー】	t0957f7e07
4989	13819000	inactive	pending	サラヤ	【サラヤ】ココパーム ランドエッセンス1Dayトライアル 10mL＋10mL【シャンプー】	t328f38a77
4990	13818999	inactive	pending	サラヤ	【サラヤ】ココパーム オーシャンエッセンスシャンプー 詰替用 380ml【シャンプー】	tb9034ad3f
4991	13818998	inactive	pending	サラヤ	【サラヤ】ココパーム オーシャンエッセンスシャンプー 450ml【シャンプー】	tec3ed932f
4992	13818997	inactive	pending	サラヤ	【サラヤ】ココパーム オーシャンエッセンス1Dayトライアル 10mL＋10mL【シャンプー】	t328f38a77
4993	13818996	inactive	pending	サラヤ	【サラヤ】クルクリンPGガード 知覚過敏ケアプラスジェル 80g【歯磨き】	t1ab596ae9
4994	13818993	inactive	pending	ウテナ	【ウテナ】ゆず油 ヘアミルク【美容液】	tb4c11c4ea
4995	13818976	inactive	pending	サラヤ	【サラヤ】アラウ．泡ボディソープ 詰替用【ボディソープ】	tfdb259c82
4996	13818975	inactive	pending	サラヤ	【サラヤ】アラウ．泡ボディソープ【ボディソープ】	te24bce153
4997	13818951	inactive	pending	明色化粧品	【明色化粧品】モイストラボ ルースパウダー＜くすみ防止タイプ＞【メイク】	tf999c24c2
4998	13818949	inactive	pending	明色化粧品	【明色化粧品】Detclear ブライト＆ピール シートマスク【シートマスク】	t30801d813
4999	13818767	inactive	pending	近江兄弟社	【近江兄弟社】メンターム 薬用 アロエクリーム【ボディクリーム・ローション】	t45ffb0b43
5000	13818757	inactive	pending	ホーユー	【ホーユー】シエロヘアカラーEXクリーム 3GC セピアグレージュ【ヘアカラー・白髪用】	t6622535b2
5001	13818756	inactive	pending	ホーユー	【ホーユー】シエロヘアカラーEXクリーム 2FA フォギーアッシュ【ヘアカラー・白髪用】	t6622535b2
5002	13818754	inactive	pending	ホーユー	【ホーユー】シエロヘアカラーEXクリーム 1SB シアーベージュ【ヘアカラー・白髪用】	t6622535b2
5003	13818656	inactive	pending	明色化粧品	【明色化粧品】明色グリーン モイスチュアクリーム【化粧品】	td6556c070
5004	13818623	inactive	pending	太陽刷子	【太陽刷子】モンスール やさしく舌ケア用【舌クリーナー】	t29fd46aeb
5005	13818615	inactive	pending	小林製薬	【小林製薬】パーシャルデント オレンジ【入れ歯用】	taa6e3ece9
5006	13818604	inactive	pending	明色化粧品	【明色化粧品】ツボクサ配合化粧水【化粧水・ローション】	t049e2f16f
5007	13818596	inactive	pending	コーセーコスメポート	【コーセーコスメポート】クリアターン ごめんね素肌 クマらないアイクリーム【化粧品】	t0a8de2953
5009	13835036	inactive	pending	ダリヤ	【ダリヤ】モモリ さらりとまとまるヘアミルク【スタイリング】	tc6a0f851a
5010	13835035	inactive	pending	ダリヤ	【ダリヤ】モモリ 濡れツヤスタイル グロスジェリー【スタイリング】	t6a249bb12
5011	13835034	inactive	pending	ダリヤ	【ダリヤ】パルティ カラーリングミルク ＜恋するベージュ＞【ヘアカラー・黒髪用】	i2d3d3d600
5012	13835033	inactive	pending	ダリヤ	【ダリヤ】サロンドプロ 泡のヘアカラーEX メンズスピーディ（白髪用） 7＜ナチュラルブラック＞	t2da4d1e64
5013	13835032	inactive	pending	ダリヤ	【ダリヤ】サロンドプロ 泡のヘアカラーEX メンズスピーディ（白髪用） 6BK＜ライトブラック＞	t2da4d1e64
5014	13835031	inactive	pending	ダリヤ	サロンドプロ 泡のヘアカラーEX メンズスピーディ（白髪用） 6A＜深みのあるアッシュブラウン＞	t2da4d1e64
5015	13835030	inactive	pending	ダリヤ	【ダリヤ】サロンドプロ 泡のヘアカラーEX メンズスピーディ（白髪用） 6＜ダークブラウン＞	t2da4d1e64
5016	13835029	inactive	pending	ダリヤ	【ダリヤ】サロンドプロ 泡のヘアカラーEX メンズスピーディ（白髪用） 5＜ナチュラルブラウン＞	t2da4d1e64
5017	13835028	inactive	pending	ダリヤ	【ダリヤ】サロンドプロ オイルリッチクリームヘアカラー（白髪用） 4MA＜マットアッシュ＞	t4baef86f2
5018	13835027	inactive	pending	ダリヤ	【ダリヤ】サロンドプロ オイルリッチクリームヘアカラー（白髪用） 3CA＜ソフトアッシュ＞	t4baef86f2
5019	13835026	inactive	pending	ダリヤ	【ダリヤ】サロンドプロ ワンプッシュメンズカラー（白髪用） 6BK＜ライトブラック＞	tb03fd2b32
5020	13835025	inactive	pending	ダリヤ	【ダリヤ】サロンドプロ 無香料ヘアカラー メンズスピーディ（白髪用）G＜ダークグレー＞	t773847a5a
5021	13835024	inactive	pending	ダリヤ	【ダリヤ】サロンドプロ 無香料ヘアカラー メンズスピーディ（白髪用）7＜自然な黒色＞	tc059b3e44
5022	13835023	inactive	pending	ダリヤ	【ダリヤ】サロンドプロ 無香料ヘアカラー メンズスピーディ（白髪用）6A＜赤みを抑えた黒褐色＞	tc059b3e44
5023	13835022	inactive	pending	ダリヤ	【ダリヤ】サロンドプロ 無香料ヘアカラー メンズスピーディ（白髪用）6＜自然な黒褐色＞	tc059b3e44
5024	13835021	inactive	pending	ダリヤ	【ダリヤ】サロンドプロ 無香料ヘアカラー メンズスピーディ（白髪用）5＜自然な褐色＞	tc059b3e44
5025	13835020	inactive	pending	ダリヤ	【ダリヤ】クレオディーテ クリアリーカラー （白髪用） ＜アーバンブラウン＞【ヘアカラー・白髪用】	ta9a534736
5026	13835019	inactive	pending	ダリヤ	【ダリヤ】クレオディーテ クリアリーカラー （白髪用） ＜リッチベージュ＞【ヘアカラー・白髪用】	ta9a534736
5027	13835018	inactive	pending	ダリヤ	【ダリヤ】クレオディーテ クリアリーカラー （白髪用） ＜イノセントブラウン＞【ヘアカラー・白髪用】	ta9a534736
5028	13835016	inactive	pending	クラシエ	【クラシエ】マー＆ミー 浸透さらさら トリートメントオイル【スタイリング】	te3bd66088
5029	13835015	inactive	pending	クラシエ	【クラシエ】マー＆ミー からまりスルン スプレー【スタイリング】	t51a80d7d6
5030	13835014	inactive	pending	クラシエ	【クラシエ】マー＆ミー うるおいパック ミルキートリートメント【スタイリング】	t5bf300758
5031	13835013	inactive	pending	クラシエ	【クラシエ】肌美精 薬用美白化粧水 詰替用【化粧水・ローション】	t3ebc94def
5032	13835012	inactive	pending	クラシエ	【クラシエ】ナイーブ メイク落とし洗顔フォーム（もっちり）【メイク落とし・クレンジング】	te7257143a
5033	13835011	inactive	pending	クラシエ	【クラシエ】ナイーブ メイク落とし洗顔フォーム（毛穴クリア）【メイク落とし・クレンジング】	t0d177389a
5034	13835010	inactive	pending	クラシエ	【クラシエ】ナイーブ メイク落とし洗顔フォーム（うるおい）【メイク落とし・クレンジング】	t151b5eb2a
5035	13835009	inactive	pending	クラシエ	【クラシエ】ナイーブ 洗顔フォーム（もっちり）【洗顔・クレンジング】	t525962fe8
5036	13835008	inactive	pending	クラシエ	【クラシエ】ナイーブ 洗顔フォーム（毛穴クリア）【洗顔・クレンジング】	t48ea61b1b
5037	13835007	inactive	pending	クラシエ	【クラシエ】ナイーブ 洗顔フォーム（うるおい）【洗顔・クレンジング】	tc3b0d8a2e
5038	13834999	inactive	pending	柳屋本店	【柳屋本店】セラプリエ 頭皮しっとりローション【育毛剤・養毛剤】	t622766bd5
5039	13834998	inactive	pending	柳屋本店	【柳屋本店】セラプリエ ヘアミルク ＜Dケア＞【美容液】	td4c1333d3
5040	13834997	inactive	pending	柳屋本店	【柳屋本店】セラプリエ ヘアクリーム ＜保湿ケア＞【スタイリング】	td436f18e9
5041	13834996	inactive	pending	ロート製薬	【ロート製薬】オキシー パーフェクトウォッシュ 大容量【洗顔】	tab9101ea0
5042	13834995	inactive	pending	ロート製薬	オキシー パーフェクトウォッシュ 【洗顔】	tab9101ea0
5043	13834994	inactive	pending	ロート製薬	【ロート製薬】オキシー ディープウォッシュ 大容量【洗顔】	tab9101ea0
5044	13834993	inactive	pending	ロート製薬	【ロート製薬】オキシー ディープウォッシュ【洗顔】	tab9101ea0
5045	13834992	inactive	pending	ロート製薬	【ロート製薬】オキシー クリアウォッシュ 大容量【洗顔】	ta93dc2aa6
5046	13834991	inactive	pending	ロート製薬	【ロート製薬】オキシー クリアウォッシュ【洗顔】	ta93dc2aa6
5047	13871253	inactive	pending	シャボン玉石けん	【シャボン玉石けん】バブルガード500mL【ハンドソープ】	t8a869e5e0
5048	13871223	inactive	pending	バンダイ	【バンダイ】こどもハブラシ mofusand【歯ブラシ】	tc535f4276
5049	13871222	inactive	pending	バンダイ	【販売終了】【バンダイ】こどもハブラシ 仮面ライダーゼッツ【歯ブラシ】	ta5be08c94
5050	13871221	inactive	pending	バンダイ	【バンダイ】こどもハブラシ MINECRAFT【歯ブラシ】	tc535f4276
5051	13871198	inactive	pending	コットンラボ	【コットンラボ】コットン・ラボ うふっとスウヨタオルCICA【コットン】	tefbd1a547
5052	13871191	inactive	pending	アヌシ	【アヌシ】OA−808 竹炭濃密毛DX歯ブラシ【歯ブラシ】	t734407aa9
5053	13871240	inactive	pending	マンダム	【マンダム】ルシード 薬用アドバンスドリペア化粧水 （医薬部外品）【化粧水・ローション】	t5733cb462
5054	13871239	inactive	pending	マンダム	【マンダム】ルシード 薬用アドバンスドリペア乳液 （医薬部外品）【化粧品】	t3701910c5
5055	13871238	inactive	pending	マンダム	【マンダム】ルシード 薬用アドバンスドリペアスキンクリーム （医薬部外品）【化粧品】	tad6794ed3
5056	13871237	inactive	pending	マンダム	【マンダム】ルシードエル アールイー リペアヘアオイル【美容液】	t403742c56
5057	13871236	inactive	pending	マンダム	【マンダム】ルシードエル アールイー リペアヘアミルク【美容液】	t9cc08cb1b
5058	13871235	inactive	pending	マンダム	【マンダム】ルシードエル アールイー リペアヘアマスク 1DAYトライアル【ヘアトリートメント】	t1df6fa2e6
5059	13871234	inactive	pending	マンダム	【マンダム】ルシードエル Re： リペアヘアマスク【ヘアトリートメント】	t348b07b61
5060	13871233	inactive	pending	マンダム	【マンダム】ルシードエル Re： リペアトリートメント 詰替え【コンディショナー・リンス】	t5ee7d2f36
5061	13871232	inactive	pending	マンダム	【マンダム】ルシードエル アールイー リペアトリートメント【コンディショナー・リンス】	t3bf3aac6a
5062	13871231	inactive	pending	マンダム	【マンダム】ルシードエル アールイー リペアシャンプー・トリートメント トライアル【シャンプー】	t97b5b836e
5063	13871230	inactive	pending	マンダム	【マンダム】ルシードエル Re： リペアシャンプー 詰替え【シャンプー】	tc870625ed
5064	13871229	inactive	pending	マンダム	【マンダム】ルシードエル アールイー リペアシャンプー【シャンプー】	t7975d2e24
5065	13871216	inactive	pending	グラクソスミスクライン	ポリデント マウスピース（ガード）・矯正用リテーナー用洗浄剤 プレミアム 歯垢予防PLUS	t032c7e9e6
5066	13871215	inactive	pending	グラクソスミスクライン	【グラクソスミスクライン】部分入れ歯用 ダブル洗浄 ポリデント プレミアム【入れ歯用】	t84d622d15
5067	13871214	inactive	pending	グラクソスミスクライン	【グラクソスミスクライン】ダブル洗浄 ポリデント プレミアム【入れ歯用】	t1f39057ee
5068	13871190	inactive	pending	クラシエ	【クラシエ】ディアボーテ ブルームドール モイスチャーフィル ヘアマスク【ヘアトリートメント】	t74fd63627
5069	13871189	inactive	pending	クラシエ	【クラシエ】ディアボーテ ブルームドール トライアルセット（ヘアマスク）【ヘアトリートメント】	tf7cdf935c
5070	13871188	inactive	pending	クラシエ	【クラシエ】ディアボーテ ブルームドール モイスチャーイン トリートメント ポンプ	t03cce958f
5071	13871187	inactive	pending	クラシエ	【クラシエ】ディアボーテ ブルームドール モイスチャーイン トリートメント 詰替用	t9d7ecce6a
5072	13871186	inactive	pending	クラシエ	【クラシエ】ディアボーテ ブルームドール モイスチャーイン シャンプー ポンプ【シャンプー】	tebce1e8dd
5073	13871185	inactive	pending	クラシエ	【クラシエ】ディアボーテ ブルームドール モイスチャーイン シャンプー 詰替用【シャンプー】	tebce1e8dd
5074	13871184	inactive	pending	クラシエ	【クラシエ】ディアボーテ ブルームドール トライアルセット（シャンプー＆トリートメント）	tf7cdf935c
5075	13871173	inactive	pending	ライオン	【ライオン】デントヘルス 薬用ハミガキ DXプレミアム【歯磨き】	t456c441d7
5076	13871172	inactive	pending	ライオン	【ライオン】デントヘルス薬用ハミガキDXプレミアム【歯磨き】	t456c441d7
5077	13871170	inactive	pending	サンスター	【サンスター】オーラツーミー ステインクリア ペースト ハニーレモンミント【歯磨き】	t92b185fea
5078	13895635	inactive	pending	銀座ステファニー	【銀座ステファニー】リーチ カラーバースト ふつう【歯ブラシ】	t3912b50d0
5079	13895634	inactive	pending	銀座ステファニー	【銀座ステファニー】リーチ カラーバースト やわらかめ【歯ブラシ】	t0ef328fde
5080	13895567	inactive	pending	サンスター	【サンスター】ソダテコこどもハブラシ仕上げみがき用【歯ブラシ】	t6d9b23b43
5081	13895566	inactive	pending	サンスター	【サンスター】ソダテコこどもハブラシ6−12才用【歯ブラシ】	t40c4a12d7
5082	13895565	inactive	pending	サンスター	【サンスター】ソダテコこどもハブラシ3−5才用【歯ブラシ】	tcf9963420
5083	13895641	inactive	pending	コーセーコスメポート	【コーセーコスメポート】ビオリス ピュアレタッチ キューティクルリペア ヘアオイル【美容液】	ta24d4515f
5084	13895640	inactive	pending	コーセーコスメポート	【コーセーコスメポート】ビオリス ピュアレタッチ インナーリペア ヘアミルク【スタイリング】	t8a0e9d6f3
5085	13895639	inactive	pending	コーセーコスメポート	【コーセーコスメポート】ビオリス ピュアレタッチ グロッシー ヘアオイルスプレー【スタイリング】	t5b1ef53f4
5086	13895638	inactive	pending	コーセーコスメポート	【コーセーコスメポート】クリアターン アゼライン酸BOMBマスク【シートマスク】	t5f82e8d9e
5087	13895637	inactive	pending	コーセーコスメポート	【コーセーコスメポート】ソフティモ ディープ クレンジングオイル つめかえ	t4debf03e2
5088	13895636	inactive	pending	コーセーコスメポート	【コーセーコスメポート】ソフティモ スピーディ クレンジングオイル つめかえ	tc15259810
5089	13895630	inactive	pending	クラシエ	【クラシエ】肌美精 アイバッグ リフトマスク【シートマスク】	tb079cfbf0
5090	13895629	inactive	pending	クラシエ	【クラシエ】willone クリアクレンジングオイル【メイク落とし・クレンジング】	t92d31055a
5091	13895628	inactive	pending	クラシエ	【クラシエ】willone 2WAYクリアマスクウォッシュ【洗顔・クレンジング】	t82876bb11
5092	13895627	inactive	pending	クラシエ	【クラシエ】willone クリアフォームフェイスウォッシュ【洗顔・クレンジング】	t3c4f798f3
5093	13895626	inactive	pending	クラシエ	willone クリアクリームフェイスウォッシュ 【洗顔・クレンジング】	ta45594462
5094	13895569	inactive	pending	コーセーコスメポート	【コーセーコスメポート】クリアターン ヒアロチューン マイクロパッチ 2000＋【化粧品】	t84fa82199
5095	13895568	inactive	pending	コーセーコスメポート	【コーセーコスメポート】クリアターン ヒアロチューン マイクロパッチ 2000＋【化粧品】	t2bc8b0b9f
5096	13895564	inactive	pending	サンスター	【サンスター】ガム・歯間ブラシL字型 極上フィット［サイズS（3）］【フロス・歯間ブラシ】	t4f8739b46
5097	13895563	inactive	pending	サンスター	【サンスター】ガム・歯間ブラシL字型 極上フィット［サイズM（4）］【フロス・歯間ブラシ】	te1194ac3c
5098	13895562	inactive	pending	サンスター	【サンスター】ソダテコ仕上げみがきジェル【歯磨き】	t155eef865
5099	13895561	inactive	pending	サンスター	【サンスター】ソダテコこどもハミガキ ぶどう【歯磨き】	t832d02f5a
5100	13895560	inactive	pending	サンスター	【サンスター】ソダテコこどもハミガキ いちご【歯磨き】	tad476d5df
5101	13895559	inactive	pending	サンスター	【サンスター】ソダテコこどもハミガキ ソフトミント【歯磨き】	t6e5c9fcf2
5102	13932557	inactive	pending	ハリマ共和物産	トーヤク 汚0取り おやすみパフ 80mL【メイク】	t14d6f37d8
5103	13932541	inactive	pending	貝印	【貝印】汚れが落ちやすいパフ3Dしずく型1P【メイク】	t4d918e2ee
5104	13932540	inactive	pending	貝印	【貝印】汚れが落ちやすいパフ（クッションファンデ用）【メイク】	t54f462e4a
5105	13932539	inactive	pending	貝印	【貝印】汚れが落ちやすいパフ（クッションファンデ用）【メイク】	t54f462e4a
5106	13932495	inactive	pending	ジレット	【ジレット】ジレットラボ 角質除去バー搭載 シャイニ−ゴールド限定デザイン ホルダー＋替刃3個付き	tdfdc7f8ca
5107	13932494	inactive	pending	貝印	【貝印】がっちりキャッチ毛抜き（ブラック）【メイク】	te8f41ba5c
5108	13932490	inactive	pending	貝印	【貝印】ボディヘアトリマー＆レザー【女性用カミソリ】	tac4051d45
5109	13932592	inactive	pending	シック(Schick)	ハイドロシルク サロンプラス トーンアップ フェイススムーサー 替刃（3コ入）	t26f8582d8
5110	13932591	inactive	pending	シック(Schick)	ハイドロシルク サロンプラス トーンアップ フェイススムーサー ホルダー（刃付き）	t72dec9e0f
5111	13932556	inactive	pending	ハリマ共和物産	トーヤク 尿素分包タイプ 25g×6【化粧品】	tcae25bc01
5112	13932555	inactive	pending	ハリマ共和物産	トーヤク 尿素 300g【化粧品】	taf9056174
5113	13932500	inactive	pending	興和新薬	【興和新薬】バンテリンサポーター太もも用Sサイズブラック【サポーター】	te90f20531
5114	13932499	inactive	pending	興和新薬	【興和新薬】バンテリンサポーター太もも用Mサイズブラック【サポーター】	te90f20531
5115	13932498	inactive	pending	興和新薬	【興和新薬】バンテリンサポーター太もも用Lサイズブラック【サポーター】	te90f20531
5116	13967965	inactive	pending	サンスター	【サンスター】ガム・デンタルリンス80MLノンアルコール【マウスウォッシュ】	t3e9d7961b
5117	13984143	inactive	pending	レキットベンキーザー	【レキットベンキーザー】泡ミューズボタニカル【ハンドソープ】	t51088d657
5118	13984142	inactive	pending	レキットベンキーザー	【レキットベンキーザー】泡ミューズオリジナル【ハンドソープ】	t4921ffb12
5119	13984141	inactive	pending	ミニマム	【ミニマム】テ・デ・ハピカサンリオキャラクターズV2 TDC−62MIX【歯ブラシ】	tc4501ae4e
5120	13984140	inactive	pending	ミニマム	【ミニマム】テ・デ・ハピカ6MIXすみっコぐらし TDC−6SGMIX【歯ブラシ】	t5d3bb5b7f
5121	13984132	inactive	pending	コットンラボ	【コットンラボ】コットンフェイスタオル【コットン】	td17d75172
5122	13984091	inactive	pending	ジレット	【ジレット】ジレット 剃り味＋プラスやさしさ ホルダー＋替刃8個【男性用カミソリ】	t9211bb4e6
5123	13984090	inactive	pending	ジレット	【ジレット】ジレット 剃り味＋プラスやさしさ ホルダー＋替刃4個【男性用カミソリ】	t4b303042f
5124	13984089	inactive	pending	ジレット	【ジレット】ジレット 剃り味＋プラス深剃り ホルダー＋替刃8個【男性用カミソリ】	ta1523e15e
5125	13984088	inactive	pending	ジレット	【ジレット】ジレット 剃り味＋プラス深剃り ホルダー＋替刃4個【男性用カミソリ】	t970680208
5126	13984020	inactive	pending	サンスター	【サンスター】オーラツーミー トラベルセット ［ソフトケースタイプ］【歯ブラシ】	tde5fcf629
5127	13984059	inactive	pending	小林製薬	【小林製薬】ゼローラ ＋美白ケア【歯磨き】	tb517e7023
5128	14008718	inactive	pending	アイオニック	【アイオニック】キスユーフラットミディアム本体ふつう【歯ブラシ】	te855882f5
5129	14008717	inactive	pending	アイオニック	【アイオニック】キスユーフラットミディアム替えふつう2P【歯ブラシ】	te855882f5
5130	14008716	inactive	pending	アイオニック	【アイオニック】キスユー極細スリムスパイラル本体ふつう【歯ブラシ】	td49c4370b
5131	14008715	inactive	pending	アイオニック	【アイオニック】キスユー極細スリムスパイラル替え2Pふつう【歯ブラシ】	td49c4370b
5132	14008719	inactive	pending	アヌシ	【アヌシ】HP−250ヘアピン（アメリカピン）15P【スタイリング】	t0d1314087
5133	13748996	inactive	pending	牛乳石鹸共進社	【販売終了】【牛乳石鹸共進社】ミルキィボディソープ やさしいせっけんの香り 業務用10L【ボディソー	t26d79f86d
5134	14042113	inactive	pending	グラクソスミスクライン	【グラクソスミスクライン】ホワイトニング ポリデント プレミアム【入れ歯用】	ta7a905d50
5135	14061946	inactive	pending	コーセーコスメポート	【コーセーコスメポート】ソフティモ クレンジングウォッシュ ブラック【メイク落とし・クレンジング】	tb4849a35b
5136	14154148	inactive	pending	アヌシ	【アヌシ】TK−1480PP静電抑制女髪ブラシS【ブラシ】	ta6affc3db
5137	14154147	inactive	pending	アヌシ	【アヌシ】TK−1481PG静電抑制女髪ブラシS【ブラシ】	ta6affc3db
5138	14154100	inactive	pending	ミツエイ	【ミツエイ】スマイルチョイス薬用泡ハンドソープ【ハンドソープ】	te58c4d7cb
5139	14154245	inactive	pending	コーセーコスメポート	【コーセーコスメポート】クリアターン アゼライン酸CICAケアマスク【シートマスク】	t54f384dad
5140	14154242	inactive	pending	ペリカン石鹸	【ペリカン石鹸】プロバンシアシュシュ ボディソープ【ボディソープ】	te2b2bdbd4
5141	14154241	inactive	pending	ペリカン石鹸	【ペリカン石鹸】ワクワクぷりんせっけん【石鹸】	t77ee3b296
5142	14154240	inactive	pending	ペリカン石鹸	【ペリカン石鹸】森のピーリング石けん【石鹸】	t9136fc212
5143	14154239	inactive	pending	ペリカン石鹸	【ペリカン石鹸】メロメロめろんソーダせっけん【石鹸】	te05ba8347
5144	14154238	inactive	pending	ペリカン石鹸	【ペリカン石鹸】ペリカン自然派石けんよもぎ2P【石鹸】	tb77fa9330
5145	14154237	inactive	pending	ペリカン石鹸	【ペリカン石鹸】ペリカン自然派石けんはと麦2P【石鹸】	tfe727382d
5146	14154236	inactive	pending	ペリカン石鹸	【ペリカン石鹸】ペリカン自然派石けん米ぬか2P【石鹸】	t6457a3308
5147	14154235	inactive	pending	ペリカン石鹸	【ペリカン石鹸】泥炭石【石鹸】	tc10b04daf
5148	14154234	inactive	pending	ペリカン石鹸	【ペリカン石鹸】泥炭石【石鹸】	t93dce32a4
5149	14154233	inactive	pending	ペリカン石鹸	【ペリカン石鹸】クルクルかふぇオーレせっけん【石鹸】	tb11da5d85
5150	14154232	inactive	pending	ペリカン石鹸	【ペリカン石鹸】SKIN：MAINTE洗顔石鹸80g【石鹸】	t56b38a45f
5151	14154231	inactive	pending	ペリカン石鹸	【ペリカン石鹸】ペリカン自然派石けんよもぎ【石鹸】	tb77fa9330
5152	14154230	inactive	pending	ペリカン石鹸	【ペリカン石鹸】ペリカン自然派石けんはと麦【石鹸】	tfe727382d
5153	14154229	inactive	pending	ペリカン石鹸	【ペリカン石鹸】ペリカン自然派石けん米ぬか【石鹸】	t6457a3308
5154	14154226	inactive	pending	ペリカン石鹸	【ペリカン石鹸】プロバンシアシュシュ トリートメント【コンディショナー・リンス】	t2c5ca4e57
5155	14154225	inactive	pending	ペリカン石鹸	【ペリカン石鹸】プロバンシアシュシュ シャンプー【シャンプー】	t2c5ca4e57
5156	14154173	inactive	pending	松本金型	【松本金型】かく・ぬる まごの手【衛生用品】	tef147ac3f
5157	14154169	inactive	pending	ホーユー	【ホーユー】シエロEXクリーム 7番【ヘアカラー・白髪用】	t08ecc7ac3
5158	14154145	inactive	pending	ペリカン石鹸	【ペリカン石鹸】恋するおしりボディバター【ボディクリーム・ローション】	t4897edc2b
5159	14154144	inactive	pending	ペリカン石鹸	【ペリカン石鹸】恋するおしりヒップケアボディローション200ml【ボディクリーム・ローション】	t14e50c2df
5160	14154143	inactive	pending	ペリカン石鹸	【ペリカン石鹸】恋するおしり石けんスクラブ180g【ボディクリーム・ローション】	t839e4ee84
5161	14154142	inactive	pending	ペリカン石鹸	【ペリカン石鹸】ペリカン無添加せっけんしっとり3P【石鹸】	t3fc4d564c
5162	14154141	inactive	pending	ペリカン石鹸	【ペリカン石鹸】VIO CLEAN【石鹸】	t4f42a8a55
5163	14154140	inactive	pending	ペリカン石鹸	【ペリカン石鹸】ペリカン無添加せっけんしっとり【石鹸】	t3fc4d564c
5164	14154139	inactive	pending	ペリカン石鹸	【ペリカン石鹸】ペリカン無添加せっけんさっぱり3P【石鹸】	t66ef48e60
5165	14154138	inactive	pending	ペリカン石鹸	【ペリカン石鹸】ペリカン無添加せっけんさっぱり【石鹸】	t66ef48e60
5166	14154136	inactive	pending	ペリカン石鹸	【ペリカン石鹸】泥炭石【石鹸】	t97443b7d3
5167	14154135	inactive	pending	ペリカン石鹸	【ペリカン石鹸】Smoostone ボディ用あかすり石けん【石鹸】	t798317de6
5168	14154134	inactive	pending	ペリカン石鹸	【ペリカン石鹸】和せっけん 招き猫【石鹸】	t849196c8c
5169	14154133	inactive	pending	ペリカン石鹸	【ペリカン石鹸】和せっけん 忍者【石鹸】	t849196c8c
5170	14154132	inactive	pending	ペリカン石鹸	【ペリカン石鹸】和せっけん だるま【石鹸】	t849196c8c
5171	14154131	inactive	pending	ペリカン石鹸	【ペリカン石鹸】和せっけん 侍【石鹸】	t849196c8c
5172	14154130	inactive	pending	ペリカン石鹸	【ペリカン石鹸】和せっけん 芸者【石鹸】	t849196c8c
5173	14154129	inactive	pending	ペリカン石鹸	【ペリカン石鹸】和せっけん 歌舞伎【石鹸】	t849196c8c
5174	14154126	inactive	pending	ペリカン石鹸	【ペリカン石鹸】ペリカン薬用せっけん【石鹸】	t1b5413fe4
5175	14154125	inactive	pending	ペリカン石鹸	【ペリカン石鹸】ペリカンファミリー石鹸馬油2P【石鹸】	t09953c129
5176	14154124	inactive	pending	ペリカン石鹸	【ペリカン石鹸】ペリカンファミリー石鹸蜂蜜2P【石鹸】	t8f2ce7aa0
5177	14154123	inactive	pending	ペリカン石鹸	【ペリカン石鹸】ペリカンファミリー石鹸蜂蜜【石鹸】	t8f2ce7aa0
5178	14154122	inactive	pending	ペリカン石鹸	【ペリカン石鹸】ペリカンファミリー石鹸馬油6P【石鹸】	t09953c129
5179	14154121	inactive	pending	ペリカン石鹸	【ペリカン石鹸】ペリカンファミリー石鹸馬油【石鹸】	t09953c129
5180	14154120	inactive	pending	ペリカン石鹸	【ペリカン石鹸】ペリカンファミリー石鹸柿渋2P【石鹸】	t92c90d072
5181	14154119	inactive	pending	ペリカン石鹸	【ペリカン石鹸】ペリカンファミリー石鹸柿渋【石鹸】	t92c90d072
5182	14154118	inactive	pending	ペリカン石鹸	【ペリカン石鹸】ペリカンファミリー石鹸オリーブ2P【石鹸】	t7b0c2eba6
5183	14154117	inactive	pending	ペリカン石鹸	【ペリカン石鹸】ペリカンファミリー石鹸オリーブ【石鹸】	t7b0c2eba6
5184	14154116	inactive	pending	ペリカン石鹸	【ペリカン石鹸】ペリカンしっとり石けん【石鹸】	t18ed2e9ee
5185	14154114	inactive	pending	ペリカン石鹸	【ペリカン石鹸】ペリカンファミリー石鹸薬用柿渋2P【石鹸】	t25ef6027d
5186	14154113	inactive	pending	ペリカン石鹸	【ペリカン石鹸】ペリカンファミリー石鹸薬用柿渋【石鹸】	tb5e859478
5187	14170790	inactive	pending	貝印	【貝印】KQ3505 NEROBIANCO 2wayアイメイクブラシ【メイク】	tc448ceefa
5188	14170788	inactive	pending	貝印	【貝印】HK0360シャープナー【メイク】	t09375a6e3
5189	14170789	inactive	pending	貝印	【貝印】KQ3504 NEROBIANCO 2wayリップブラシ【メイク】	t24197eb73
5190	13562188	inactive	pending	ライフレンジ	【ライフレンジ】LT−53 磨きやすい歯ブラシ極 ふつう【歯ブラシ】	t15fe8a6a1
5191	14185533	inactive	pending	コーセーコスメポート	【コーセーコスメポート】スパタイム クリームシャンプー（ディープクレンジング）【シャンプー】	tf26ab9666
5192	14185532	inactive	pending	コーセーコスメポート	【コーセーコスメポート】スパタイム クリームシャンプー （リッチモイスト）【シャンプー】	tb1ca22282
5193	14185531	inactive	pending	コーセーコスメポート	【コーセーコスメポート】スパタイム クリームシャンプー トライアル （ディープクレンジング）	t4d54bb0b8
5194	14185530	inactive	pending	コーセーコスメポート	【コーセーコスメポート】スパタイム クリームシャンプー トライアル （リッチモイスト）【シャンプー】	t9125f6602
5195	14405062	inactive	pending	貝印	【貝印】GA0170 カイ シェービングフォーム【シェービング】	t9dbc01a1c
5196	14405052	inactive	pending	ミツエイ	【ミツエイ】ラブライン薬用泡ハンドソープ本体【ハンドソープ】	t24ad21078
5197	14405051	inactive	pending	ミツエイ	【ミツエイ】ラブライン薬用泡ハンドソープ詰替【ハンドソープ】	t24ad21078
5198	14405049	inactive	pending	ファイントゥデイ	【ファイントゥデイ】エージーデオ24 プレミアムデオドラント シャワーシート（無香性）30	t76b5efc33
5199	14405048	inactive	pending	ファイントゥデイ	【ファイントゥデイ】エージーデオ24 プレミアムデオドラント シャワーシート（無香性）10	tde5d82eb4
5200	14405047	inactive	pending	ファイントゥデイ	【ファイントゥデイ】エージー24 クリアシャワーシートn（無香性）30【制汗剤・デオドラント】	t93c325732
5201	14405046	inactive	pending	ファイントゥデイ	【ファイントゥデイ】エージー24 クリアシャワーシートn（無香性）10【制汗剤・デオドラント】	t55edd26f7
5202	14405045	inactive	pending	ファイントゥデイ	【ファイントゥデイ】エージー24 クリアシャワーシートn（フレッシュサボン）30制汗剤・デオドラント	tabd9e1feb
5203	14405044	inactive	pending	ファイントゥデイ	【ファイントゥデイ】エージー24 クリアシャワーシートn（フレッシュサボン）10制汗剤・デオドラント	t9da8a8a73
5204	14405043	inactive	pending	ファイントゥデイ	【ファイントゥデイ】エージー24 クリアシャワーシートn（クール）30【制汗剤・デオドラント】	t2f7d5c896
5205	14405042	inactive	pending	ファイントゥデイ	【ファイントゥデイ】エージー24 クリアシャワーシートn（クール）10【制汗剤・デオドラント】	t417e722f4
5206	14405041	inactive	pending	ファイントゥデイ	【ファイントゥデイ】エージーデオ24 フットスプレー h＜S＞【制汗剤・デオドラント】	t84cd1111c
5207	14405040	inactive	pending	ファイントゥデイ	【ファイントゥデイ】エージーデオ24 フットスプレー h＜L＞【制汗剤・デオドラント】	t79bea52c1
5208	14405039	inactive	pending	ファイントゥデイ	【ファイントゥデイ】エージーデオ24メン メンズデオドラントスプレー N（無香性）LL	t570b296a7
5209	14405038	inactive	pending	ファイントゥデイ	【ファイントゥデイ】エージーデオ24メン メンズデオドラントスプレー N（マリンオーシャン）LL	tcdcc458fa
5210	14405037	inactive	pending	ファイントゥデイ	【ファイントゥデイ】エージーデオ24メン メンズデオドラントスプレー NスタイリッシュシトラスLL	tdc93335bd
5211	14405014	inactive	pending	クラシエ	【クラシエ】プロスタイル モーニングリセットウォーター シトラスハーブの香り 詰替用1L	t3c4f83491
5212	14474867	inactive	pending	貝印	【貝印】AUGER 替刃スリムパック【男性用カミソリ】	td4770bb97
5213	14474866	inactive	pending	貝印	【貝印】AUGERホルダー 替刃1個付【男性用カミソリ】	tbd0e499dc
5214	14474853	inactive	pending	バンダイ	【バンダイ】こどもハブラシ3本セット 名探偵プリキュア！【歯ブラシ】	t333c1fbbe
5215	14474823	inactive	pending	アヌシ	【アヌシ】TR−890 トリコウェット＆ドライブラシ【ブラシ】	td40b73c2c
5216	14474818	inactive	pending	エスケー石鹸	【エスケー石鹸】プロフェッショナルひげそり用粉石鹸【シェービング】	t064116805
5217	14474851	inactive	pending	サンスター	【サンスター】ガムプレミアムデンタルペーストハグキケアうるおい【歯磨き】	t5799bb168
5218	14474850	inactive	pending	サンスター	【サンスター】ガムプレミアムデンタルペーストハグキケア【歯磨き】	t5799bb168
5219	14474849	inactive	pending	サンスター	【サンスター】ガムプレミアムデンタルペースト メディカルハーブミント【歯磨き】	t03b0df4e4
5220	14474848	inactive	pending	サンスター	【サンスター】ガムプレミアムデンタルペースト ナチュラルハーブミント【歯磨き】	t03b0df4e4
5221	14474847	inactive	pending	サンスター	【サンスター】ガムプレミアムデンタルペースト知覚過敏ケア リフレッシュシトラス【歯磨き】	tb79dbeb99
5222	14474846	inactive	pending	サンスター	【サンスター】ガムプレミアムデンタルペースト知覚過敏ケア マイルドハーブ【歯磨き】	tb79dbeb99
5223	14474832	inactive	pending	エビス	【エビス】極歯間ブラシ10本入・S【フロス・歯間ブラシ】	t3245a8256
5224	14474831	inactive	pending	エビス	【エビス】極歯間ブラシ10本入・M【フロス・歯間ブラシ】	t85b884668
5225	14474830	inactive	pending	エビス	【エビス】極歯間ブラシ10本入・L【フロス・歯間ブラシ】	tf0feda2e6
5226	14576855	inactive	pending	スケーター	【スケーター】クリア歯ブラシ3本セット モンチッチ TBCR6T【歯ブラシ】	t6b5f0d74c
5227	14576854	inactive	pending	スケーター	【スケーター】クリア歯ブラシ3本セット KTマシュ TBCR5T【歯ブラシ】	tf28d81087
5228	14576853	inactive	pending	スケーター	【スケーター】クリア歯ブラシ3本セット CNマシュ TBCR5T【歯ブラシ】	t040f1be54
5229	14576852	inactive	pending	スケーター	【スケーター】クリア歯ブラシ3本セット KTダイナ TBCR6T【歯ブラシ】	t0a3c0714d
5230	14576889	inactive	pending	クラシエ	【クラシエ】いち髪 なめらかスムースケア トリートメント【ヘアトリートメント】	t7a880c549
5231	14576888	inactive	pending	クラシエ	【クラシエ】いち髪 濃密W保湿ケア トリートメント【ヘアトリートメント】	t7fcf5f0fd
5232	14576887	inactive	pending	クラシエ	【クラシエ】いち髪 ダメージリペア＆カラーケア トリートメント【ヘアトリートメント】	t7fd447d60
5233	14576886	inactive	pending	クラシエ	【クラシエ】いち髪 なめらかスムースケア コンディショナー ポンプ【コンディショナー・リンス】	t6161be43a
5234	14576885	inactive	pending	クラシエ	【クラシエ】いち髪 なめらかスムースケア コンディショナー 詰替用2回分【コンディショナー・リンス】	ta7d4a0174
5235	14576884	inactive	pending	クラシエ	【クラシエ】いち髪 なめらかスムースケア コンディショナー 詰替用【コンディショナー・リンス】	ta7d4a0174
5236	14576883	inactive	pending	クラシエ	【クラシエ】いち髪 濃密W保湿ケア コンディショナー ポンプ【コンディショナー・リンス】	t5441822f7
5237	14576882	inactive	pending	クラシエ	【クラシエ】いち髪 濃密W保湿ケア コンディショナー 詰替用2回分【コンディショナー・リンス】	t5441822f7
5238	14576881	inactive	pending	クラシエ	【クラシエ】いち髪 濃密W保湿ケア コンディショナー 詰替用【コンディショナー・リンス】	t5441822f7
5239	14576880	inactive	pending	クラシエ	【クラシエ】いち髪 ダメージリペア＆カラーケア コンディショナー ポンプ【コンディショナー・リンス】	tb095ff94a
5240	14576879	inactive	pending	クラシエ	【クラシエ】いち髪 ダメージリペア＆カラーケア コンディショナー 詰替用2回分 コンディショナー	t99668525f
5241	14576878	inactive	pending	クラシエ	【クラシエ】いち髪 ダメージリペア＆カラーケア コンディショナー 詰替用【コンディショナー・リンス】	tb095ff94a
5242	14576877	inactive	pending	クラシエ	【クラシエ】いち髪 なめらかスムースケア シャンプー ポンプ【シャンプー】	tb6abcc155
5243	14576876	inactive	pending	クラシエ	【クラシエ】いち髪 なめらかスムースケア シャンプー 詰替用2回分【シャンプー】	tb6abcc155
5244	14576875	inactive	pending	クラシエ	【クラシエ】いち髪 なめらかスムースケア シャンプー 詰替用【シャンプー】	tb6abcc155
5245	14576874	inactive	pending	クラシエ	【クラシエ】いち髪 濃密W保湿ケア シャンプー ポンプ【シャンプー】	t55c859426
5246	14576873	inactive	pending	クラシエ	【クラシエ】いち髪 濃密W保湿ケア シャンプー 詰替用2回分【シャンプー】	t55c859426
5247	14576872	inactive	pending	クラシエ	【クラシエ】いち髪 濃密W保湿ケア シャンプー 詰替用【シャンプー】	t55c859426
5248	14576871	inactive	pending	クラシエ	【クラシエ】いち髪 ダメージリペア＆カラーケア シャンプー ポンプ【シャンプー】	t14b8ba0c2
5249	14576870	inactive	pending	クラシエ	【クラシエ】いち髪 ダメージリペア＆カラーケア シャンプー 詰替用2回分【シャンプー】	t14b8ba0c2
5250	14576869	inactive	pending	クラシエ	【クラシエ】いち髪 ダメージリペア＆カラーケア シャンプー 詰替用【シャンプー】	t14b8ba0c2
5251	14677283	inactive	pending	フェザー安全剃刃	【フェザー安全剃刃】マルチヘアトリマー【男性用カミソリ】	t42dda8764
5252	14677282	inactive	pending	フェザー安全剃刃	【フェザー安全剃刃】ピアニィVIO（ヴィオ）デリケートゾーン用［そる用］【男性用カミソリ】	tdac9420dd
5253	14677289	inactive	pending	-	パウダーレーベルナチュラルブラック【ヘアカラー・白髪用】	t17c84608a
5254	14677288	inactive	pending	-	パウダーレーベルダークブラウン【ヘアカラー・白髪用】	t4e7e865a6
5255	14677284	inactive	pending	柳屋本店	【柳屋本店】柳屋 あんず油 グロスオイルスプレー【スタイリング】	ta72852841
5256	14874781	inactive	pending	スケーター	【スケーター】クリア歯ブラシ8本セット ベイマックス TBCR5SE【歯ブラシ】	t308674cd4
5257	14874780	inactive	pending	スケーター	【スケーター】クリア歯ブラシ3本セット めがねうさぎ TBCR5T【歯ブラシ】	t24c00d163
5258	14874779	inactive	pending	スケーター	【スケーター】クリア歯ブラシ3本セット ミニオン23 TBCR6T【歯ブラシ】	td49795cd7
5259	14874778	inactive	pending	スケーター	【スケーター】クリア歯ブラシ3本セット ミッキー＆フレンズ TBCR5T【歯ブラシ】	t680cf838d
5260	14874777	inactive	pending	スケーター	【スケーター】クリア歯ブラシ3本セット ミキフレ＿2 TBCR5T【歯ブラシ】	t00463cd0d
5261	14874776	inactive	pending	スケーター	【スケーター】クリア歯ブラシ3本セット プリンセス＿2 TBCR5T【歯ブラシ】	t56abc558b
5262	14874775	inactive	pending	スケーター	【スケーター】クリア歯ブラシ3本セット はたらくクルマ TBCR5T【歯ブラシ】	t639befd70
5263	14874774	inactive	pending	スケーター	【スケーター】クリア歯ブラシ3本セット パウパト26 TBCR5T【歯ブラシ】	t7009f4a4a
5264	14874773	inactive	pending	スケーター	【スケーター】クリア歯ブラシ3本セット ノラネコぐんだん TBCR5T【歯ブラシ】	ta42229d9c
5265	14874772	inactive	pending	スケーター	【スケーター】クリア歯ブラシ3本セット にゃんこ大戦争26 TBCR6T【歯ブラシ】	t2a5da1d7e
5266	14874771	inactive	pending	スケーター	【スケーター】クリア歯ブラシ3本セット にゃんこ大戦争23 TBCR6T【歯ブラシ】	tf05de34eb
5267	14874770	inactive	pending	スケーター	【スケーター】クリア歯ブラシ3本セット トトロ プランツ TBCR6T【歯ブラシ】	t82269404a
5268	14874769	inactive	pending	スケーター	【スケーター】クリア歯ブラシ3本セット トイストーリー23 TBCR6T【歯ブラシ】	t5ba9cd751
5269	14874768	inactive	pending	スケーター	【スケーター】クリア歯ブラシ3本セット トイストーリー＿2 TBCR5T【歯ブラシ】	tec3f1d2a8
5270	14874767	inactive	pending	スケーター	【スケーター】クリア歯ブラシ3本セット トイストーリー23 TBCR5T【歯ブラシ】	t412111184
5271	14874766	inactive	pending	スケーター	【スケーター】クリア歯ブラシ3本セット ディノサウルス ピク TBCR5T【歯ブラシ】	t0f74ae5a2
5272	14874765	inactive	pending	スケーター	【スケーター】クリア歯ブラシ3本セット ディノサウルス ピク TBCR4T【歯ブラシ】	t5672e7150
5273	14874764	inactive	pending	スケーター	【スケーター】クリア歯ブラシ3本セット リズスタ TBCR5T【歯ブラシ】	tb708b5a83
5274	14874763	inactive	pending	スケーター	【スケーター】クリア歯ブラシ3本セット メルちゃん TBCR5T【歯ブラシ】	t595ee4803
5275	14874762	inactive	pending	スケーター	【スケーター】クリア歯ブラシ3本セット スティッチ TBCR5T【歯ブラシ】	t0c7125799
5276	14874761	inactive	pending	スケーター	【スケーター】クリア歯ブラシ3本セット けけちゃま TBCR4T【歯ブラシ】	t7e1fae544
5277	14874760	inactive	pending	スケーター	【スケーター】クリア歯ブラシ3本セット スポンジ・ボブ TBCR5T【歯ブラシ】	tc73a013c4
5278	14874759	inactive	pending	スケーター	【スケーター】クリア歯ブラシ3本セット ズートピア／ワッペン TBCR5T【歯ブラシ】	t30d109b92
5279	14874758	inactive	pending	スケーター	【スケーター】クリア歯ブラシ3本セット ジュラシック23 TBCR5T【歯ブラシ】	t95fd78a92
5280	14874757	inactive	pending	スケーター	【スケーター】クリア歯ブラシ3本セット ギャビーのドールハウ TBCR5T【歯ブラシ】	tdc677aec4
5281	14874756	inactive	pending	スケーター	【スケーター】クリア歯ブラシ3本セット カーズ23 TBCR5T【歯ブラシ】	td2edb8ed3
5282	14874755	inactive	pending	スケーター	【スケーター】クリア歯ブラシ3本セット オリオンビール TBCR6T【歯ブラシ】	t27c4224f1
5283	14874754	inactive	pending	スケーター	【スケーター】クリア歯ブラシ3本セット お文具といっしょ TBCR6T【歯ブラシ】	tbf167388d
5284	14874753	inactive	pending	スケーター	【スケーター】クリア歯ブラシ3本セット おぱんちゅうさぎ TBCR6T【歯ブラシ】	t465cf0bb1
5285	14874752	inactive	pending	スケーター	【スケーター】クリア歯ブラシ3本セット いないばあ25 TBCR4T【歯ブラシ】	tf20e09491
5286	14874751	inactive	pending	スケーター	【スケーター】クリア歯ブラシ3本セット アナと雪＿2（23） TBCR6T【歯ブラシ】	te326a3fa3
5287	14874750	inactive	pending	スケーター	【スケーター】クリア歯ブラシ3本セット アナと雪の女王＿2 TBCR5T【歯ブラシ】	tfe31c57ee
5288	14874749	inactive	pending	スケーター	【スケーター】クリア歯ブラシ3本セット アナと雪＿2（23） TBCR4T【歯ブラシ】	te3a15c8dc
5289	14874738	inactive	pending	マンダム	【マンダム】ギャツビー アイスデオドラント ボディペーパーO キンモクセイの香り 徳用 医薬部外品	t54edca2d5
5290	14874737	inactive	pending	マンダム	【マンダム】ギャツビー クレイジークール ボディウォーター フリーズピーチ【制汗剤・デオドラント】	t7ddc8962e
5291	14874736	inactive	pending	マンダム	【マンダム】ギャツビー クレイジークール ボディウォーター アイスオーシャン【制汗剤・デオドラント】	te8d60386b
5292	14874735	inactive	pending	マンダム	【マンダム】ギャツビー EXプレミアムタイプデオドラントロールオン ハーブ＆ムスク （医薬部外品）	t2e64e589c
5293	14874734	inactive	pending	マンダム	【マンダム】ギャツビー EXプレミアムタイプデオドラントスプレー 無香料 （医薬部外品）	t4272b9043
5294	14874733	inactive	pending	マンダム	【マンダム】ギャツビー フェイシャルウォッシュ モイスチャーフォーム ＜大容量＞【洗顔】	teda5ad96d
5295	14874732	inactive	pending	マンダム	【マンダム】ギャツビー フェイシャルウォッシュ パーフェクトスクラブ ＜大容量＞【洗顔】	t555131b76
5296	14874731	inactive	pending	マンダム	【マンダム】ルシードエル ＃オイルインヘアミルク【美容液】	te30644726
5297	14874730	inactive	pending	マンダム	【マンダム】ビフェスタ マスカラリムーバーEX【メイク落とし・クレンジング】	te43e12789
5298	14874673	inactive	pending	アロインス化粧品	【アロインス化粧品】ハグリ ひんやりミスト【ボディクリーム・ローション】	tc6b2971de
5299	14874664	inactive	pending	エビス	【エビス】しなる舌ブラシ【舌クリーナー】	t7a8aa4352
5300	14953167	inactive	pending	貝印	【貝印】KQ3195 ミックスクッションパドルブラシS【ブラシ】	t21356f83f
5301	14953166	inactive	pending	貝印	【貝印】KQ3194 ミックスクッションパドルブラシL【ブラシ】	t8437900e2
5302	14953165	inactive	pending	貝印	【貝印】KQ1610 スカルプ＆シャンプーブラシ【ブラシ】	t6dc432164
5303	14953164	inactive	pending	貝印	【貝印】KQ1609 あたまのうらわざ メタルピンヘアケアブラシS【ブラシ】	t698ac13c3
5304	14953163	inactive	pending	貝印	【貝印】KQ1608 あたまのうらわざ メタルピンヘアケアブラシL【ブラシ】	t2256dcbce
5305	14953162	inactive	pending	貝印	【貝印】KQ1607 あたまのうらわざ プレミアムヘアケアブラシ for Scalp（ロング）	tfa6d251ae
5306	14953161	inactive	pending	貝印	【貝印】KQ1606 あたまのうらわざ プレミアムヘアケアブラシ for Scalp（ショート）	t87ca67395
5307	14953160	inactive	pending	貝印	【貝印】KQ1605 あたまのうらわざ プレミアムヘアケアブラシ for Brushing【ブラシ】	ta6599bd3f
5308	14953159	inactive	pending	貝印	【貝印】KQ3499 とってもちいさいアイラッシュカーラー替ゴム（4コ入）【メイク】	t7dbae63b6
5309	14953158	inactive	pending	貝印	【貝印】KQ3356 ルースパウダーパフ【メイク】	ta37c01cd5
5310	14953157	inactive	pending	貝印	【貝印】KQ3355 フロッキーパフ【メイク】	t380891f76
5311	14953156	inactive	pending	貝印	【貝印】KQ3354 フロッキーパフ【メイク】	t7346bedc5
5312	14953155	inactive	pending	貝印	【貝印】KQ3353 マカロンみたいなパフ【メイク】	ted53a99d8
5313	14953154	inactive	pending	貝印	【貝印】KQ3352 マルチファンデーションパフ【メイク】	t707bef086
5314	14953153	inactive	pending	貝印	【貝印】KQ3351 マルチファンデーションパフ大きめサイズ【メイク】	t7feaaf393
5315	14953152	inactive	pending	貝印	【貝印】KQ3198 とってもちいさいアイラッシュカーラー【メイク】	t058f97ff5
5316	14953151	inactive	pending	貝印	【貝印】KQ3197 2層ゴムのふわピタカーラー替ゴム（3コ入）【メイク】	te12ca8e49
5317	14953150	inactive	pending	貝印	【貝印】KQ3196 2層ゴムのふわピタカーラー（替ゴム1コ付）【メイク】	t495f4ba46
5318	14953149	inactive	pending	貝印	【貝印】KQ2160 マルチポイントブラシ【メイク】	t2b5b9405b
5319	14953148	inactive	pending	貝印	【貝印】KQ2159 アイブロウブラシダブルエンド【メイク】	t6b856c0d2
5320	14953147	inactive	pending	貝印	【貝印】KQ2158 アイライナーブラシ【メイク】	tbd4159068
5321	14953146	inactive	pending	貝印	【貝印】KQ2157 アイシャドウブラシセット【メイク】	td6eb0fed2
5322	14953145	inactive	pending	貝印	【貝印】KQ2156 斜めカットのアイシャドウブラシM【メイク】	t749b936d7
5323	14953144	inactive	pending	貝印	【貝印】KQ2155 斜めカットのアイシャドウブラシL【メイク】	t749b936d7
5324	14953143	inactive	pending	貝印	【貝印】KQ2154 シェーディングブラシ【メイク】	t19c6e43af
5325	14953142	inactive	pending	貝印	【貝印】KQ2153 ファンデーションブラシ【メイク】	t28637ea4c
5326	14953141	inactive	pending	貝印	【貝印】KQ2152 ハイライトブラシ【メイク】	td7264114d
5327	14953140	inactive	pending	貝印	【貝印】KQ2151 フェイスパウダーリッチブラシ【メイク】	t216c06d51
5328	14953137	inactive	pending	貝印	【貝印】miness プチまゆ用カミソリT【女性用カミソリ】	t22185a8ad
5329	14953136	inactive	pending	貝印	【貝印】miness プチまゆ用カミソリL【女性用カミソリ】	t0b9bd0cf9
5330	14953127	inactive	pending	明石通商	【明石通商】速乾ヘアブラシ クリーナー付き【ブラシ】	tfb19d71fe
5331	14953089	inactive	pending	ジレット	【ジレット】ヴィーナスうるツヤ肌敏感肌むけ5枚刃替刃3B【女性用カミソリ】	tdaa0be957
5332	14953088	inactive	pending	ジレット	【ジレット】ヴィーナスうるツヤ肌敏感肌むけ3枚刃替刃3B【女性用カミソリ】	t4ac5ee103
5333	14953087	inactive	pending	ジレット	【ジレット】ヴィーナスうるツヤ肌敏感肌むけ5枚刃ホルダー【女性用カミソリ】	t59af58910
5334	14953086	inactive	pending	ジレット	【ジレット】ヴィーナスうるツヤ肌敏感肌むけ3枚刃ホルダー【女性用カミソリ】	t774cd2d12
5335	14953208	inactive	pending	コーセーコスメポート	【コーセーコスメポート】クリアターン クリニショット モイストリフトマスク【シートマスク】	t7eb5af393
5336	14953207	inactive	pending	コーセーコスメポート	【コーセーコスメポート】クリアターン クリニショット 白玉ブライトマスク【シートマスク】	tb47cafa83
5337	14953206	inactive	pending	コーセーコスメポート	【コーセーコスメポート】クリアターン クリニショット 白玉ブライトマスク【シートマスク】	tb47cafa83
5338	14953205	inactive	pending	コーセーコスメポート	【コーセーコスメポート】モイスチュアマイルド ホワイト アクネケア パーフェクトエッセンス	t061ffc71a
5339	14953204	inactive	pending	ロート製薬	【ロート製薬】スキンアクア トーンアップUVエッセンスミントグリーン【UV・日焼け止め】	t8a04ce252
5340	14953203	inactive	pending	ロート製薬	【ロート製薬】スキンアクア トーンアップUVエッセンスホワイト【UV・日焼け止め】	t738a055f6
5341	14953202	inactive	pending	ロート製薬	【ロート製薬】スキンアクア トーンアップUVエッセンスブルー【UV・日焼け止め】	t61b7d13e4
5342	14953201	inactive	pending	ロート製薬	【ロート製薬】スキンアクア トーンアップUVエッセンスピンク【UV・日焼け止め】	tc8eed4401
5343	14953200	inactive	pending	ロート製薬	【ロート製薬】スキンアクア トーンアップUVエッセンスラベンダー【UV・日焼け止め】	t73cd8df73
5344	14953199	inactive	pending	マンダム	【マンダム】ギャツビー フェイシャルペーパー アイスタイプ キンモクセイの香り ＜徳用タイプ＞ 洗顔	t43f98c55d
5345	14953198	inactive	pending	コスメテックスローランド	【コスメテックスローランド】ロッシモイストエイド 馬油ナチュラルミルクローション【ボディクリーム】	tdd334a7e0
5346	14953197	inactive	pending	コスメテックスローランド	【コスメテックスローランド】ロッシモイストエイド 尿素スキンクリーム【ボディクリーム・ローション】	tc859b042a
5347	14953196	inactive	pending	コスメテックスローランド	【コスメテックスローランド】ロッシモイストエイド 馬油スキンクリーム【ボディクリーム・ローション】	t96c05fb43
5348	14953126	inactive	pending	明石通商	【明石通商】フェイスタオル【洗顔・クレンジング】	td10349fcd
5349	14953125	inactive	pending	コーセーコスメポート	【コーセーコスメポート】エスカラット クーリングドライシャワー【制汗剤・デオドラント】	tf31c48833
5350	14953124	inactive	pending	コーセーコスメポート	【コーセーコスメポート】エスカラット クーリングミスト ウルトラクール【制汗剤・デオドラント】	t46e166bc0
5351	14953123	inactive	pending	コーセーコスメポート	【コーセーコスメポート】クリアターン ごめんね素肌 乳液【化粧品】	t730466249
5352	14953122	inactive	pending	コーセーコスメポート	【コーセーコスメポート】クリアターン ごめんね素肌 キニシナイクリーム【化粧品】	t6703357f4
5353	14953121	inactive	pending	コーセーコスメポート	【コーセーコスメポート】クリアターン ごめんね素肌 化粧水【化粧水・ローション】	t4a7461787
5354	14953118	inactive	pending	コーセーコスメポート	【コーセーコスメポート】セラミエイド UVミルク【UV・日焼け止め】	t8ea7ec2f6
5355	14953117	inactive	pending	コーセーコスメポート	【コーセーコスメポート】セラミエイド UVエッセンス【UV・日焼け止め】	t7f9a4be9a
5356	14953116	inactive	pending	コーセーコスメポート	【コーセーコスメポート】サンカットR 無重力感UV エッセンス【UV・日焼け止め】	tea2ad49a0
5357	14953115	inactive	pending	コーセーコスメポート	【コーセーコスメポート】ウルミナプラス 生つや肌 水光おしろいUV乳液 02（ラベンダー）【化粧品】	td0bb63bbf
5358	14953114	inactive	pending	コーセーコスメポート	【コーセーコスメポート】ウルミナプラス 生つや肌 水光おしろいUV乳液 01（ナチュラルベージュ）	td0bb63bbf
5359	14953113	inactive	pending	コーセーコスメポート	【コーセーコスメポート】グレイス ワン ブライトニング リペアジェル【化粧品】	td8eb1973c
5360	14953112	inactive	pending	コーセーコスメポート	【コーセーコスメポート】サンカットR マルチビタミン トーンアップUV エッセンス クリアラベンダー	tf4b8aa3c3
5361	14953111	inactive	pending	コーセーコスメポート	【コーセーコスメポート】サンカットR プロテクトUV スティック【化粧品】	tac98a1599
5362	14953110	inactive	pending	コーセーコスメポート	【コーセーコスメポート】サンカットR トーンアップUV エッセンス スノーホワイトブルー【化粧品】	t4191b764a
5363	14953109	inactive	pending	コーセーコスメポート	【コーセーコスメポート】グレイス ワン ブライトニング リフト液【化粧品】	tc5131c757
5364	14953108	inactive	pending	コーセーコスメポート	【コーセーコスメポート】グレイス ワン ブライトニング リペアジェル つめかえ【化粧品】	t8b0af30b4
5365	14953107	inactive	pending	コーセーコスメポート	【コーセーコスメポート】グレイス ワン ブライトニング リフト液 カエ【化粧品】	tc5131c757
5366	14953106	inactive	pending	明色化粧品	【明色化粧品】モイストラボ ミネラルファンデーション＜ナチュラルオークル＞【メイク】	t22df0170f
5367	14953105	inactive	pending	明色化粧品	【明色化粧品】モイストラボ ミネラルファンデーション＜ナチュラルベージュ＞【メイク】	t729b3e0e3
5368	14953104	inactive	pending	明色化粧品	【明色化粧品】DETクリア ブライト＆ピール ピーリングジェリー＜無香料タイプ＞ 洗顔・クレンジング	t864b53169
5369	14953103	inactive	pending	明色化粧品	【明色化粧品】ケアナボーテ あつめの毛穴ホットクレンジングミニ【メイク落とし・クレンジング】	t91395cf6b
5370	14953102	inactive	pending	黒ばら本舗	【黒ばら本舗】ツバキオイル オイルdeミスト【スタイリング】	tda89d83e6
5371	14953101	inactive	pending	ファイントゥデイ	【ファイントゥデイ】ウーノ 薬用スカルプエッセンス【シャンプー】	t6d9cbdb03
5372	14953100	inactive	pending	ファイントゥデイ	【ファイントゥデイ】ウーノ オールインワンシャンプー ボリューム つめかえ用【シャンプー】	t56e3d5f7d
5373	14953099	inactive	pending	ファイントゥデイ	【ファイントゥデイ】ウーノ オールインワンシャンプー ボリューム【シャンプー】	t19d7c2c8b
5374	14953098	inactive	pending	ファイントゥデイ	【ファイントゥデイ】ウーノ オールインワンシャンプー スマート つめかえ用【シャンプー】	t4b9d215ac
5375	14953097	inactive	pending	ファイントゥデイ	【ファイントゥデイ】ウーノ オールインワンシャンプー スマート【シャンプー】	te8e7dc220
5376	14953094	inactive	pending	クラシエ	【クラシエ】マー＆ミー ピュアスキン ボディソープ 詰替用【ボディソープ】	teacddaf34
5377	14953093	inactive	pending	クラシエ	【クラシエ】マー＆ミー ピュアスキン ボディソープ ポンプ【ボディソープ】	teacddaf34
5378	14953092	inactive	pending	クラシエ	【クラシエ】マー＆ミー ピュアスキン 泡で出てくるボディソープ 詰替用【ボディソープ】	tc1bd89434
5379	14953091	inactive	pending	クラシエ	【クラシエ】マー＆ミー ピュアスキン 泡で出てくるボディソープ ポンプ【ボディソープ】	tf3f7561ca
5380	14953090	inactive	pending	オリヂナル	【オリヂナル】薬用・桃の葉ローション【ボディクリーム・ローション】	t14b8e688d
5381	14953085	inactive	pending	ホーユー	【ホーユー】メンズビゲン カラーリンス ディープブラック【ヘアカラー】	tb822b6280
5382	14953084	inactive	pending	P&G	【P&G】パンテーンモイストスムースリペアコンディショナーつめかえ超特大【コンディショナー・リンス】	t08f4232fd
5383	14953083	inactive	pending	P&G	【P&G】パンテーンエクストラダメージリペアコンディショナーつめかえ超特大 コンディショナー・リンス	t84d464a63
5384	14953082	inactive	pending	P&G	【販売終了】【P&G】パンテーンエアリーふんわりリペアコンディショナーつめかえ超特大【コンディショナ	ta5c02cfec
5385	14953081	inactive	pending	P&G	【P&G】パンテーンゴールドダメージリペアコンディショナーつめかえ超特大【コンディショナー・リンス】	t08f4232fd
5386	14953080	inactive	pending	P&G	【P&G】パンテーンモイストスムースリペアシャンプーつめかえ超特大【シャンプー】	t08f4232fd
5387	14953079	inactive	pending	P&G	【P&G】パンテーンエクストラダメージリペアシャンプーつめかえ超特大【シャンプー】	t08f4232fd
5388	14953078	inactive	pending	P&G	【販売終了】【P&G】パンテーンエアリーふんわりリペアシャンプーつめかえ超特大【シャンプー】	tf0fe76b1d
5389	14953077	inactive	pending	P&G	【P&G】パンテーンゴールドダメージリペアシャンプーつめかえ超特大【シャンプー】	t08f4232fd
5390	15054543	inactive	pending	バンダイ	【バンダイ】こどもハブラシ3本セット PROJECT R．E．D．【歯ブラシ】	t463db0c6e
5391	15054529	inactive	pending	グラクソスミスクライン	シュミテクト やさしく歯周ケアハブラシ3Dフィット設計 薄型コンパクト（やわらかめ）	t1192c95be
5392	15054528	inactive	pending	グラクソスミスクライン	シュミテクト やさしく歯周ケアハブラシ極細シルキー毛 薄型コンパクト（やわらかめ）	t15a2f5b62
5393	15054527	inactive	pending	グラクソスミスクライン	シュミテクト やさしく歯周ケアハブラシ極細シルキー毛 薄型ワイド（ふつう）	ta28691592
5394	15054526	inactive	pending	グラクソスミスクライン	シュミテクト やさしく歯周ケアハブラシ極細シルキー毛 薄型レギュラー（ふつう）	t10ee425c0
5395	15054525	inactive	pending	グラクソスミスクライン	シュミテクト やさしく歯周ケアハブラシ極細シルキー毛 薄型超コンパクト（やわらかめ）	t85880a6c2
5396	15054524	inactive	pending	グラクソスミスクライン	シュミテクト やさしく歯周ケアハブラシ極細シルキー毛 薄型超コンパクト（ふつう）	ted3d549e2
5397	15054523	inactive	pending	グラクソスミスクライン	シュミテクト やさしく歯周ケアハブラシ極細シルキー毛 薄型コンパクト（ふつう）	t418e4ade0
5398	15054522	inactive	pending	グラクソスミスクライン	シュミテクト やさしく歯周ケアハブラシ3Dフィット設計薄型ワイド（ふつう）	t18c146719
5399	15054521	inactive	pending	グラクソスミスクライン	シュミテクト やさしく歯周ケアハブラシ3Dフィット設計 薄型超コンパクト（やわらかめ）	t69e933d67
5400	15054520	inactive	pending	グラクソスミスクライン	シュミテクト やさしく歯周ケアハブラシ3Dフィット設計 薄型超コンパクト（ふつう）	t19414802a
5401	15054519	inactive	pending	グラクソスミスクライン	シュミテクト やさしく歯周ケアハブラシ3Dフィット設計 薄型レギュラー（ふつう）	tdf87ed136
5402	15054518	inactive	pending	グラクソスミスクライン	シュミテクト やさしく歯周ケアハブラシ3Dフィット設計 薄型コンパクト（ふつう）	t7fba9851f
5403	15054508	inactive	pending	白元アース	【白元アース】アイスノン ICE KING 極冷え洗顔シート 無香料	tf211e8578
5404	15054615	inactive	pending	常盤薬品	【常盤薬品】サナ なめらか本舗 薬用WRクレンジングクリーム ホワイト【メイク落とし・クレンジング】	tae4034589
5405	15054614	inactive	pending	常盤薬品	【常盤薬品】サナ エステニー ソルティスクラブ エンリッチモイスト【ボディソープ】	tf9c300e9d
5406	15054603	inactive	pending	サラヤ	【サラヤ】アラウ．ベビー 泡全身ソープしっとり 詰替用【ベビー用品】	t09ae1539d
5407	15054602	inactive	pending	サラヤ	【サラヤ】アラウ．ベビー 泡全身ソープ 詰替用【ベビー用品】	tc37135287
5408	15054601	inactive	pending	サラヤ	【サラヤ】サラヤスマイルズ うるおい清拭料【ボディソープ】	t3943caa5b
5409	15054600	inactive	pending	サラヤ	【サラヤ】サラヤスマイルズ ドライシャンプー【シャンプー】	t479f57d09
5410	15054599	inactive	pending	サラヤ	【サラヤ】クルクリン PGガード美白ケアプラスぺースト【歯磨き】	taf6d41b0a
5411	15054579	inactive	pending	ユニリーバ	【ユニリーバ】アックス プレミアムフレグランス ボディスプレー パープルシトラス	t5afbd9ec1
5412	15054578	inactive	pending	ユニリーバ	【ユニリーバ】ダヴ ふわとろボディウォッシュ チェリー＆アプリコットミルク つめかえ用 ボディソープ	t9eae7c178
5413	15054577	inactive	pending	ユニリーバ	【ユニリーバ】ダヴ ふわとろボディウォッシュ チェリー＆アプリコットミルク ポンプ【ボディソープ】	t4f66a3499
5414	15054576	inactive	pending	ユニリーバ	【ユニリーバ】ダヴ ふわとろクリーミースクラブ ミッドナイトラベンダー【ボディソープ】	t7724c7bf7
5415	15054575	inactive	pending	ユニリーバ	【ユニリーバ】アックス プレミアムフレグランス ボディソープ パープルシトラス つめかえ用	tc73473681
5416	15054574	inactive	pending	ユニリーバ	【ユニリーバ】アックス プレミアムフレグランス ボディソープ パープルシトラス ポンプ ボディソープ	t8f607af65
5417	15054573	inactive	pending	コスメテックスローランド	【コスメテックスローランド】リルーチェパフュームボディソープ シャイニーフリージアレフィル	t5ad51ee24
5418	15054572	inactive	pending	コスメテックスローランド	【コスメテックスローランド】リルーチェパフュームボディソープ プリズムリリーレフィル	t8bd7aba75
5419	15054571	inactive	pending	コスメテックスローランド	【コスメテックスローランド】リルーチェパフュームアイスミスト ピーチソルベ【化粧水・ローション】	t9f71b164e
5420	15054570	inactive	pending	コスメテックスローランド	【コスメテックスローランド】リルーチェパフュームボディソープ シャイニーフリージア【ボディソープ】	t29e222003
5421	15054569	inactive	pending	コスメテックスローランド	【コスメテックスローランド】リルーチェパフュームボディソープ プリズムリリー【ボディソープ】	t7f907561a
5422	15054568	inactive	pending	ダリヤ	【ダリヤ】モモリ ふわっとさら髪ドライシャンプー ミニ （ももの紅茶とネロリの香り）【スタイリング】	t03aa451df
5423	15054567	inactive	pending	ダリヤ	【ダリヤ】モモリ ふわっとさら髪ドライシャンプー ミニ【スタイリング】	t03aa451df
5424	15054566	inactive	pending	ダリヤ	【ダリヤ】サロンドプロ カラーシャンプー ＜ローズブラウン＞【スタイリング】	t45e975e6c
5426	15054564	inactive	pending	ダリヤ	【ダリヤ】クレオディーテ クリアリーカラー （白髪用） ＜ロゼブラウン＞【ヘアカラー・白髪用】	t409147c13
5427	15054563	inactive	pending	ダリヤ	【ダリヤ】クレオディーテ クリアリーカラー （白髪用） ＜ラベンダーベージュ＞【ヘアカラー・白髪用】	t409147c13
5428	15054561	inactive	pending	柳屋本店	【柳屋本店】パウ ヘアワックス 〈ハードムーブ〉【スタイリング】	tfef89d4d9
5429	15054560	inactive	pending	柳屋本店	【柳屋本店】パウ ヘアグリース ＜グロスウェーブ＞【スタイリング】	t9d1ebab2a
5430	15054559	inactive	pending	ダリヤ	【ダリヤ】サロンドプロ泡のヘアカラー・エクストラリッチ（白髪用）3PK＜ピンクブラウン＞	tf8eac210f
5431	15054538	inactive	pending	ロート製薬	【ロート製薬】メラノCC＋AZmask【シートマスク】	t6019ce710
5432	15054537	inactive	pending	ロート製薬	【ロート製薬】メラノCCMen 薬用しみ対策美白化粧水【化粧水・ローション】	tf41b5ca91
5433	15054536	inactive	pending	ロート製薬	【ロート製薬】肌ラボ 極潤 美白パーフェクトゲル つめかえ用【化粧品】	t3781ba795
5434	15054535	inactive	pending	ロート製薬	【ロート製薬】肌ラボ 極潤 美白パーフェクトゲル【化粧品】	t3781ba795
5435	15054534	inactive	pending	ロート製薬	【ロート製薬】肌ラボ 極潤 パーフェクトゲル【化粧品】	t6ac7e1d40
5436	15054533	inactive	pending	ロート製薬	【ロート製薬】肌ラボ 極潤 パーフェクトゲル つめかえ用【化粧品】	t6ac7e1d40
5437	15054531	inactive	pending	クラシエ	【クラシエ】プロスタイル アイス美容スパークリングスプレー ミニ【スタイリング】	t3842d94a1
5438	15054530	inactive	pending	クラシエ	【クラシエ】プロスタイル アイス美容スパークリングスプレー【スタイリング】	t21aead457
5439	15054511	inactive	pending	白元アース	【白元アース】アイスノン ICE KING 極冷えボディミスト ピーチの香り	tdb0099e30
5440	15054510	inactive	pending	白元アース	【白元アース】アイスノン ICE KING 極冷えボディシート ピーチの香り	tacb0eb72f
5441	15054509	inactive	pending	白元アース	【白元アース】アイスノン ICE KING 極冷えボディシート ミントの香り	te3c5c7a75
5442	15151026	inactive	pending	サンギ	【サンギ】アパガードクリスタル歯ブラシ やわらかめ【歯ブラシ】	te83c83b90
5443	15151025	inactive	pending	サンギ	【サンギ】アパガードクリスタル歯ブラシ ふつう【歯ブラシ】	te83c83b90
5444	15151036	inactive	pending	コスメテックスローランド	【コスメテックスローランド】柑橘王子BLACKピーリングジェルex【洗顔・クレンジング】	t87fd3b96b
5445	15151035	inactive	pending	コスメテックスローランド	【コスメテックスローランド】潤素肌 和ハッカクールボディソープ レフィル【ボディソープ】	t4589bac39
5446	15151033	inactive	pending	牛乳石鹸共進社	【牛乳石鹸共進社】スキンライフ 薬用化粧水【化粧水・ローション】	tebe379d2b
5447	15151032	inactive	pending	牛乳石鹸共進社	【牛乳石鹸共進社】カウブランド 赤箱 6コ入【石鹸】	td63a56a65
5448	15151031	inactive	pending	牛乳石鹸共進社	【牛乳石鹸共進社】カウブランド 赤箱 3コパック【石鹸】	td63a56a65
5449	15151030	inactive	pending	牛乳石鹸共進社	【牛乳石鹸共進社】カウブランド 赤箱【石鹸】	td63a56a65
5450	15151024	inactive	pending	クラシエ	【クラシエ】肌美精 夜のリッチミルクマスク【シートマスク】	tcfca79768
5451	15151023	inactive	pending	クラシエ	【クラシエ】肌美精 朝のスムースミルクマスク【シートマスク】	taa22d91d1
5452	15151022	inactive	pending	クラシエ	【クラシエ】肌美精 朝のスムースミルクマスク【シートマスク】	taa22d91d1
5453	15151021	inactive	pending	クラシエ	【クラシエ】肌美精 夜のリッチミルクマスク【シートマスク】	tcfca79768
5454	15151020	inactive	pending	クラシエ	【クラシエ】肌美精 CHOI薬用ミスト化粧水 ニキビケア【化粧水・ローション】	t588f77c40
5455	15151019	inactive	pending	クラシエ	【クラシエ】ミュオ ミルキィクレンジング【メイク落とし・クレンジング】	td7e30a9d0
5456	15151018	inactive	pending	ユニリーバ	【ユニリーバ】ダヴ ふわとろクリーミースクラブ チェリー＆アプリコットミルク チューブ ボディソープ	tbd8e51f71
5457	15224776	inactive	pending	貝印	【貝印】KQ3034 クシ付きマユハサミ（左手用）ピンク【メイク】	t0e6f27df3
5458	15224781	inactive	pending	ウエラジャパン	【ウエラジャパン】ウエラトーン リッチオイル【スタイリング】	t4c5b5bb99
5459	15224780	inactive	pending	ウエラジャパン	【ウエラジャパン】ウエラトーン ライトオイル【スタイリング】	t4c5b5bb99
5460	15224775	inactive	pending	コーセーコスメポート	【コーセーコスメポート】ビタプル リペア UV乳液【化粧品】	tf1700c68f
5461	15224774	inactive	pending	コーセーコスメポート	【コーセーコスメポート】ビタプル リペア スムースウォッシングフォーム【洗顔・クレンジング】	td84184738
5462	15224773	inactive	pending	コーセーコスメポート	【コーセーコスメポート】SS ビオリス フルールシロップ リペアラッピング ヘアマスク	t560ae5483
5463	15224772	inactive	pending	コーセーコスメポート	【コーセーコスメポート】SS ビオリス フルールシロップ ヘアコンディショナー （ディープモイスト）	tf303b5cfc
5464	15224771	inactive	pending	コーセーコスメポート	SS ビオリス フルールシロップ シャンプー＆ヘアコンディショナートライアルセット ディープモイスト	t2840ca615
5465	15224770	inactive	pending	コスメテックスローランド	【コスメテックスローランド】エアリー＆イージーメルティリペア トリートメント【ヘアトリートメント】	td64df4155
5466	15224769	inactive	pending	コスメテックスローランド	【コスメテックスローランド】エアリー＆イージーメルティリペア トリートメント替	tba801e73b
5467	15224768	inactive	pending	コスメテックスローランド	【コスメテックスローランド】エアリー＆イージーメルティリペアシャンプー＆トリートメント トライアル	t5d9749be7
5468	15224767	inactive	pending	コスメテックスローランド	【コスメテックスローランド】エアリー＆イージーメルティリペア シャンプー レフィル【シャンプー】	ta5ccfd4a4
5469	15224766	inactive	pending	コスメテックスローランド	【コスメテックスローランド】エアリー＆イージーメルティリペア シャンプー【シャンプー】	t3ed5fd1cb
5470	15224764	inactive	pending	ヘルス	【ヘルス】ふきとり日焼け止め落とし【ベビー用品】	t47538d34b
5471	15224751	inactive	pending	コーセーコスメポート	SS ビオリス フルールシロップ ヘアコンディショナー シルキースムース つめかえ	t37b23214d
5472	15224750	inactive	pending	コーセーコスメポート	【コーセーコスメポート】SS ビオリス フルールシロップ ヘアコンディショナー （シルキースムース）	tecf3b6c6e
5473	15224749	inactive	pending	コーセーコスメポート	【コーセーコスメポート】SS ビオリス フルールシロップ シャンプー （シルキースムース）	t218fd5bd4
5474	15224748	inactive	pending	コーセーコスメポート	【コーセーコスメポート】SS ビオリス フルールシロップ シャンプー （ディープモイスト）	tec473bb0a
5475	15224747	inactive	pending	明色化粧品	【明色化粧品】DETクリア ブライト＆ピール 角質オフ洗顔フォーム【洗顔・クレンジング】	t1517e6a3e
5476	15224746	inactive	pending	ヘンケルジャパン	【ヘンケルジャパン】got2b ボンディング・カラートリートメント ムラサキ【ヘアカラー・白髪用】	t8776709cc
5477	15224745	inactive	pending	ヘンケルジャパン	【ヘンケルジャパン】got2b ボンディング・カラートリートメント ミルクティー ヘアカラー・白髪用	t0898ec32f
5478	15224744	inactive	pending	ヘンケルジャパン	【ヘンケルジャパン】got2b ボンディング・カラートリートメント ピンク【ヘアカラー・白髪用】	t8776709cc
5479	15224743	inactive	pending	ヘンケルジャパン	【ヘンケルジャパン】got2b ボンディング・カラートリートメント シルバー【ヘアカラー・白髪用】	t8776709cc
5480	15224737	inactive	pending	ユニリーバ	【ユニリーバ】ダヴ ビューティーモイスチャー 泡ボディウォッシュ トワイライトブーケ ポンプ	t792d02a44
5481	15224736	inactive	pending	ユニリーバ	【ユニリーバ】ダヴ ビューティーモイスチャー 泡ボディウォッシュ トワイライトブーケ つめかえ用	t792d02a44
5482	15224735	inactive	pending	ユニリーバ	【ユニリーバ】ダヴ ビューティーモイスチャー 泡ボディウォッシュ トワイライトブーケ つめかえ用	t792d02a44
5483	15224734	inactive	pending	ユニリーバ	【ユニリーバ】ラックス バスグロウ コントロールアンドシャイン ヘアブースター【ヘアトリートメント】	t8991f1ee0
5484	15224733	inactive	pending	ユニリーバ	【ユニリーバ】ラックス バスグロウ コントロールアンドシャイン トリートメント ポンプ	td77b91f3b
5485	15224732	inactive	pending	ユニリーバ	【ユニリーバ】ラックス バスグロウ コントロールアンドシャイン トリートメント つめかえ用	td77b91f3b
5486	15224731	inactive	pending	ユニリーバ	【ユニリーバ】ラックス バスグロウ コントロールアンドシャイン トリートメント つめかえ用	td77b91f3b
5487	15224730	inactive	pending	ユニリーバ	【ユニリーバ】ラックス スーパーリッチクリスタル モイスチャー＆リペア ミルクミスト	t8a4d005f5
5488	15224729	inactive	pending	ユニリーバ	【ユニリーバ】ラックス スーパーリッチクリスタル モイスチャー＆リペア ヘアパック	t4ce1e5727
5489	15224728	inactive	pending	ユニリーバ	【ユニリーバ】ラックス スーパーリッチクリスタル モイスチャー＆リペア トリートメント ポンプ	ta545d5ec3
5490	15224727	inactive	pending	ユニリーバ	【ユニリーバ】ラックス スーパーリッチクリスタル モイスチャー＆リペア トリートメント つめかえ用	ta545d5ec3
5491	15224726	inactive	pending	ユニリーバ	【ユニリーバ】ラックス バスグロウ コントロールアンドシャイン シャンプー ポンプ【シャンプー】	td77b91f3b
5492	15224725	inactive	pending	ユニリーバ	【ユニリーバ】ラックス バスグロウ コントロールアンドシャイン シャンプー つめかえ用【シャンプー】	td77b91f3b
5493	15224724	inactive	pending	ユニリーバ	【ユニリーバ】ラックス バスグロウ コントロールアンドシャイン シャンプー つめかえ用【シャンプー】	td77b91f3b
5494	15224723	inactive	pending	ユニリーバ	ユニリーバ ラックス バスグロウ コントロールアンドシャイン シャンプートリートメント サシェセット	taec3e0bc3
5495	15224722	inactive	pending	ユニリーバ	【ユニリーバ】ラックス スーパーリッチクリスタル モイスチャー＆リペア シャンプー ポンプ	tdb1046a68
5496	15224721	inactive	pending	ユニリーバ	【ユニリーバ】ラックス スーパーリッチクリスタル モイスチャー＆リペア シャンプー つめかえ用	tdb1046a68
5497	15224720	inactive	pending	ユニリーバ	【ユニリーバ】ラックス スーパーリッチクリスタル モイスチャー＆リペア サシェ【シャンプー】	tdb1046a68
5498	15224719	inactive	pending	P&G	【P&G】パンテーンEXPカプセル美容液ヘアマスク【ヘアトリートメント】	ta16d1dfd9
5499	15224718	inactive	pending	P&G	【P&G】パンテーンEXPプレステージダメージケアコンディショナーつめかえ1．4倍サイズ	ta16d1dfd9
5500	15224717	inactive	pending	P&G	【P&G】パンテーンEXPプレステージダメージケアポンプ2ステップ【シャンプー】	ta16d1dfd9
5501	15224716	inactive	pending	P&G	【P&G】パンテーンEXPプレステージダメージケアシャンプーつめかえ1．4倍サイズ【シャンプー】	ta16d1dfd9
5502	15331129	inactive	pending	ロケット石鹸	【ロケット石鹸】薬用泡ハンドソープミモザの香り詰替用【ハンドソープ】	t1f4136b05
5503	15331118	inactive	pending	ドルコ	【ドルコ】Shai6 ディスポ 敏感肌用【女性用カミソリ】	t2d20c162c
5504	15331117	inactive	pending	ドルコ	【ドルコ】PACE6 PLUS 替刃 バリューパック【男性用カミソリ】	t2c5a479ac
5505	15331103	inactive	pending	シック(Schick)	【シック(Schick)】シック ハイドロ 普通肌 ホルダー（本体＋刃2コ）【男性用カミソリ】	t9fe8d2986
5506	15331102	inactive	pending	シック(Schick)	【シック(Schick)】シック ハイドロ 普通肌 シェービングジェル【シェービング】	tb02b75961
5507	15331101	inactive	pending	シック(Schick)	【シック(Schick)】シック ハイドロ 普通肌 コンボパック（本体＋刃5コ）【男性用カミソリ】	t5eb438d94
5508	15331100	inactive	pending	シック(Schick)	【シック(Schick)】シック ハイドロ 普通肌 替刃【男性用カミソリ】	t3e283fd38
5509	15331099	inactive	pending	シック(Schick)	【シック(Schick)】シック ハイドロ 普通肌 替刃【男性用カミソリ】	t3e283fd38
5510	15331098	inactive	pending	シック(Schick)	【シック(Schick)】シック ハイドロ 普通肌 替刃【男性用カミソリ】	t3e283fd38
5511	15331097	inactive	pending	シック(Schick)	【シック(Schick)】シック ハイドロ 敏感肌 ホルダー（本体＋刃2コ）【男性用カミソリ】	t3bb328f40
5512	15331096	inactive	pending	シック(Schick)	【シック(Schick)】シック ハイドロ 敏感肌 シェービングジェル【シェービング】	t499d6baf8
5513	15331095	inactive	pending	シック(Schick)	【シック(Schick)】シック ハイドロ 敏感肌 コンボパック（本体＋刃5コ）【男性用カミソリ】	t3499ecd42
5514	15331094	inactive	pending	シック(Schick)	【シック(Schick)】シック ハイドロ 敏感肌 替刃【男性用カミソリ】	te6bb83d8a
5515	15331093	inactive	pending	シック(Schick)	【シック(Schick)】シック ハイドロ 敏感肌 替刃【男性用カミソリ】	te6bb83d8a
5516	15331092	inactive	pending	シック(Schick)	【シック(Schick)】シック ハイドロ 敏感肌 替刃【男性用カミソリ】	te6bb83d8a
5517	15331091	inactive	pending	シック(Schick)	【シック(Schick)】シック ハイドロ 敏感肌 シェービングフォーム【シェービング】	t89bdadd23
5518	15331090	inactive	pending	シック(Schick)	【シック(Schick)】シック ハイドロシルク 敏感肌用 ホルダーmini（本体＋刃2コ）	t8267fc204
5519	15331089	inactive	pending	シック(Schick)	【シック(Schick)】シック ハイドロ極 普通肌 ホルダー（本体＋刃2コ）【男性用カミソリ】	te5d455968
5520	15331088	inactive	pending	シック(Schick)	【シック(Schick)】シック ハイドロ極 普通肌 コンボパック（本体＋刃5コ）	t1e99d23d9
5521	15331087	inactive	pending	シック(Schick)	【シック(Schick)】シック ハイドロ極 普通肌 替刃【男性用カミソリ】	tda3dd386b
5522	15331086	inactive	pending	シック(Schick)	【シック(Schick)】シック ハイドロ極 普通肌 替刃【男性用カミソリ】	tda3dd386b
5523	15331085	inactive	pending	シック(Schick)	【シック(Schick)】シック ハイドロ極 普通肌 替刃【男性用カミソリ】	tda3dd386b
5524	15331084	inactive	pending	シック(Schick)	【シック(Schick)】シック ハイドロ極 敏感肌 ホルダー（本体＋刃2コ）【男性用カミソリ】	t14f949ab7
5525	15331083	inactive	pending	シック(Schick)	【シック(Schick)】シック ハイドロ極 敏感肌 コンボパック（本体＋刃5コ）	tff5b65eb0
5526	15331082	inactive	pending	シック(Schick)	【シック(Schick)】シック ハイドロ極 敏感肌 替刃【男性用カミソリ】	t49b147899
5527	15331081	inactive	pending	シック(Schick)	【シック(Schick)】シック ハイドロ極 敏感肌 替刃【男性用カミソリ】	t883719d7a
5528	15331080	inactive	pending	シック(Schick)	【シック(Schick)】シック ハイドロ極 敏感肌 替刃【男性用カミソリ】	t49b147899
5529	15331079	inactive	pending	シック(Schick)	【シック(Schick)】シック ハイドロ極パワー 普通肌 ホルダー（本体＋刃2コ）	ted46053c2
5530	15331078	inactive	pending	シック(Schick)	【シック(Schick)】シック ハイドロ極パワー 普通肌 替刃【男性用カミソリ】	t696043098
5531	15331077	inactive	pending	シック(Schick)	【シック(Schick)】シック ハイドロ極パワー 普通肌 替刃【男性用カミソリ】	t696043098
5532	15331076	inactive	pending	シック(Schick)	【シック(Schick)】シック ハイドロ極パワー 敏感肌 ホルダー（本体＋刃2コ）	tc86a5bba1
5533	15331075	inactive	pending	シック(Schick)	【シック(Schick)】シック ハイドロ極パワー 敏感肌 替刃【男性用カミソリ】	tbcbff4ca9
5534	15331074	inactive	pending	シック(Schick)	【シック(Schick)】シック ハイドロ極パワー 敏感肌 替刃【男性用カミソリ】	tbcbff4ca9
5535	15331073	inactive	pending	シック(Schick)	【シック(Schick)】シック イントゥイション つや肌 ホルダー（本体＋刃2コ）	t6b8da8fd3
5536	15331072	inactive	pending	シック(Schick)	【シック(Schick)】シック イントゥイション つや肌 替刃【女性用カミソリ】	tb16186bb2
5537	15331054	inactive	pending	サンスター	【サンスター】ガムプレミアムデンタルブラシ＃07S 6列幅広ヘッド やわらかめ【歯ブラシ】	te83c83b90
5538	15331053	inactive	pending	サンスター	【サンスター】ガムプレミアムデンタルブラシ＃07M 6列幅広ヘッド ふつう【歯ブラシ】	te83c83b90
5539	15331052	inactive	pending	サンスター	【サンスター】ガムプレミアムデンタルブラシ＃06S 5列先細ヘッド やわらかめ【歯ブラシ】	te83c83b90
5540	15331051	inactive	pending	サンスター	【サンスター】ガムプレミアムデンタルブラシ＃06M 5列先細ヘッド ふつう【歯ブラシ】	te83c83b90
5541	15331071	inactive	pending	三宝商事	【三宝商事】テンスター歯のホワイトニングセットEX【歯磨き】	t04952a346
5543	15331069	inactive	pending	三宝商事	【三宝商事】テンスター ポンポン付きヘアマスカラ ソフトブラック 13．5ML【ヘアカラー・白髪用】	t7a9fc2700
5544	15331068	inactive	pending	三宝商事	【三宝商事】テンスター ポンポン付きヘアマスカラ ダークブラウン【ヘアカラー・白髪用】	t7a9fc2700
5545	15331043	inactive	pending	熊野油脂	【熊野油脂】麗白 ハトムギ クール ボディミルク【ボディクリーム・ローション】	tf2976eb83
5546	15331042	inactive	pending	熊野油脂	【熊野油脂】麗白 ハトムギ 浸透乳液 ミストタイプ【化粧品】	tdae2e0206
5547	15331041	inactive	pending	熊野油脂	【熊野油脂】四季折々 抹茶配合 化粧水【化粧水・ローション】	t99eea6d73
5548	15331040	inactive	pending	熊野油脂	【熊野油脂】四季折々 抹茶配合 洗顔フォーム【洗顔・クレンジング】	t47518d42c
5549	15331039	inactive	pending	熊野油脂	【熊野油脂】四季折々 薬用 柿渋ボディソープ 炭配合 詰替 大容量【ボディソープ】	t9b29f14e8
5550	15331038	inactive	pending	熊野油脂	【熊野油脂】麗白 ハトムギ クール ボディソープ【ボディソープ】	t5e3bb7bbd
5551	15331037	inactive	pending	熊野油脂	【熊野油脂】四季折々 抹茶配合 ボディソープ【ボディソープ】	t59da73a21
5552	15331036	inactive	pending	熊野油脂	【熊野油脂】サロンリンク エクストラ トリートメント 抹茶の香り【ヘアトリートメント】	t5555aaaa9
5553	15331035	inactive	pending	熊野油脂	【熊野油脂】サロンリンク エクストラ コンディショナー 抹茶の香り【コンディショナー・リンス】	t07e62a07f
5554	15331034	inactive	pending	熊野油脂	【熊野油脂】サロンリンク エクストラ シャンプー 抹茶の香り【シャンプー】	t221c21729
5555	15331021	inactive	pending	P&G	【P&G】HSFORMENリフレッシュEXコンディショナーポンプ【コンディショナー・リンス】	t1597ec850
5556	15331020	inactive	pending	P&G	【P&G】HSFORMENリフレッシュEXコンディショナーつめかえ超特大サイズ3倍	t1597ec850
5557	15331019	inactive	pending	P&G	【P&G】HSFORMENリフレッシュEXコンディショナーつめかえ【コンディショナー・リンス】	t1597ec850
5558	15331018	inactive	pending	P&G	【P&G】HSモイスチャーコンディショナーポンプ【コンディショナー・リンス】	t42ff2af78
5559	15331017	inactive	pending	P&G	【P&G】HSモイスチャーコンディショナーつめかえ超特大サイズ3倍【コンディショナー・リンス】	t42ff2af78
5560	15331016	inactive	pending	P&G	【P&G】HSモイスチャーコンディショナーつめかえ超特大サイズ6倍【コンディショナー・リンス】	t42ff2af78
5561	15331015	inactive	pending	P&G	【P&G】HSモイスチャーコンディショナーつめかえ特大サイズ2．2倍【コンディショナー・リンス】	t42ff2af78
5562	15331014	inactive	pending	P&G	【P&G】HSモイスチャーコンディショナーつめかえ特大サイズ1．5倍【コンディショナー・リンス】	t42ff2af78
5563	15331013	inactive	pending	P&G	【P&G】HSモイスチャーコンディショナーつめかえ【コンディショナー・リンス】	t42ff2af78
5564	15331012	inactive	pending	P&G	【P&G】HSシトラスオイルコントロールコンディショナーポンプ【コンディショナー・リンス】	t42ff2af78
5565	15331011	inactive	pending	P&G	【P&G】HSシトラスオイルコントロールコンディショナーつめかえ超特大サイズ2．8倍	t42ff2af78
5566	15331010	inactive	pending	P&G	【P&G】HSシトラスオイルコントロールコンディショナーつめかえ超特大サイズ5．8倍	t42ff2af78
5567	15331009	inactive	pending	P&G	【P&G】HSシトラスオイルコントロールコンディショナーつめかえ特大サイズ2．2倍	t42ff2af78
5568	15331008	inactive	pending	P&G	【P&G】HSシトラスオイルコントロールコンディショナーつめかえ特大サイズ1．5倍	t42ff2af78
5569	15331007	inactive	pending	P&G	【P&G】HSグリーンゼラニウムコンディショナーポンプ【コンディショナー・リンス】	t42ff2af78
5570	15331006	inactive	pending	P&G	【P&G】HSグリーンゼラニウムコンディショナーつめかえ超特大サイズ2．8倍	t42ff2af78
5571	15331005	inactive	pending	P&G	【P&G】HSグリーンゼラニウムコンディショナーつめかえ超特大サイズ5．8倍	t42ff2af78
5572	15331004	inactive	pending	P&G	【P&G】HSグリーンゼラニウムコンディショナーつめかえ特大サイズ2．2倍	t42ff2af78
5573	15331003	inactive	pending	P&G	【P&G】HSグリーンゼラニウムコンディショナーつめかえ特大サイズ1．5倍	t42ff2af78
5574	15331002	inactive	pending	P&G	【P&G】HSFORMENリフレッシュEXシャンプーつめかえ【シャンプー】	t1597ec850
5575	15331001	inactive	pending	P&G	【P&G】HSFORMENリフレッシュEXシャンプーポンプ【シャンプー】	t1597ec850
5576	15331000	inactive	pending	P&G	【P&G】HSFORMENリフレッシュEXシャンプーつめかえ超特大サイズ3倍【シャンプー】	t1597ec850
5577	15330999	inactive	pending	P&G	【P&G】HSモイスチャーシャンプーつめかえ特大サイズ1．5倍【シャンプー】	t42ff2af78
5578	15330998	inactive	pending	P&G	【P&G】HSモイスチャーシャンプーつめかえ【シャンプー】	t42ff2af78
5579	15330997	inactive	pending	P&G	【P&G】HSシトラスオイルコントロールシャンプーポンプ【シャンプー】	t42ff2af78
5580	15330996	inactive	pending	P&G	【P&G】HSシトラスオイルコントロールシャンプーつめかえ超特大サイズ2．8倍【シャンプー】	t42ff2af78
5581	15330995	inactive	pending	P&G	【P&G】HSシトラスオイルコントロールシャンプーつめかえ超特大サイズ5．8倍【シャンプー】	t42ff2af78
5582	15330994	inactive	pending	P&G	【P&G】HSシトラスオイルコントロールシャンプーつめかえ特大サイズ2．2倍【シャンプー】	t42ff2af78
5583	15330993	inactive	pending	P&G	【P&G】HSシトラスオイルコントロールシャンプーつめかえ特大サイズ1．5倍【シャンプー】	t42ff2af78
5584	15330992	inactive	pending	P&G	【P&G】HSグリーンゼラニウムシャンプーポンプ【シャンプー】	t42ff2af78
5585	15330991	inactive	pending	P&G	【P&G】HSグリーンゼラニウムシャンプーつめかえ超特大サイズ2．8倍【シャンプー】	t42ff2af78
5586	15330990	inactive	pending	P&G	【P&G】HSグリーンゼラニウムシャンプーつめかえ超特大サイズ5．8倍【シャンプー】	t42ff2af78
5587	15330989	inactive	pending	P&G	【P&G】HSグリーンゼラニウムシャンプーつめかえ特大サイズ2．2倍【シャンプー】	t42ff2af78
5588	15330988	inactive	pending	P&G	【P&G】HSグリーンゼラニウムシャンプーつめかえ特大サイズ1．5倍【シャンプー】	t42ff2af78
5589	15330987	inactive	pending	P&G	【P&G】HSモイスチャーシャンプーポンプ【シャンプー】	t42ff2af78
5590	15330986	inactive	pending	P&G	【P&G】HSモイスチャーシャンプーつめかえ超特大サイズ3倍【シャンプー】	t42ff2af78
5591	15330985	inactive	pending	P&G	【P&G】HSモイスチャーシャンプーつめかえ超特大サイズ6倍【シャンプー】	t42ff2af78
5592	15330984	inactive	pending	P&G	【P&G】HSモイスチャーシャンプーつめかえ特大サイズ2．2倍【シャンプー】	t42ff2af78
5593	15434319	inactive	pending	ライオンハイジーン	【ライオンハイジーン】キレイキレイ薬用泡ハンドソープ フローラルソープ【ハンドソープ】	tb4c46b5f6
5594	15434314	inactive	pending	アヌシ	【アヌシ】OD−804SB コップ付歯ブラシセットサンドベージュ【歯ブラシ】	te83c83b90
5595	15434312	inactive	pending	コットンラボ	【コットンラボ】コットン・ラボ うふっとスウヨタオルアルガンオイル【コットン】	t90ebc415b
5596	15434311	inactive	pending	グラクソスミスクライン	【グラクソスミスクライン】ポリデント カップ【歯ブラシ】	t70ab01430
5597	15434333	inactive	pending	熊野油脂	【熊野油脂】四季折々 薬用 柿渋ボディソープ 詰替 大容量【ボディソープ】	t9d171d6d8
5598	15434330	inactive	pending	マックス	【マックス】無添加生活 無添加泡シャンプー詰替【スタイリング】	t734e8a4a7
5599	15434329	inactive	pending	マックス	【マックス】無添加生活 無添加泡シャンプー本体【ボディクリーム・ローション】	t734e8a4a7
5600	15434328	inactive	pending	マックス	【マックス】無添加生活 無添加日やけ止めミルク無香性 チューブ【化粧品】	tccded6127
5601	15434327	inactive	pending	マックス	【マックス】無添加生活 無添加抹茶配合生せっけん【石鹸】	t0709155a8
5602	15434321	inactive	pending	コーヨー化成	【コーヨー化成】クールウェット超大判ボディシート【制汗剤・デオドラント】	t06cc1cea4
5603	15434320	inactive	pending	三和通商	【三和通商】LULUMINAジャムウルナ石鹸【化粧品】	td8748593a
5604	15434318	inactive	pending	三和通商	【三和通商】乾燥小じわ対策美容液マスク【化粧品】	tff41e3961
5605	15434304	inactive	pending	興和新薬	【興和新薬】バンテリンコーワサポーター 骨盤ベルト Mサイズ ブラック【サポーター】	tec9f0a6c4
5606	15434303	inactive	pending	興和新薬	【興和新薬】バンテリンコーワサポーター 骨盤ベルト Lサイズ ブラック【サポーター】	tec9f0a6c4
5607	15434293	inactive	pending	コーセーコスメポート	SS ビオリス フルールシロップ ヘアコンディショナー （ディープモイスト）つめかえ	t0b393386d
5608	15434292	inactive	pending	コーセーコスメポート	SS ビオリス フルールシロップ シャンプー＆ヘアコンディショナートライアルセット シルキースムース	tf2c885fc7
5609	15434280	inactive	pending	コーセーコスメポート	【コーセーコスメポート】タイガレイド 薬用美白ウォーター ミスト【化粧品】	ta25d08420
5610	15434279	inactive	pending	ペリカン石鹸	【ペリカン石鹸】おっぱい想いの美白ボディローション【ボディクリーム・ローション】	t5c6878c4c
5611	15434278	inactive	pending	ペリカン石鹸	【ペリカン石鹸】ペリカンファミリー石鹸炭【石鹸】	t15220f1f0
5612	15434277	inactive	pending	ペリカン石鹸	【ペリカン石鹸】ペリカンファミリー石鹸炭【石鹸】	t15220f1f0
5613	15434276	inactive	pending	ペリカン石鹸	【ペリカン石鹸】ペリカンファミリー石鹸CICA2P【石鹸】	t3cbc341f1
5614	15434275	inactive	pending	ペリカン石鹸	【ペリカン石鹸】ペリカンファミリー石鹸CICA【石鹸】	t3cbc341f1
5615	15434274	inactive	pending	ペリカン石鹸	【ペリカン石鹸】ドットウォッシー【石鹸】	tb9e0a529a
5616	15434273	inactive	pending	ペリカン石鹸	【ペリカン石鹸】さらさらパウダーせっけん【石鹸】	t0f55e22cd
5617	15434263	inactive	pending	コーセーコスメポート	【コーセーコスメポート】SS ビオリス フルールシロップ シャンプー （シルキースムース） つめかえ	t3fee5f518
5618	15434262	inactive	pending	コーセーコスメポート	【コーセーコスメポート】SS ビオリス フルールシロップ シャンプー （ディープモイスト）つめかえ	t4199776ca
5619	15434261	inactive	pending	ライオン	【ライオン】ハダカラ薬用ピュアマイルドモイストボディケアソープ本体【ボディソープ】	te1ce6f33f
5620	15434260	inactive	pending	ライオン	【ライオン】ハダカラ薬用デオドラントモイストボディケアソープ本体【ボディソープ】	t2297cf4ed
5621	15434259	inactive	pending	ライオン	【ライオン】ハダカラモイストボディケアソープ液体タイプリッチソープの香り本体【ボディソープ】	t7f9bd811e
5622	15434258	inactive	pending	ライオン	【ライオン】ハダカラモイストボディケアソープ液体タイプリッチソープの香りつめかえ用大型サイズ	t7f9bd811e
5623	15434257	inactive	pending	ライオン	【ライオン】ハダカラモイストボディケアソープ液体タイプフレッシュフローラルの香り本体【ボディソープ】	t7f9bd811e
5624	15434256	inactive	pending	ライオン	【ライオン】ハダカラモイストボディケアソープ液体タイプフレッシュフローラルの香りつめかえ用大型サイズ	t7f9bd811e
5625	15434255	inactive	pending	ライオン	【ライオン】ハダカラモイストボディケアソープ泡タイプクリーミーソープの香り本体【ボディソープ】	t7f9bd811e
5626	15434254	inactive	pending	ライオン	【ライオン】ハダカラモイストボディケアソープ泡タイプフローラルブーケの香り本体【ボディソープ】	t7f9bd811e
5627	15434253	inactive	pending	ライオン	【ライオン】ハダカラ美肌プレミアムモイストボディケアソープ液体タイプ本体【ボディソープ】	t3b51b4b42
5628	15434252	inactive	pending	ライオン	【ライオン】ハダカラ美肌プレミアムモイストボディケアソープ液体タイプつめかえ用【ボディソープ】	t3b51b4b42
5629	15434251	inactive	pending	ライオン	【ライオン】ハダカラ美肌プレミアムモイストボディケアソープ泡タイプ本体【ボディソープ】	t3b51b4b42
5630	15434250	inactive	pending	ライオン	【ライオン】ハダカラ美肌プレミアムモイストボディケアソープ泡タイプつめかえ用【ボディソープ】	t3b51b4b42
5631	15434249	inactive	pending	ホーユー	【ホーユー】ビゲン リピカラー 6N やや暗めの自然なブラウン【ヘアカラー・白髪用】	t42255e62a
5632	15434248	inactive	pending	ホーユー	【ホーユー】ビゲン リピカラー 5NA 深いナチュラリーブラウン【ヘアカラー・白髪用】	t42255e62a
5633	15434247	inactive	pending	ホーユー	【ホーユー】ビゲン リピカラー 5N 自然なブラウン【ヘアカラー・白髪用】	t42255e62a
5634	15434246	inactive	pending	ホーユー	【ホーユー】ビゲン リピカラー 4N やや明るい自然なブラウン【ヘアカラー・白髪用】	t42255e62a
5635	15434245	inactive	pending	ホーユー	【ホーユー】ビゲン リピカラー 4A アッシュブラウン【ヘアカラー・白髪用】	t42255e62a
5636	15434244	inactive	pending	ホーユー	【ホーユー】ビゲン リピカラー 3N 明るい自然なブラウン【ヘアカラー・白髪用】	t42255e62a
5637	15434243	inactive	pending	ホーユー	【ホーユー】ビゲン リピカラー 2N より明るい自然なブラウン【ヘアカラー・白髪用】	t42255e62a
5638	15434240	inactive	pending	ユニリーバ	【ユニリーバ】ダヴ パールシャイン 透明つや肌 クレンジングオイル ポンプ	t8fbe740fe
5639	15434239	inactive	pending	ユニリーバ	【ユニリーバ】ダヴ パールシャイン 毛穴ケアすべ肌 クレンジングオイル ポンプ	tcb439389f
5640	15434238	inactive	pending	ユニリーバ	【ユニリーバ】ダヴ パールシャイン 3in1 透明つや肌 泡メイク落とし つめかえ用	tb79ed3a2e
5641	15434237	inactive	pending	ユニリーバ	【ユニリーバ】ダヴ パールシャイン 3in1 透明つや肌 泡メイク落とし ポンプ	tb79ed3a2e
5642	15434236	inactive	pending	ユニリーバ	【ユニリーバ】ダヴ パールシャイン 薬用 アクネケア 泡洗顔料 つめかえ用【洗顔・クレンジング】	tfbcacac82
5643	15434235	inactive	pending	ユニリーバ	【ユニリーバ】ダヴ パールシャイン 薬用 アクネケア 泡洗顔料 ポンプ【洗顔・クレンジング】	tfbcacac82
5644	15434234	inactive	pending	ユニリーバ	【ユニリーバ】ダヴ パールシャイン 敏感肌 センシティブモイスチャー 泡洗顔料 つめかえ用	tfaf9c8480
5645	15434233	inactive	pending	ユニリーバ	【ユニリーバ】ダヴ パールシャイン 敏感肌 センシティブモイスチャー 泡洗顔料 ポンプ	tfaf9c8480
5646	15434232	inactive	pending	ユニリーバ	【ユニリーバ】ダヴ パールシャイン 透明つや肌 洗顔料【洗顔・クレンジング】	ted98742d4
5647	15434231	inactive	pending	ユニリーバ	【ユニリーバ】ダヴ パールシャイン 毛穴ケア さっぱり肌 洗顔料【洗顔・クレンジング】	ta5bc23e06
5648	15434230	inactive	pending	ユニリーバ	【ユニリーバ】ダヴ パールシャイン うるおいつや肌 洗顔料【洗顔・クレンジング】	t2ce982b3b
5649	15504529	inactive	pending	マンダム	【マンダム】ギャツビー フェイシャルウォッシュ パーフェクトスクラブ【洗顔】	tec71ec6d1
5650	15545381	inactive	pending	貝印	【貝印】000HC3017 Groom！ 折りたたみスリムブラシ【ブラシ】	t4a5951107
5651	15545378	inactive	pending	貝印	【貝印】000HA3006 H／G カールヘアピン 玉付【ブラシ】	t222fadfd4
5652	15545377	inactive	pending	貝印	【貝印】000HL0007 ヘアケアブラシSナイロンブリッスル【ブラシ】	tb5510142f
5653	15545376	inactive	pending	貝印	【貝印】000HC3020 Groom！ アイブローレザー3WAY【男性用カミソリ】	t3e03b75c9
5654	15545361	inactive	pending	コスメテックスローランド	【コスメテックスローランド】トーンチューンクリームミスト RetiAモイスト【化粧水・ローション】	t77d7f158b
5655	15545360	inactive	pending	コスメテックスローランド	【コスメテックスローランド】トーンチューンクリームミスト VitaCクリア【化粧水・ローション】	t08eac362f
5656	15545357	inactive	pending	小林製薬	【小林製薬】美白スミガキプレミアム【歯磨き】	td969705f6
5657	15545328	inactive	pending	ヘンケルジャパン	【ヘンケルジャパン】got2b ボンディング・カラーミニ プラチナシルバー【ヘアカラー・黒髪用】	t224fbbd8f
5658	15545327	inactive	pending	ヘンケルジャパン	【ヘンケルジャパン】got2b ボンディング・カラーミニ ミッドナイトブラック【ヘアカラー・黒髪用】	t224fbbd8f
5659	15545326	inactive	pending	ヘンケルジャパン	【ヘンケルジャパン】got2b ボンディング・カラーミニ ミスティックパープル【ヘアカラー・黒髪用】	t224fbbd8f
5660	15545325	inactive	pending	ヘンケルジャパン	【ヘンケルジャパン】got2b ボンディング・カラーミニ グラビティブルー【ヘアカラー・黒髪用】	t224fbbd8f
5661	15545324	inactive	pending	ヘンケルジャパン	【ヘンケルジャパン】got2b ボンディング・カラーミニ エンドレスピンク【ヘアカラー・黒髪用】	t224fbbd8f
5662	15545323	inactive	pending	ヘンケルジャパン	【ヘンケルジャパン】got2b ボンディング・メタリックス ヘアカラー ペールラベンダー	t69e4001fe
5663	15545322	inactive	pending	ヘンケルジャパン	【ヘンケルジャパン】got2b ボンディング・メタリックス ヘアカラー ミルクティーベージュ	t80f14a966
5664	15545321	inactive	pending	ヘンケルジャパン	【ヘンケルジャパン】サイオス カラーシャンプー ダークブラウン【ヘアカラー・白髪用】	t39e8b1ce6
5665	15545320	inactive	pending	ヘンケルジャパン	【ヘンケルジャパン】サイオス カラーシャンプー アッシュブラック【ヘアカラー・白髪用】	t39e8b1ce6
5666	15545319	inactive	pending	ヘンケルジャパン	【ヘンケルジャパン】サイオス カラーシャンプー ナチュラルブラウン【ヘアカラー・白髪用】	t39e8b1ce6
5667	15545297	inactive	pending	ライオン	【ライオン】システマハグキプラスプレミアムハミガキロイヤルハーブミント【歯磨き】	tb8f40a137
5668	15545296	inactive	pending	ライオン	【ライオン】システマハグキプラスプレミアムハミガキフレッシュクリスタルミント【歯磨き】	tb8f40a137
5669	15545295	inactive	pending	ライオン	【ライオン】システマハグキプラスプレミアムハミガキエレガントフルーティミント【歯磨き】	tb8f40a137
5670	15545270	inactive	pending	P&G	HSFORMENゴールド2IN1シャンプーオールドスパイスピュアスポーツの香りかえ超特大2．7倍	te520a09e6
5671	15507653	inactive	pending	貝印	【貝印】AUGER JOJOコラボ 10種フルセット ジョセフ【男性用カミソリ】	t3b980eb29
5672	15507654	inactive	pending	貝印	【貝印】AUGER JOJOコラボ 10種フルセット ジョナサン【男性用カミソリ】	t5d1249577
5673	15637699	inactive	pending	P&G	パンテーンミラクルズファインフレグランスホワイトティー＆ピオニートリートメントフレグランスミスト	t892805486
5674	15637698	inactive	pending	P&G	【P&G】パンテーンミラクルズファインフレグランスホワイトティー＆ピオニーコンディショナーつめかえ	t892805486
5675	15637697	inactive	pending	P&G	【P&G】パンテーンミラクルズファインフレグランスホワイトティー＆ピオニーシャンプーつめかえ	t892805486
5676	15637696	inactive	pending	P&G	【P&G】パンテーンミラクルズファインフレグランスホワイトティー＆ピオニーポンプ2ステップ	t892805486
5677	15739861	inactive	pending	銀座ステファニー	【銀座ステファニー】リーチ ヒマラヤピンクソルト歯ブラシ やわらかめ【歯ブラシ】	tf1fc2d15b
5678	15739860	inactive	pending	銀座ステファニー	【銀座ステファニー】リーチ ズートピアカラーバースト歯ブラシ やわらかめ【歯ブラシ】	td325f01e4
5679	15739859	inactive	pending	銀座ステファニー	【銀座ステファニー】リーチ ズートピアカラーバースト歯ブラシ ふつう（ニック）【歯ブラシ】	td325f01e4
5680	15739864	inactive	pending	ウテナ	【ウテナ】プロカリテ ヘアメンテナンスエマルジョン【美容液】	tf41d9e58d
5681	15739862	inactive	pending	銀座ステファニー	【銀座ステファニー】ユーシモール マウススプレー【マウスウォッシュ】	t8932c637a
5682	15739858	inactive	pending	銀座ステファニー	【銀座ステファニー】リーチ マウスウォッシュ ズートピア【マウスウォッシュ】	td3fc47193
5683	15739857	inactive	pending	銀座ステファニー	【銀座ステファニー】リーチ ヒマラヤピンクソルト ポンプ歯みがき バイオーム【歯磨き】	t6e7c5c4ba
5684	15739856	inactive	pending	銀座ステファニー	【銀座ステファニー】リーチ ヒマラヤピンクソルト ポンプ歯みがき フローラルミント【歯磨き】	t154fd427b
5685	15739855	inactive	pending	銀座ステファニー	【銀座ステファニー】ユーシモール ホワイトパープル デンタルリンス【歯磨き】	t9b46d2011
5686	15739854	inactive	pending	銀座ステファニー	【銀座ステファニー】リーチ ヒマラヤピンクソルト ポンプ歯みがき アイスミント【歯磨き】	t42e87bc0f
5687	15829839	inactive	pending	銀座ステファニー	【銀座ステファニー】ユーシモール ホワイトパープルトラベルセット【歯ブラシ】	tc4e84b681
5688	15910175	inactive	pending	カネヨ石鹸	【カネヨ石鹸】薬用ハンドソープ【ハンドソープ】	tfbd25f82a
5689	15910174	inactive	pending	カネヨ石鹸	【カネヨ石鹸】カネヨレモンせっけんハンドソープ【ハンドソープ】	t50313099c
5690	15910173	inactive	pending	カネヨ石鹸	【カネヨ石鹸】カネヨ水せっけん【ハンドソープ】	t5c47440b9
5691	15977382	inactive	pending	貝印	【貝印】なでそり【女性用カミソリ】	t3cfbdf329
5692	15995330	inactive	pending	熊野油脂	【熊野油脂】ディブ ビタミンC＆乳酸菌 ハイドロモイスチャージェル【化粧品】	tcadde2990
5693	15995329	inactive	pending	熊野油脂	【熊野油脂】ビューアアルガン＆オリーブへアオイル【美容液】	t26a826cd3
5694	15995328	inactive	pending	熊野油脂	【熊野油脂】ディブ3種のオイルコンディショナー（馬油・椿油・ココナッツオイル）本体	t9273f3053
5695	16150168	inactive	pending	大王製紙	【大王製紙】エリエール ドデカシート 超ロング ボトル本体【フェイシャルペーパー・あぶらとり紙】	t3f44c24d5
5696	16150167	inactive	pending	大王製紙	【大王製紙】エリエール ドデカシート超ロングつめかえ用【フェイシャルペーパー・あぶらとり紙】	taa2d73893
5697	16150166	inactive	pending	大王製紙	【大王製紙】エリエール ドデカシート ロング 大容量本体【フェイシャルペーパー・あぶらとり紙】	t3f44c24d5
5698	16150165	inactive	pending	大王製紙	【大王製紙】エリエール ドデカシート ロング 大容量つめかえ用【フェイシャルペーパー・あぶらとり紙】	t3f44c24d5
5699	16150160	inactive	pending	ミニマム	【ミニマム】ディズニーこどもハピカ ミッキー＆フレンズ DBC−5YMF【歯ブラシ】	tc0df350aa
5700	16150159	inactive	pending	ミニマム	【ミニマム】ディズニーこどもハピカ ベイマックス DBC−5WBM【歯ブラシ】	tc0df350aa
5701	16150158	inactive	pending	ミニマム	【ミニマム】ディズニーこどもハピカ くまのプーさん DBC−5BGPS【歯ブラシ】	tc0df350aa
5702	16150157	inactive	pending	ミニマム	【ミニマム】ディズニーこどもハピカ トイ・ストーリー DBC−5GTS【歯ブラシ】	tc0df350aa
5703	16150156	inactive	pending	ミニマム	【ミニマム】NewこどもハピカV2ブルーDBK−52B【歯ブラシ】	t0d7b6e87a
5704	16150155	inactive	pending	ミニマム	【ミニマム】NewこどもハピカV2イエローDBK−52Y【歯ブラシ】	t0d7b6e87a
5705	16150154	inactive	pending	ミニマム	【ミニマム】テデハピカ6MIXムーミン TDC−6MNMX【歯ブラシ】	t2b85ec6f9
5706	16150153	inactive	pending	ミニマム	【ミニマム】テデハピカ6MIXクレヨンしんちゃん TDC−6SCMX【歯ブラシ】	t2b85ec6f9
5707	16150152	inactive	pending	熊野油脂	【熊野油脂】ファーマアクト 薬用 泡ハンドソープ 詰替 大容量 シトラスの香り【ハンドソープ】	t173a2aba0
5708	16150146	inactive	pending	デンタルプロ	【デンタルプロ】デンタルプロ歯ブラシコンパクト4本組【歯ブラシ】	t7ff3fe353
5709	16150151	inactive	pending	クロバー	【クロバー】クロバー 無添加ナチュラルソープ【石鹸】	tfbfddcfa7
5710	16063638	inactive	pending	コーヨー化成	【コーヨー化成】クールウェット超大判ボディシート詰め替え【制汗剤・デオドラント】	t10e502103
5711	16407225	inactive	pending	マンダム	【マンダム】ギャツビー フェイシャルウォッシュ パーフェクトスクラブ【洗顔】	t70cdb5feb
5712	16559718	inactive	pending	アヌシ	【アヌシ】TK−1108 CU−MADEクーメイドブラシ【ブラシ】	td01540d9a
5713	16559681	inactive	pending	貝印	【貝印】Groom！ 毛抜き【メイク】	t3166922c1
5714	16559651	inactive	pending	グリーンベル	【グリーンベル】匠の技 すす竹耳かき【メイク】	t33bc83606
5715	16559650	inactive	pending	ミニマム	【ミニマム】クレヨンしんちゃんハピカ パジャマ DBC−5BSC【歯ブラシ】	tc0df350aa
5716	16559644	inactive	pending	デンタルプロ	【デンタルプロ】デンタルプロ3DフィットREDふつう【歯ブラシ】	t4b55a47c2
5717	16559643	inactive	pending	デンタルプロ	【デンタルプロ】デンタルプロ3DフィットWHITEふつう【歯ブラシ】	t4b55a47c2
5718	16559642	inactive	pending	デンタルプロ	【デンタルプロ】デンタルプロ3DフィットBlackふつう【歯ブラシ】	t4b55a47c2
5719	16559683	inactive	pending	エスケー石鹸	【エスケー石鹸】あわだたないこどもハミガキ いちご香味【歯磨き】	tf421e9eed
5720	16678364	inactive	pending	貝印	【貝印】miness ボディ用カミソリ クラブパック【女性用カミソリ】	t868c1295b
5721	16881462	inactive	pending	エスケー石鹸	【エスケー石鹸】しっとりハンドソープ（詰替用）【ハンドソープ】	tb7052eb8a
5722	16881461	inactive	pending	エスケー石鹸	【エスケー石鹸】しっとりハンドソープ【ハンドソープ】	t451371090
5723	16829941	inactive	pending	シック(Schick)	シック イントゥイション 敏感肌用 ホルダー（本体＋刃1コ）お試し用【女性用カミソリ】	t2fa83aa7e
5724	16881465	inactive	pending	エスケー石鹸	【エスケー石鹸】コネコネマイせっけん【洗顔・クレンジング】	t846167b5f
5725	16881464	inactive	pending	エスケー石鹸	【エスケー石鹸】こだわり固形せっけん【洗顔・クレンジング】	t51d7d1b4b
5726	16881463	inactive	pending	エスケー石鹸	【エスケー石鹸】しっとり化粧せっけん【洗顔・クレンジング】	t8ac6e7c7f
5727	16881460	inactive	pending	エスケー石鹸	【エスケー石鹸】しっとりボディソープ（詰替用）【ボディソープ】	t5427a0b81
5728	16881459	inactive	pending	エスケー石鹸	【エスケー石鹸】薬用ソルトハミガキ（医薬部外品）【歯磨き】	te0697a564
5729	16829943	inactive	pending	熊野油脂	【熊野油脂】ソフトスクリット リンスインシャンプー【シャンプー】	t613ef4e87
5730	16829942	inactive	pending	熊野油脂	【熊野油脂】ソフトスクリット ボディソープ【ボディソープ】	t61f8ba698
5731	17094777	inactive	pending	貝印	【貝印】アイラッシュカーラーライトカーブ【メイク】	tbe038ea14
5732	17094776	inactive	pending	柳屋本店	【柳屋本店】ジェノス ヘアクリーム 超しっとり【スタイリング】	tc8ba85b83
5733	17119302	inactive	pending	九州フラワーサービス	【九州フラワーサービス】ペーパーソープ【ハンドソープ】	ta9d43a597
5734	17119290	inactive	pending	ロケット石鹸	【ロケット石鹸】薬用泡ハンドソープ金木犀の香り詰替用【ハンドソープ】	ta8c2b96e0
5735	17119289	inactive	pending	デンタルプロ	【デンタルプロ】トムとジェリー ベビーエイジ ハブラシ【歯ブラシ】	tdd90d5b95
5736	17119324	inactive	pending	サンスター	【サンスター】サンスター ガム・プラスペースト（リラックスミント）【歯磨き】	t26b3b291d
5737	17119286	inactive	pending	エスケー石鹸	【エスケー石鹸】うるおい化粧せっけん【洗顔・クレンジング】	t82acc8770
5738	17119276	inactive	pending	グラクソスミスクライン	【グラクソスミスクライン】カムテクト 歯ぐき＋美白ケア【歯磨き】	tcd355a15c
5739	17119275	inactive	pending	グラクソスミスクライン	【グラクソスミスクライン】カムテクト 歯ぐき＋口臭ケア【歯磨き】	tcd355a15c
5740	17218964	inactive	pending	平和メディク	【平和メディク】コットンZOOほそめ個包装【ベビー用品】	t5473e81de
5741	17218963	inactive	pending	マンダム	【マンダム】ギャツビー プレミアムタイプハイブリーチ【ヘアカラー・黒髪用】	t9e0b1dfee
5742	17218959	inactive	pending	コーセーコスメポート	【コーセーコスメポート】セラミエイド薬用ラッピングマスクつけかえ【ボディクリーム・ローション】	tbfc1a6c21
5743	17218958	inactive	pending	コーセーコスメポート	【コーセーコスメポート】セラミエイド薬用ラッピングマスク【ボディクリーム・ローション】	tbfc1a6c21
5744	17218957	inactive	pending	コーセーコスメポート	【コーセーコスメポート】セラミエイド薬用モイストチャージスプレー【化粧水・ローション】	ta1292e3ee
5745	17218956	inactive	pending	コーセーコスメポート	【コーセーコスメポート】セラミエイド薬用モイストチャージスプレー【化粧水・ローション】	t6bd22e14c
5746	17218940	inactive	pending	HADARIKI	【HADARIKI】ゴールドブロッサムモイスチャーローション【化粧水・ローション】	t10937b72b
5747	17218939	inactive	pending	HADARIKI	【HADARIKI】ゴールドブロッサムモイスチャークリーム【化粧品】	t10937b72b
5748	17310328	inactive	pending	グリーンベル	【グリーンベル】GTー316 先斜め毛抜き・ラバーグリップ【メイク】	t5c3e6a63c
5749	17310327	inactive	pending	グリーンベル	【グリーンベル】GTー315 先細毛抜き・ラバーグリップ【メイク】	t02e2d6d09
5750	17310326	inactive	pending	グリーンベル	【グリーンベル】Gー2250 抜ける毛抜き【メイク】	t34e396fa1
5751	17310315	inactive	pending	ヤマトエスロン	【ヤマトエスロン】チョコっとミニハブラシ【歯ブラシ】	t29fd46aeb
5752	17310305	inactive	pending	アイオニック	【アイオニック】キスユーワイドヘッド歯ブラシ本体ふつう【歯ブラシ】	t150fbbb3d
5753	17310304	inactive	pending	アイオニック	【アイオニック】キスユーワイドヘッド歯ブラシ替えやわらかめ【歯ブラシ】	t5e44fac24
5754	17310303	inactive	pending	アイオニック	【アイオニック】キスユーワイドヘッド歯ブラシ替えふつう【歯ブラシ】	t5e44fac24
5755	17310297	inactive	pending	スケーター	【スケーター】クリア歯ブラシ3本セット 名探偵コナン TBCR6T【歯ブラシ】	tccd5a7f93
5756	17310296	inactive	pending	スケーター	【スケーター】クリア歯ブラシ3本セット SGドローイング TBCR6T【歯ブラシ】	t94e90630c
5757	17310295	inactive	pending	スケーター	【スケーター】クリア歯ブラシ3本セット SG夢みるしっぽず TBCR5T【歯ブラシ】	t232dcaf65
5758	17310294	inactive	pending	スケーター	【スケーター】クリア歯ブラシ3本セット SNOOPY26 TBCR5T【歯ブラシ】	t2e6ee00be
5759	17310332	inactive	pending	柳屋本店	【柳屋本店】レディース毛乳源 薬用育毛スプレー ＜めぐらせケア＞【育毛剤・養毛剤】	t4636a2d8c
5760	17310301	inactive	pending	日本盛	【日本盛】日本酒のオールインワンジェルクリーム【化粧品】	te96a4d57d
5761	17384640	inactive	pending	スケーター	【スケーター】歯ブラシケース パペットスンスン TBC2【歯ブラシ】	t92b30f3d9
5762	17384639	inactive	pending	スケーター	【スケーター】歯ブラシ おぱんちゅうさぎ TB6ST【歯ブラシ】	t6bba9db6c
5763	17384638	inactive	pending	スケーター	【スケーター】歯ブラシ SGドローイング TB6ST【歯ブラシ】	t6bba9db6c
5764	17384637	inactive	pending	スケーター	【スケーター】歯ブラシ パペットスンスン TBN1W【歯ブラシ】	tfb9b50df5
5765	17384632	inactive	pending	スケーター	【スケーター】クリア歯ブラシ3P SG夢見るしっぽず TB5SCT【歯ブラシ】	t208adc934
5766	17384672	inactive	pending	加美乃素本舗	【加美乃素本舗】レディース加美乃素PREMIUM【育毛剤・養毛剤】	t702d5adf6
5767	17384668	inactive	pending	平和メディク	【平和メディク】コットンZOOみみかきこっとん【ベビー用品】	t83e507a7d
5768	17384667	inactive	pending	平和メディク	【平和メディク】コットンZOOローション付き綿棒【ベビー用品】	t01f54a4d5
5769	17384666	inactive	pending	マンダム	【マンダム】ギャツビー ムービングロックスプレー モイスト＆ハード【スタイリング】	t1f9ef6bb7
5770	17384665	inactive	pending	マンダム	【マンダム】ギャツビー ムービングロックスプレー エクストラハード【スタイリング】	t9dbb8cf15
5771	17384664	inactive	pending	マンダム	【マンダム】ギャツビー ムービングラバー ワイルドシェイク【スタイリング】	tec98334fa
5772	17384663	inactive	pending	マンダム	【マンダム】ギャツビー ムービングラバー ワイルドシェイク モバイルタイプ【スタイリング】	tec98334fa
5773	17384662	inactive	pending	マンダム	【マンダム】ギャツビー ムービングラバー ルーズシャッフル【スタイリング】	t6726be6c2
5774	17384661	inactive	pending	マンダム	【マンダム】ギャツビー ムービングラバー ルーズシャッフル モバイルタイプ【スタイリング】	t6726be6c2
5775	17384660	inactive	pending	マンダム	【マンダム】ギャツビー ムービングラバー プレイフルムーブ【スタイリング】	t8cbe41f55
5776	17384659	inactive	pending	マンダム	【マンダム】ギャツビー ムービングラバー プレイフルムーブ モバイルタイプ【スタイリング】	t8cbe41f55
5777	17384658	inactive	pending	マンダム	【マンダム】ギャツビー ムービングラバー フェザーアクティブ【スタイリング】	t4ed80c1ee
5778	17384657	inactive	pending	マンダム	【マンダム】ギャツビー ムービングラバー フェザーアクティブ モバイルタイプ【スタイリング】	t4ed80c1ee
5779	17384656	inactive	pending	マンダム	【マンダム】ギャツビー ムービングラバー スパイキーエッジ【スタイリング】	t7c3bf907b
5780	17384655	inactive	pending	マンダム	【マンダム】ギャツビー ムービングラバー スパイキーエッジ モバイルタイプ【スタイリング】	t7c3bf907b
5781	17384654	inactive	pending	マンダム	【マンダム】ギャツビー ムービングラバー グロスライズ【スタイリング】	tb3b35cb56
5782	17384653	inactive	pending	マンダム	【マンダム】ギャツビー ムービングラバー グロスライズ モバイルタイプ【スタイリング】	tb3b35cb56
5783	17384652	inactive	pending	マンダム	【マンダム】ギャツビー ムービングラバー クールウェット【スタイリング】	tb90bffa47
5784	17384651	inactive	pending	マンダム	【マンダム】ギャツビー ムービングラバー クールウェット モバイルタイプ【スタイリング】	tb90bffa47
5785	17384650	inactive	pending	マンダム	【マンダム】ギャツビー ムービングラバー カジュアルマット【スタイリング】	t10c25709b
5786	17384649	inactive	pending	マンダム	【マンダム】ギャツビー ムービングラバー カジュアルマット モバイルタイプ【スタイリング】	t10c25709b
5787	17384648	inactive	pending	マンダム	【マンダム】ギャツビー ムービングラバー エクストリームマット モバイルタイプ【スタイリング】	t8064b2257
5788	17384647	inactive	pending	マンダム	【マンダム】ギャツビー ムービングラバー エクストリームマット【スタイリング】	t8064b2257
5789	17384646	inactive	pending	マンダム	【マンダム】ギャツビー ムービングラバー エアロモーション【スタイリング】	te41a2b372
5790	17384645	inactive	pending	マンダム	【マンダム】ギャツビー ムービングラバー エアロモーション モバイルタイプ【スタイリング】	te41a2b372
5791	17384644	inactive	pending	マンダム	【マンダム】ビフェスタ 泡ピーリング洗顔 ポアクリア【洗顔・クレンジング】	t97259f58a
5792	17384643	inactive	pending	マンダム	【マンダム】ビフェスタ 泡ピーリング洗顔 スムースグロウ【洗顔・クレンジング】	tc18af432b
5793	17384595	inactive	pending	地の塩社	【地の塩社】ロカヒスト ヘアトリートメントオイル【美容液】	t3ff40c943
5794	17384576	inactive	pending	アース製薬	【アース製薬】モンダミン ナイトクリア つめかえ【マウスウォッシュ】	t51f5d687f
5795	17384575	inactive	pending	アース製薬	【アース製薬】モンダミン ナイトクリア つめかえ大容量【マウスウォッシュ】	t51f5d687f
5796	17384574	inactive	pending	アース製薬	【アース製薬】モンダミンプレミアムケア シトラスミント【マウスウォッシュ】	t25b40023d
5797	17384573	inactive	pending	アース製薬	【アース製薬】モンダミンプレミアムケア シトラスミントつめかえ【マウスウォッシュ】	t25b40023d
5798	17384572	inactive	pending	アース製薬	【アース製薬】モンダミンプレミアムケア シトラスミントつめかえ【マウスウォッシュ】	t25b40023d
5799	17474529	inactive	pending	熊野油脂	【熊野油脂】DEVE MEN ホットシェービングジェル【シェービング】	t9af373e2a
5800	17474527	inactive	pending	熊野油脂	【熊野油脂】四季折々 薬用 柿渋 泡ハンドソープ 詰替 大容量【ハンドソープ】	t9f6a13893
5801	17474526	inactive	pending	熊野油脂	【熊野油脂】四季折々 薬用 柿渋 泡ハンドソープ 本体【ハンドソープ】	t9f6a13893
5802	17474502	inactive	pending	スケーター	【スケーター】クリア歯ブラシ3本セット パペットスンスン TBCR6T【歯ブラシ】	t04e24abee
5803	17474501	inactive	pending	スケーター	【スケーター】クリア歯ブラシ3本セット SNOOPY26 TBCR6T【歯ブラシ】	t9439b3416
5804	17474571	inactive	pending	銀座ステファニー	【銀座ステファニー】ユーシモールホワイトピンク【歯磨き】	t7c38aec32
5805	17474570	inactive	pending	銀座ステファニー	【銀座ステファニー】ユーシモールホワイトパープル【歯磨き】	tac53f03ef
5806	17474569	inactive	pending	銀座ステファニー	【銀座ステファニー】ユーシモールオリジナル【歯磨き】	t9190881aa
5807	17474568	inactive	pending	コーセーコスメポート	【コーセーコスメポート】グレイスワンリンクルケアリンクルリフトVセラム【化粧品】	t69077ae3f
5808	17474567	inactive	pending	コーセーコスメポート	【コーセーコスメポート】クリアターンごめんね素肌洗顔【洗顔・クレンジング】	td2be3c013
5809	17474566	inactive	pending	コーセーコスメポート	【コーセーコスメポート】クリアターンごめんね素肌クリーム【化粧品】	td23c97368
5810	17474565	inactive	pending	コーセーコスメポート	【コーセーコスメポート】クリアターンごめんね素肌キニナル洗顔【洗顔・クレンジング】	t9032860ad
5811	17474564	inactive	pending	コーセーコスメポート	【コーセーコスメポート】クリアターンごめんね素肌いうのまにクリーム【化粧品】	te544d75c2
5812	17474563	inactive	pending	コーセーコスメポート	【コーセーコスメポート】クリアターンクリ二ショットファーミングマスク【シートマスク】	t6a71f7856
5813	17474562	inactive	pending	コーセーコスメポート	【コーセーコスメポート】クリアターンクリ二ショットファーミングマスク【シートマスク】	td1079e222
5814	17474559	inactive	pending	アロインス化粧品	【アロインス化粧品】パルコレボディミルク UR【ボディクリーム・ローション】	tc13c928ba
5815	17474558	inactive	pending	アロインス化粧品	【アロインス化粧品】パルコレボディミルク SR【ボディクリーム・ローション】	tb37e4daf0
5816	17474557	inactive	pending	アロインス化粧品	【アロインス化粧品】パルコレハンドクリーム UR【ハンドクリーム】	tb981dcf33
5817	17474556	inactive	pending	アロインス化粧品	【アロインス化粧品】パルコレハンドクリーム SR【ハンドクリーム】	tda4ed56ba
5818	17474555	inactive	pending	ファイントゥデイ	【ファイントゥデイ】AG24メン 薬用ボディクレンズ モイストかえ	t7b125f4f1
5819	17474554	inactive	pending	ファイントゥデイ	【ファイントゥデイ】AG24メン 薬用ボディクレンズ モイスト	t34ab9cd4f
5820	17474553	inactive	pending	ファイントゥデイ	【ファイントゥデイ】フィーノプレミアムタッチ浸透美容液ヘアミルク【スタイリング】	t87f17f039
5821	17474552	inactive	pending	クラシエ	【クラシエ】いち髪 PREMIER ウォータリーミルクトリートメント【スタイリング】	tfc0d20e84
5822	17474551	inactive	pending	クラシエ	【クラシエ】マー＆ミー スキンケア ボディミルクローション 詰替用【ボディクリーム・ローション】	t8c79c4b11
5823	17474550	inactive	pending	クラシエ	【クラシエ】マー＆ミー スキンケア ボディミルクローション ポンプ【ボディクリーム・ローション】	t8c79c4b11
5824	17474549	inactive	pending	クラシエ	【クラシエ】マー＆ミー スキンケア ボディミルク 詰替用【ボディクリーム・ローション】	ta5ba0647e
5825	17474548	inactive	pending	クラシエ	【クラシエ】マー＆ミー スキンケア ボディミルク ポンプ【ボディクリーム・ローション】	ta5ba0647e
5826	17474547	inactive	pending	クラシエ	【クラシエ】いち髪 PREMIER セラムトリートメント （シルキースムース） 詰替用	t464d8dff7
5827	17474546	inactive	pending	クラシエ	【クラシエ】いち髪 PREMIER セラムトリートメント （シルキースムース） ポンプ	t464d8dff7
5828	17474545	inactive	pending	クラシエ	【クラシエ】いち髪 PREMIER セラムトリートメント （リペアモイスト） 詰替用	t4ecbdecaf
5829	17474544	inactive	pending	クラシエ	【クラシエ】いち髪 PREMIER セラムトリートメント （リペアモイスト） ポンプ	t4ecbdecaf
5830	17474543	inactive	pending	クラシエ	【クラシエ】いち髪 PREMIER トライアルセット（リペアモイスト）	tf7cdf935c
5831	17474542	inactive	pending	クラシエ	【クラシエ】いち髪 PREMIER ブースターシャンプー （リペアモイスト） 詰替用【シャンプー】	t58439e044
5832	17474541	inactive	pending	クラシエ	【クラシエ】いち髪 PREMIER ブースターシャンプー （リペアモイスト） ポンプ【シャンプー】	t232e17244
5833	17474540	inactive	pending	クラシエ	【クラシエ】いち髪 PREMIER トライアルセット（シルキースムース）	tf7cdf935c
5834	17474539	inactive	pending	クラシエ	【クラシエ】いち髪 PREMIER ブースターシャンプー （シルキースムース） 詰替用【シャンプー】	t02a84e1c7
5835	17474538	inactive	pending	クラシエ	【クラシエ】いち髪 PREMIER ブースターシャンプー （シルキースムース） ポンプ【シャンプー】	t02a84e1c7
5836	17474528	inactive	pending	熊野油脂	【熊野油脂】麗白 ハトムギ ボディクリーム【ボディクリーム・ローション】	t789461249
5837	17474525	inactive	pending	熊野油脂	【熊野油脂】四季折々 薬用 柿渋 足洗いソープ【ボディソープ】	t0382ea0d5
5838	17474524	inactive	pending	熊野油脂	【熊野油脂】四季折々 薬用 柿渋 ボディソープ 炭配合 本体【ボディソープ】	t3f5244498
5839	17474523	inactive	pending	熊野油脂	【熊野油脂】四季折々 薬用 柿渋 ボディソープ 弱酸性 詰替 大容量【ボディソープ】	tb55a7233c
5840	17474522	inactive	pending	熊野油脂	【熊野油脂】四季折々 薬用 柿渋 ボディソープ 弱酸性 本体【ボディソープ】	tb55a7233c
5841	17552649	inactive	pending	カネヨ石鹸	【カネヨ石鹸】無添加泡のせっけんボディソープ【ボディソープ】	t528a4d081
5842	17552648	inactive	pending	ユニリーバ	【ユニリーバ】ダヴ クリーミースクラブ ザクロ＆シアバター【ボディソープ】	t8ebac59a3
5843	17576211	inactive	pending	サラヤ	【サラヤ】ウォシュボン ハーバル薬用ハンドソープ ベルガモット＆パチョリ 詰替用 500mL	tb5a931e0d
5844	17576210	inactive	pending	サラヤ	【サラヤ】ウォシュボン ハーバル薬用ハンドソープ ベルガモット＆パチョリ 310mL【ハンドソープ】	t4cc3bcc8d
5845	17576209	inactive	pending	サラヤ	【サラヤ】ハンドラボ 薬用泡ハンドソープ 詰替用 500mL【ハンドソープ】	t751ff31d0
5846	17576208	inactive	pending	サラヤ	【サラヤ】ハンドラボ 薬用泡ハンドソープ 詰替用 2．7L【ハンドソープ】	ta6a3e3651
5847	17576207	inactive	pending	サラヤ	【サラヤ】ハンドラボ 薬用泡ハンドソープ 300mL【ハンドソープ】	tbac279582
5848	17576175	inactive	pending	コットンラボ	【コットンラボ】ふわピュアソフトリッチコットンラージ【コットン】	t2c6b99466
5849	17576174	inactive	pending	コットンラボ	【コットンラボ】コットン・ラボ うるふかコットンパフ アルガンオイル【コットン】	tc135b8d1b
5850	17576170	inactive	pending	貝印	【貝印】HL0603 ニュースタンダードツメキリ L【ネイルケア】	t9c4820d65
5851	17576152	inactive	pending	カネヨ石鹸	【カネヨ石鹸】無添加せっけんハンドソープ【ハンドソープ】	tab241628f
5852	17576225	inactive	pending	ウテナ	【ウテナ】ミーアンドハー ミルキィグロスジェル【スタイリング】	t43299d5f4
5853	17576224	inactive	pending	ウテナ	【ウテナ】ミーアンドハー ミルキィグロスジェルモアシャイン【スタイリング】	t4f5d5f2ed
5854	17576213	inactive	pending	サラヤ	【サラヤ】アラウ．ベビー ミルキーローション 詰替用 260mL【ベビー用品】	t58d5fa876
5855	17576212	inactive	pending	サラヤ	【サラヤ】アラウ．ベビー ミルキーローション 300mL【ベビー用品】	t3110c7ef4
5856	17576206	inactive	pending	三宝商事	【三宝商事】テンスターファインヘナラベンダーの香りブラウン【ヘアカラー・白髪用】	te3891afad
5857	17576205	inactive	pending	三宝商事	【三宝商事】テンスターファインヘナラベンダーの香りダークブラウン【ヘアカラー・白髪用】	te3891afad
5858	17576200	inactive	pending	サンスター	【サンスター】ガム・プレミアム デンタルペースト トータルケアEX ［マイルドミント］【歯磨き】	t901c38c5b
5859	17576199	inactive	pending	サンスター	【サンスター】ガム・プレミアム デンタルペースト トータルケアEX ［マイルドミント］【歯磨き】	t33bc83606
5860	17576198	inactive	pending	サンスター	【サンスター】ガム・プレミアム デンタルペースト トータルケアEX ［マイルドミント］【歯磨き】	t33bc83606
5861	17576197	inactive	pending	サンスター	【サンスター】ガム・プレミアム デンタルペースト トータルケアEX ［クリーンミント］【歯磨き】	t901c38c5b
5862	17576194	inactive	pending	ユニリーバ	【ユニリーバ】ラックス スーパーリッチシャイン キンモクセイ コンディショナー つめかえ用	t1e417d553
5863	17576193	inactive	pending	ユニリーバ	【ユニリーバ】ラックス スーパーリッチシャイン キンモクセイ シャンプー つめかえ用【シャンプー】	t1e417d553
5864	17576190	inactive	pending	ユニリーバ	【ユニリーバ】ダヴ ふわとろボディウォッシュ ピーチホワイトティー つめかえ用【ボディソープ】	t38f5a6329
5865	17576189	inactive	pending	ユニリーバ	【ユニリーバ】ダヴ ふわとろボディウォッシュ ピーチホワイトティー【ボディソープ】	t38f5a6329
5866	17576188	inactive	pending	ユニリーバ	【ユニリーバ】ダヴ ふわとろクリーミースクラブ ピーチホワイトティー【ボディソープ】	te31499da1
5867	17576187	inactive	pending	ユニリーバ	【ユニリーバ】ダヴ ふわとろクリーミースクラブ ピーチホワイトティー チューブ【ボディソープ】	t0ae2f160e
5868	17576186	inactive	pending	ユニリーバ	ダヴ ビューティーモイスチャー 泡ボディウォッシュ ピーチホワイトティー つめかえ用	t85333bb13
5869	17576185	inactive	pending	ユニリーバ	ダヴ ビューティーモイスチャー 泡ボディウォッシュ ピーチホワイトティー ポンプ	t85333bb13
5870	17576184	inactive	pending	ホーユー	【ホーユー】シエロ カラートリートメント リタッチ用 ピンクブラウン【ヘアカラー・白髪用】	t6fe73dce5
5871	17576183	inactive	pending	ホーユー	【ホーユー】シエロ カラートリートメント リタッチ用 ライトブラウン【ヘアカラー・白髪用】	t6fe73dce5
5872	17576182	inactive	pending	ホーユー	【ホーユー】シエロ カラートリートメント リタッチ用 アッシュベージュ【ヘアカラー・白髪用】	t6fe73dce5
5873	17576181	inactive	pending	ホーユー	【ホーユー】シエロ カラートリートメント 全体用 ピンクブラウン【ヘアカラー・白髪用】	t6fe73dce5
5874	17576180	inactive	pending	ホーユー	【ホーユー】シエロ カラートリートメント 全体用 ライトブラウン【ヘアカラー・白髪用】	t6fe73dce5
5875	17576179	inactive	pending	ホーユー	【ホーユー】シエロ カラートリートメント 全体用【ヘアカラー・白髪用】	t6fe73dce5
5876	17576159	inactive	pending	HADARIKI	【HADARIKI】シ ミラクル フェイスクリーム【化粧品】	t8c8ab2aed
5877	17576158	inactive	pending	HADARIKI	【HADARIKI】イボ・ト・リッチ フェイスクリーム【化粧品】	t93d5faecc
5878	17576157	inactive	pending	日本盛	【日本盛】日本酒の超しっとり濃密マスク【シートマスク】	tdc96ad8f5
5879	17576151	inactive	pending	ビタットジャパン	【ビタットジャパン】オクチレモン ボトルタイプ【マウスウォッシュ】	t8ba3a2d7a
5880	17576150	inactive	pending	コーセーコスメポート	【コーセーコスメポート】クリアターン クリニショット モイストリフトマスク【シートマスク】	t69cf53aaa
5881	17474561	inactive	pending	グラクソスミスクライン	【グラクソスミスクライン】シュミテクト 歯周病プラスEXプレミアム マイルドミント〈1450ppm〉	t19a868eb4
5882	17474560	inactive	pending	グラクソスミスクライン	【グラクソスミスクライン】シュミテクト 歯周病プラスEXプレミアム リフレッシュミント〈1450ppm〉	t19a868eb4
5883	17675503	inactive	pending	バンダイ	【バンダイ】こどもハブラシ3本セット 仮面ライダーマイス【歯ブラシ】	t2ad44fc24
5884	17675499	inactive	pending	ミニマム	【ミニマム】Te De Hapica 6MIXパンどろぼうTDC−6PDMX【歯ブラシ】	t21d21ab84
5885	17675505	inactive	pending	バンダイ	【バンダイ】リンスインシャンプー 星のカービィ【シャンプー】	td2f8c6f32
5886	17675504	inactive	pending	バンダイ	【バンダイ】ZENBU WASH 仮面ライダーマイス【シャンプー】	tceee2cb07
5887	17675496	inactive	pending	三宝商事	【三宝商事】テンスターヘナフォーメンカラーシャンプーナチュラルブラック【ヘアカラー】	td5627993a
5888	17675491	inactive	pending	ウエラジャパン	【ウエラジャパン】ウエラトーン2＋1 クリームタイプ 9SA【ヘアカラー・白髪用】	t629b82632
5889	17675490	inactive	pending	ウエラジャパン	【ウエラジャパン】ウエラトーン2＋1 クリームタイプ 6CG【ヘアカラー・白髪用】	t629b82632
5890	17675487	inactive	pending	ユニリーバ	【ユニリーバ】ダヴ ボディウォッシュ ラベンダー＆オーツミルク つめかえ用【ボディソープ】	tef88d7922
5891	17675486	inactive	pending	ユニリーバ	【ユニリーバ】ダヴ ボディウォッシュ ラベンダー＆オーツミルク つめかえ用【ボディソープ】	tef88d7922
5892	17675485	inactive	pending	ユニリーバ	【ユニリーバ】ダヴ ボディウォッシュ ライスファーメント＆キンモクセイ ポンプ【ボディソープ】	t34bd595a7
5893	17675484	inactive	pending	ユニリーバ	【ユニリーバ】ダヴ ボディウォッシュ ライスファーメント＆キンモクセイ つめかえ用【ボディソープ】	t34bd595a7
5894	17675483	inactive	pending	ユニリーバ	【ユニリーバ】ダヴ ボディウォッシュ ライスファーメント＆キンモクセイ つめかえ用【ボディソープ】	t34bd595a7
5895	17675482	inactive	pending	ユニリーバ	【ユニリーバ】ダヴ ボディウォッシュ ライスファーメント＆キンモクセイ つめかえ用【ボディソープ】	t34bd595a7
5896	17675481	inactive	pending	ユニリーバ	【ユニリーバ】ダヴ ボディウォッシュ プレミアムモイスチャーケア ポンプ【ボディソープ】	t90db3a7ab
5897	17675480	inactive	pending	ユニリーバ	【ユニリーバ】ダヴ ボディウォッシュ ピーチ＆スイートピー ポンプ【ボディソープ】	t34bd595a7
5898	17675479	inactive	pending	ユニリーバ	【ユニリーバ】ダヴ ボディウォッシュ ピーチ＆スイートピー つめかえ用【ボディソープ】	t34bd595a7
5899	17675478	inactive	pending	ユニリーバ	【ユニリーバ】ダヴ ボディウォッシュ ピーチ＆スイートピー つめかえ用【ボディソープ】	t34bd595a7
5900	17675477	inactive	pending	ユニリーバ	【ユニリーバ】ダヴ ボディウォッシュ ピーチ＆スイートピー つめかえ用【ボディソープ】	t34bd595a7
5901	17675476	inactive	pending	ユニリーバ	【ユニリーバ】ダヴ ボディウォッシュ センシティブマイルド つめかえ用【ボディソープ】	t9c769d1bb
5902	17675475	inactive	pending	ユニリーバ	【ユニリーバ】ダヴ ボディウォッシュ センシティブマイルド つめかえ用【ボディソープ】	t9c769d1bb
5903	17675474	inactive	pending	ユニリーバ	【ユニリーバ】ダヴ ボディウォッシュ シトラス＆バーベナ つめかえ用【ボディソープ】	t20db11b99
5904	17675473	inactive	pending	ユニリーバ	【ユニリーバ】ダヴ ボディウォッシュ シトラス＆バーベナ つめかえ用【ボディソープ】	t20db11b99
5905	17675472	inactive	pending	ユニリーバ	【ユニリーバ】ダヴ ボディウォッシュ シアバター＆バニラ ポンプ【ボディソープ】	taaac9586f
5906	17675471	inactive	pending	ユニリーバ	【ユニリーバ】ダヴ ボディウォッシュ シアバター＆バニラ つめかえ用【ボディソープ】	taaac9586f
5907	17675470	inactive	pending	ユニリーバ	【ユニリーバ】ダヴ ボディウォッシュ シアバター＆バニラ つめかえ用【ボディソープ】	taaac9586f
5908	17675469	inactive	pending	ユニリーバ	【ユニリーバ】ダヴ ボディウォッシュ シアバター＆バニラ つめかえ用【ボディソープ】	taaac9586f
5909	17675468	inactive	pending	ユニリーバ	【ユニリーバ】ダヴ ボディウォッシュ プレミアムモイスチャーケア つめかえ用【ボディソープ】	t90db3a7ab
5910	17675467	inactive	pending	ユニリーバ	【ユニリーバ】ダヴ ボディウォッシュ プレミアム モイスチャーケア つめかえ用【ボディソープ】	t90db3a7ab
5911	17675466	inactive	pending	ユニリーバ	【ユニリーバ】ダヴ ボディウォッシュ プレミアムモイスチャーケア つめかえ用【ボディソープ】	t90db3a7ab
5912	17675457	inactive	pending	グラクソスミスクライン	【グラクソスミスクライン】ポリデント マウスピース用洗浄フォーム【入れ歯用】	tf06aef5bb
5913	17675456	inactive	pending	クラシエ	【クラシエ】ファルテア 保湿クリーム【化粧品】	te97e8902f
5914	17675455	inactive	pending	クラシエ	【クラシエ】ミュオ マスカラリムーバー【メイク落とし・クレンジング】	t91663c2dc
5915	17675451	inactive	pending	クラシエ	【クラシエ】YOHADA ボディウォッシュ ポンプ【ボディソープ】	t873899b54
5916	17675450	inactive	pending	クラシエ	【クラシエ】YOHADA ボディウォッシュ 詰替用【ボディソープ】	t25976b5fb
5917	17675449	inactive	pending	クラシエ	【クラシエ】YOHADA ボディウォッシュ トライアル【ボディソープ】	t25976b5fb
5918	17675410	inactive	pending	柳屋本店	【柳屋本店】柳屋 オイルイン ヘアミルク ＜椿＞【スタイリング】	t9a338b187
5919	17675409	inactive	pending	柳屋本店	【柳屋本店】COHARU ロックオイルスプレー ＜ヒートケア＆グロス＞【スタイリング】	td8c7df82b
5920	17696323	inactive	pending	サンスター	【サンスター】ガム・プレミアムデンタルブラシ ＃08 ［7列超幅広ヘッド・やわらかめ］【歯ブラシ】	ta424f6e93
5921	17696322	inactive	pending	サンスター	【サンスター】ガム・プレミアムデンタルブラシ ＃08 ［7列超幅広ヘッド・ふつう］【歯ブラシ】	t21aeadd23
5922	17800140	inactive	pending	貝印	【貝印】HL0059 手付コーム ベッ甲調【ブラシ】	t2b980894b
5923	17800139	inactive	pending	貝印	【貝印】HL0051 SS セットコーム（折りたたみ）【ブラシ】	t235a3ac1e
5924	17800138	inactive	pending	貝印	【貝印】HC3530 関孫六 握りやすいツメキリM【ネイルケア】	tccabb1eb8
5925	17800137	inactive	pending	貝印	【貝印】HC3528 関孫六 ルーペ付きツメキリ大口径M【ネイルケア】	td557d1d4d
5926	17800136	inactive	pending	貝印	【貝印】KE0128 ツメキリtype 003L【ネイルケア】	tcfc4bca40
5927	17800135	inactive	pending	貝印	【貝印】KE0127 ツメキリType003S【ネイルケア】	tb877978b7
5928	17800134	inactive	pending	貝印	【貝印】HL0609 SS ニッパーツメキリS【ネイルケア】	tc132727db
5929	17800133	inactive	pending	貝印	【貝印】HC3540 関孫六 薄刃オシャレハサミ【メイク】	t8abddc4ca
5930	17800132	inactive	pending	貝印	【貝印】HC3539 関孫六 薄刃セーフティハサミ【メイク】	t695ce41c4
5931	17800131	inactive	pending	貝印	【貝印】KQ3030 クシ付きマユハサミDX クリア【メイク】	t099143f0c
5932	17800130	inactive	pending	貝印	【貝印】KQ3019 洗顔用泡立てネット【メイク】	te7de667b2
5933	17800129	inactive	pending	貝印	【貝印】KQ0183 泡立てネット【メイク】	t7f62b11dc
5934	17800072	inactive	pending	バンダイ	【バンダイ】こどもハブラシ ちいかわ【歯ブラシ】	t59076ef40
5935	17800071	inactive	pending	バンダイ	【バンダイ】こどもハブラシ3本セット ディズニーキャラクターズ【歯ブラシ】	tf16a8b906
5936	17800043	inactive	pending	スケーター	【スケーター】園児用歯ブラシキャップ付 KUマシュグミ TB5ST【歯ブラシ】	t524b0ad3b
5937	17800042	inactive	pending	スケーター	【スケーター】園児用歯ブラシキャップ付 CNマシュグミ TB5ST【歯ブラシ】	t524b0ad3b
5938	17800020	inactive	pending	レキットベンキーザー	【レキットベンキーザー】ヴィートマシュマロホワイト 除毛クリーム【除毛・脱毛剤】	t0d53968e1
5939	17800019	inactive	pending	レキットベンキーザー	【レキットベンキーザー】ヴィートマシュマロホワイトプレミアム 除毛クリーム【除毛・脱毛剤】	t96300ea9d
5940	17800018	inactive	pending	レキットベンキーザー	【レキットベンキーザー】ヴィートピュア敏感肌用 除毛クリーム【除毛・脱毛剤】	t04f81fe5d
5941	17800074	inactive	pending	ミヨシ石鹸	【ミヨシ石鹸】MIYOSHI 無添加泡のボディソープ【ボディソープ】	t3ddf4db75
5942	17800073	inactive	pending	ミヨシ石鹸	【ミヨシ石鹸】MIYOSHI無添加泡のボディソープ リフィル【ボディソープ】	td475c6819
5943	17800027	inactive	pending	ダリヤ	【ダリヤ】サロンドプロ オイルリッチクリームヘアカラー（白髪用）ディープブラウン	t3d9d37658
5944	17800026	inactive	pending	ダリヤ	【ダリヤ】サロンドプロ オイルリッチクリームヘアカラー（白髪用）クールアッシュ	t0939f8cc5
5945	17800025	inactive	pending	ダリヤ	【ダリヤ】サロンドプロ オイルリッチクリームヘアカラー（白髪用）ロイヤルグレージュ	tc0d61a168
5946	17800023	inactive	pending	レキットベンキーザー	【レキットベンキーザー】ヴィートメン マイルド敏感肌用 除毛クリーム【化粧品】	ta3204f928
5947	17800022	inactive	pending	レキットベンキーザー	【レキットベンキーザー】ヴィートメン スムースプロ 除毛クリーム【化粧品】	tae32c02bc
5948	17800021	inactive	pending	レキットベンキーザー	【レキットベンキーザー】ヴィートメン スムースブラック 除毛クリーム【化粧品】	t51363b88f
5949	17800016	inactive	pending	ヘンケルジャパン	【ヘンケルジャパン】サイオス ヘアコンシーラー アッシュブラック	tee8c88dc4
5950	17800015	inactive	pending	ヘンケルジャパン	【ヘンケルジャパン】サイオス カラージェニック ミルキーヘアカラーシルキーグレージュ	t5f8ebb133
5951	17800014	inactive	pending	ヘンケルジャパン	【ヘンケルジャパン】サイオス オレオクリーム ヘアカラー 4GR グロウグレージュ	t007e4f534
5952	17799982	inactive	pending	牛乳石鹸共進社	【牛乳石鹸共進社】カウブランド 無添加メイク落としミルク 詰替用【メイク落とし・クレンジング】	tde1fc0194
5953	17799981	inactive	pending	牛乳石鹸共進社	【牛乳石鹸共進社】カウブランド 無添加メイク落としオイル 詰替用【メイク落とし・クレンジング】	t2c8ffb7ee
5954	17799980	inactive	pending	牛乳石鹸共進社	【牛乳石鹸共進社】カウブランド 無添加メイク落としミルク ポンプ付【メイク落とし・クレンジング】	tde1fc0194
5955	17799979	inactive	pending	牛乳石鹸共進社	【牛乳石鹸共進社】カウブランド 無添加メイク落としオイル ポンプ付【メイク落とし・クレンジング】	t2c8ffb7ee
5956	17799978	inactive	pending	牛乳石鹸共進社	【牛乳石鹸共進社】バウンシア ボディソープ ホワイトソープの香り ポンプ付【ボディソープ】	t4799ac36d
5957	17799977	inactive	pending	牛乳石鹸共進社	【牛乳石鹸共進社】バウンシア ボディソープ ホワイトソープの香り 詰替用【ボディソープ】	tf674cdf53
5958	17799976	inactive	pending	牛乳石鹸共進社	【牛乳石鹸共進社】バウンシア ボディソープ プレミアムモイスト 詰替用【ボディソープ】	td6d83f566
5959	17799975	inactive	pending	牛乳石鹸共進社	【牛乳石鹸共進社】バウンシア ボディソープ プレミアムモイスト ポンプ付【ボディソープ】	td6d83f566
5960	17799974	inactive	pending	牛乳石鹸共進社	【牛乳石鹸共進社】バウンシア ボディソープ エアリーブーケの香り 詰替用【ボディソープ】	tf674cdf53
5961	17799973	inactive	pending	牛乳石鹸共進社	【牛乳石鹸共進社】バウンシア ボディソープ エアリーブーケの香り ポンプ付【ボディソープ】	tf674cdf53
5962	17799970	inactive	pending	ホーユー	【ホーユー】ビューティラボカラーセラム ラベンダーブラウン【ヘアカラー・黒髪用】	ta3f8e3f3a
5963	17799969	inactive	pending	ホーユー	【ホーユー】ビューティラボカラーセラム ラテグレージュ【ヘアカラー・黒髪用】	ta3f8e3f3a
5964	17799968	inactive	pending	ホーユー	【ホーユー】ビューティラボカラーセラム モカベージュ【ヘアカラー・黒髪用】	ta3f8e3f3a
5965	17799967	inactive	pending	ホーユー	【ホーユー】ビューティラボカラーセラム ミルクブラウン【ヘアカラー・黒髪用】	ta3f8e3f3a
5966	17799966	inactive	pending	ホーユー	【ホーユー】ビューティラボカラーセラム ミルクティベージュ【ヘアカラー・黒髪用】	ta3f8e3f3a
5967	17799965	inactive	pending	ホーユー	【ホーユー】ビューティラボカラーセラム ピンクブラウン【ヘアカラー・黒髪用】	tfd3fd5045
5968	17799964	inactive	pending	ホーユー	【ホーユー】ビューティラボカラーセラム ピンクベージュ【ヘアカラー・黒髪用】	ta3f8e3f3a
5969	17799963	inactive	pending	ホーユー	【ホーユー】ビューティラボカラーセラム チョコレートブラウン【ヘアカラー・黒髪用】	ta3f8e3f3a
5970	17799962	inactive	pending	ホーユー	【ホーユー】ビューティラボカラーセラム チェリーブラウン【ヘアカラー・黒髪用】	ta3f8e3f3a
5971	17799961	inactive	pending	ホーユー	【ホーユー】ビューティラボカラーセラム ココアブラウン【ヘアカラー・黒髪用】	ta3f8e3f3a
5972	17799960	inactive	pending	ホーユー	【ホーユー】ビューティラボカラーセラム アッシュブラウン【ヘアカラー・黒髪用】	ta3f8e3f3a
